claim_id,worker_id,event_id,worker_age,worker_zone,platform,vehicle_type,months_active,avg_weekly_earnings_inr,work_hours_daily,multiplatform,season,trigger_type,geo_risk,temporal_risk,combined_risk,gps_zone_match,gps_network_delta_m,accel_variance,mock_location_flag,speed_anomaly,gps_trust_score,claim_latitude,claim_longitude,weather_api_match,rainfall_mm_hr,heat_index_celsius,aqi,claims_this_month,earnings_deviation,peer_claim_ratio,platform_login_active,order_availability,duplicate_upi_event,loyalty_score,loyalty_discount,weekly_premium_inr,hours_disrupted,payout_amount_inr,risk_score,decision,is_fraud
C000000,W00700,EVT0482,22,Gurgaon,Zepto,Bike,43,4115.57,9.7,0,Post-Monsoon,Extreme Heat,0.3,0.1,0.4,0.439,1068.7,0.056,0,1,0.4209,28.210462,76.966013,0.511,0.7,29.8,108,0,0.691,0.287,0,0,0,0.8958,0.1792,55.24,1,150,39,MANUAL_REVIEW,1
C000003,W00806,EVT0222,41,Gurgaon,Instamart,Bike,6,2930.16,10.0,1,Winter,Flooding,0.3,0.05,0.35,0.126,527.1,0.256,1,1,0.2969,28.57326,77.345614,0.448,27.6,32.3,86,0,0.742,0.2,0,0,0,0.125,0.025,64.12,5,750,59,MANUAL_REVIEW,1
C000033,W01169,EVT0457,31,West Delhi,Swiggy,EV Scooter,41,4606.87,8.8,0,Summer,Extreme Heat,0.25,0.2,0.45,0.49,902.5,0.242,0,1,0.4848,28.875962,77.033245,0.471,0.6,30.6,194,0,0.702,0.031,0,0,0,0.8542,0.1708,57.12,2,300,43,MANUAL_REVIEW,1
C000037,W00621,EVT0380,36,Saket,Zepto,Bicycle,22,4183.84,7.7,0,Monsoon,Severe Pollution,0.14,0.3,0.44,0.031,1005.9,0.225,1,0,0.184,28.114708,76.823073,0.398,24.9,36.0,122,0,0.878,0.067,0,0,0,0.4583,0.0917,61.17,4,600,68,MANUAL_REVIEW,1
C000056,W00229,EVT0230,31,South Delhi,Zomato,Bike,25,2362.06,8.0,0,Post-Monsoon,Extreme Heat,0.1,0.1,0.2,0.511,537.4,0.013,1,0,0.4251,28.475276,76.878265,0.371,3.2,30.2,137,0,0.566,0.235,0,0,0,0.5208,0.1042,48.61,1,150,48,MANUAL_REVIEW,1
C000076,W01369,EVT0442,44,Connaught Place,Instamart,Bicycle,31,3853.75,11.7,0,Winter,Heavy Rainfall,0.15,0.05,0.2,0.494,832.7,0.238,1,0,0.3965,28.516487,77.152447,0.011,31.5,28.2,163,0,0.616,0.224,1,0,0,0.6458,0.1292,50.82,3,450,54,MANUAL_REVIEW,1
C000081,W01001,EVT0008,35,Lajpat Nagar,Swiggy,Bike,36,3441.69,10.9,0,Winter,Social Disruption,0.12,0.05,0.17,0.36,1317.0,0.252,1,0,0.2717,28.498821,77.198639,0.15,26.3,29.7,178,0,0.8,0.117,0,0,0,0.75,0.15,49.0,4,600,59,MANUAL_REVIEW,1
C000083,W00182,EVT0422,42,Connaught Place,Swiggy,Bike,41,2956.67,8.0,0,Monsoon,Severe Pollution,0.15,0.3,0.45,0.182,556.9,0.275,0,0,0.4168,28.432006,77.216216,0.154,1.2,31.6,209,0,0.666,0.33,1,0,0,0.8542,0.1708,57.73,5,750,60,MANUAL_REVIEW,1
C000092,W00075,EVT0491,32,Faridabad,Zomato,Bike,24,3693.13,9.5,1,Monsoon,Flooding,0.32,0.3,0.62,0.195,974.3,0.198,0,1,0.3517,28.249703,77.135434,0.227,24.2,36.2,266,0,0.875,0.024,1,0,0,0.5,0.1,69.74,3,450,56,MANUAL_REVIEW,1
C000100,W01171,EVT0271,20,Faridabad,Zepto,Bicycle,41,4197.12,8.2,0,Monsoon,Extreme Heat,0.32,0.3,0.62,0.198,1289.2,0.212,1,0,0.207,28.355944,76.665698,0.225,0.7,29.5,196,0,0.897,0.265,1,0,0,0.8542,0.1708,68.53,1,150,65,MANUAL_REVIEW,1
C000108,W00711,EVT0185,38,East Delhi,Zepto,Bike,18,5631.28,7.4,0,Monsoon,Flooding,0.35,0.3,0.65,0.316,1270.6,0.177,1,1,0.2535,28.134023,77.461867,0.159,11.4,33.0,272,0,0.757,0.096,0,0,0,0.375,0.075,77.55,6,900,63,MANUAL_REVIEW,1
C000121,W01201,EVT0370,36,Dwarka,BigBasket,Bike,30,3945.18,8.3,1,Monsoon,Severe Pollution,0.22,0.3,0.52,0.53,1823.1,0.051,1,1,0.2436,28.209188,76.787236,0.294,9.4,29.7,149,0,0.738,0.042,0,0,0,0.625,0.125,64.52,1,150,52,MANUAL_REVIEW,1
C000142,W00544,EVT0208,25,East Delhi,Swiggy,Bike,28,4445.95,9.1,1,Monsoon,Severe Pollution,0.35,0.3,0.65,0.189,458.8,0.007,1,0,0.3075,28.14714,77.548978,0.415,11.7,37.5,221,0,0.565,0.343,1,0,0,0.5833,0.1167,70.19,3,450,60,MANUAL_REVIEW,1
C000167,W00608,EVT0493,21,Saket,Instamart,Bike,38,3776.98,7.9,0,Post-Monsoon,Social Disruption,0.14,0.1,0.24,0.153,584.4,0.042,0,0,0.3777,28.523285,76.677525,0.119,22.7,34.4,343,0,0.505,0.236,1,0,0,0.7917,0.1583,49.69,3,450,64,MANUAL_REVIEW,1
C000184,W01441,EVT0362,22,South Delhi,Instamart,EV Scooter,39,4761.01,10.3,0,Summer,Extreme Heat,0.1,0.2,0.3,0.444,370.7,0.221,1,1,0.4441,28.350964,77.583801,0.063,3.4,35.1,238,0,0.39,0.286,0,0,0,0.8125,0.1625,57.23,3,450,56,MANUAL_REVIEW,1
C000202,W01082,EVT0091,39,North Delhi,Zomato,EV Scooter,40,3483.88,10.2,0,Summer,Flooding,0.2,0.2,0.4,0.237,804.2,0.262,0,0,0.4004,28.965454,76.922515,0.499,1.1,30.0,320,0,0.778,0.087,1,0,0,0.8333,0.1667,56.76,2,300,48,MANUAL_REVIEW,1
C000203,W00197,EVT0035,25,South Delhi,Instamart,Bike,14,3958.41,6.6,1,Post-Monsoon,Extreme Heat,0.1,0.1,0.2,0.548,866.7,0.243,1,1,0.4135,28.625186,77.444108,0.253,1.4,39.8,91,0,0.515,0.138,1,1,0,0.2917,0.0583,52.1,4,600,46,MANUAL_REVIEW,1
C000220,W01454,EVT0287,41,East Delhi,Swiggy,Bike,40,3491.19,6.7,1,Post-Monsoon,Flooding,0.35,0.1,0.45,0.301,1257.2,0.152,1,1,0.247,28.079234,76.857595,0.409,28.6,38.3,310,0,0.377,0.002,0,0,1,0.8333,0.1667,59.63,5,750,48,MANUAL_REVIEW,1
C000229,W01522,EVT0491,29,Saket,Instamart,Bike,37,4129.71,10.3,0,Summer,Heavy Rainfall,0.14,0.2,0.34,0.193,486.0,0.237,1,0,0.328,28.102703,77.188762,0.561,9.6,31.9,91,0,0.708,0.209,1,0,0,0.7708,0.1542,53.75,4,600,50,MANUAL_REVIEW,1
C000238,W00800,EVT0201,44,Gurgaon,BigBasket,Bike,42,4429.7,9.4,0,Post-Monsoon,Flooding,0.3,0.1,0.4,0.459,1983.2,0.018,1,0,0.1879,28.096875,77.123488,0.543,20.9,26.4,325,0,0.408,0.157,1,0,0,0.875,0.175,54.52,3,450,34,MANUAL_REVIEW,1
C000242,W01059,EVT0309,33,North Delhi,Swiggy,Bike,20,3487.51,5.1,0,Winter,Extreme Heat,0.2,0.05,0.25,0.366,1864.0,0.181,0,1,0.2849,28.814004,76.762009,0.348,2.8,41.2,162,0,0.526,0.089,1,0,0,0.4167,0.0833,57.42,2,300,45,MANUAL_REVIEW,1
C000258,W01852,EVT0006,25,South Delhi,Instamart,Bike,30,4309.28,11.0,1,Summer,Social Disruption,0.1,0.2,0.3,0.049,894.7,0.068,1,0,0.1922,28.404965,76.728326,0.156,17.9,26.1,140,0,0.853,0.086,0,0,1,0.625,0.125,58.88,4,600,74,AUTO_REJECT,1
C000263,W00866,EVT0033,21,Faridabad,Swiggy,Bicycle,43,4369.3,9.6,0,Post-Monsoon,Flooding,0.32,0.1,0.42,0.189,1766.7,0.173,1,1,0.1279,28.947239,76.749749,0.015,19.5,36.3,211,0,0.704,0.043,0,0,0,0.8958,0.1792,55.88,2,300,69,MANUAL_REVIEW,1
C000264,W01650,EVT0183,32,Noida,Blinkit,Bicycle,13,3784.06,9.9,1,Winter,Flooding,0.28,0.05,0.33,0.091,1502.4,0.187,1,1,0.1297,28.62701,76.643169,0.204,7.2,32.2,257,0,0.726,0.179,0,0,0,0.2708,0.0542,61.02,6,900,68,MANUAL_REVIEW,1
C000271,W01086,EVT0129,39,South Delhi,Swiggy,Bike,2,3144.81,10.3,1,Summer,Extreme Heat,0.1,0.2,0.3,0.451,1317.8,0.023,0,0,0.385,28.700097,77.109212,0.495,0.0,31.8,250,0,0.552,0.135,0,0,0,0.0417,0.0083,60.79,4,600,37,MANUAL_REVIEW,1
C000285,W00326,EVT0488,21,West Delhi,BigBasket,Bicycle,41,4485.76,8.7,0,Post-Monsoon,Social Disruption,0.25,0.1,0.35,0.154,1422.5,0.052,1,0,0.1534,28.900397,77.325692,0.292,25.3,27.9,222,0,0.386,0.152,1,1,0,0.8542,0.1708,52.81,2,300,62,MANUAL_REVIEW,1
C000302,W00184,EVT0089,29,South Delhi,Swiggy,EV Scooter,33,3652.94,10.1,0,Post-Monsoon,Heavy Rainfall,0.1,0.1,0.2,0.408,1985.5,0.186,1,0,0.184,28.10833,77.466194,0.219,22.0,37.3,204,0,0.808,0.292,1,0,0,0.6875,0.1375,46.96,2,300,59,MANUAL_REVIEW,1
C000311,W01036,EVT0366,39,East Delhi,Zepto,Bike,3,3512.31,9.3,1,Post-Monsoon,Social Disruption,0.35,0.1,0.45,0.201,1844.0,0.12,0,1,0.2158,28.558826,77.399536,0.251,9.2,36.8,290,0,0.565,0.261,1,0,0,0.0625,0.0125,71.18,2,300,52,MANUAL_REVIEW,1
C000325,W01537,EVT0426,38,Lajpat Nagar,Zepto,Bike,40,3647.32,7.6,0,Post-Monsoon,Heavy Rainfall,0.12,0.1,0.22,0.283,1632.7,0.017,0,0,0.27,28.083002,77.547169,0.502,6.6,25.2,237,0,0.884,0.073,0,0,0,0.8333,0.1667,49.35,4,600,49,MANUAL_REVIEW,1
C000330,W00339,EVT0452,23,Lajpat Nagar,Instamart,Bike,21,3664.28,10.2,0,Post-Monsoon,Social Disruption,0.12,0.1,0.22,0.126,1561.7,0.272,1,1,0.1433,28.679185,76.918523,0.107,20.7,35.6,180,0,0.648,0.331,1,0,0,0.4375,0.0875,50.64,1,150,69,MANUAL_REVIEW,1
C000331,W00022,EVT0490,38,Noida,BigBasket,EV Scooter,9,4118.2,9.2,0,Monsoon,Social Disruption,0.28,0.3,0.58,0.168,1295.8,0.194,0,1,0.2922,28.058635,76.894612,0.391,12.9,25.7,303,0,0.476,0.303,0,0,0,0.1875,0.0375,76.66,1,150,49,MANUAL_REVIEW,1
C000339,W01931,EVT0480,39,South Delhi,Zepto,Bicycle,7,4508.81,10.7,0,Winter,Extreme Heat,0.1,0.05,0.15,0.043,1453.5,0.278,1,0,0.127,28.142365,76.631921,0.377,0.7,34.8,216,0,0.679,0.055,1,0,0,0.1458,0.0292,54.57,2,300,64,MANUAL_REVIEW,1
C000341,W00777,EVT0495,44,Faridabad,Blinkit,Bike,20,4461.34,10.1,0,Summer,Social Disruption,0.32,0.2,0.52,0.29,474.8,0.269,0,1,0.4717,28.069207,76.986867,0.045,15.0,35.5,342,0,0.636,0.067,0,0,0,0.4167,0.0833,69.09,5,750,57,MANUAL_REVIEW,1
C000343,W01866,EVT0108,24,Saket,BigBasket,Bike,14,3032.42,10.7,1,Post-Monsoon,Flooding,0.14,0.1,0.24,0.395,326.8,0.038,0,0,0.5128,28.578835,77.008408,0.321,29.0,29.6,301,0,0.389,0.012,0,1,1,0.2917,0.0583,56.16,5,750,42,MANUAL_REVIEW,1
C000345,W00209,EVT0420,25,Faridabad,Zomato,Bicycle,45,4097.71,6.1,0,Summer,Flooding,0.32,0.2,0.52,0.369,1146.8,0.068,0,1,0.3824,28.316416,77.042636,0.37,18.6,26.5,187,0,0.496,0.285,1,0,0,0.9375,0.1875,64.45,1,150,44,MANUAL_REVIEW,1
C000351,W01290,EVT0211,40,South Delhi,BigBasket,EV Scooter,26,3623.06,7.8,1,Post-Monsoon,Extreme Heat,0.1,0.1,0.2,0.506,1147.9,0.151,1,0,0.3453,28.238269,76.849284,0.579,3.4,31.4,256,0,0.688,0.084,0,0,1,0.5417,0.1083,51.13,3,450,40,MANUAL_REVIEW,1
C000367,W01155,EVT0370,23,Noida,BigBasket,Bike,25,3743.93,11.6,1,Winter,Severe Pollution,0.28,0.05,0.33,0.456,1989.8,0.264,0,0,0.3103,28.915135,77.16252,0.173,12.0,37.4,148,0,0.694,0.136,0,1,0,0.5208,0.1042,59.5,6,900,52,MANUAL_REVIEW,1
C000368,W01757,EVT0290,43,Connaught Place,Zepto,Bicycle,4,3732.09,8.6,0,Monsoon,Severe Pollution,0.15,0.3,0.45,0.383,1085.1,0.132,1,1,0.3036,28.042475,77.207926,0.042,3.4,35.1,331,0,0.493,0.053,1,0,0,0.0833,0.0167,71.72,5,750,60,MANUAL_REVIEW,1
C000376,W00161,EVT0473,42,West Delhi,Swiggy,Bike,11,3172.35,10.0,0,Winter,Extreme Heat,0.25,0.05,0.3,0.28,846.3,0.19,0,0,0.4041,28.042007,77.473162,0.082,4.4,40.8,214,0,0.418,0.027,1,0,0,0.2292,0.0458,57.33,3,450,54,MANUAL_REVIEW,1
C000382,W01808,EVT0011,20,West Delhi,BigBasket,Bike,9,4380.67,8.8,0,Monsoon,Severe Pollution,0.25,0.3,0.55,0.259,1023.0,0.184,0,1,0.3686,28.935062,77.105664,0.303,22.5,35.8,201,0,0.814,0.224,1,0,0,0.1875,0.0375,72.57,5,750,57,MANUAL_REVIEW,1
C000384,W00653,EVT0114,39,North Delhi,BigBasket,Bike,4,4316.1,10.0,0,Summer,Social Disruption,0.2,0.2,0.4,0.087,307.7,0.009,1,1,0.2895,28.251298,76.898415,0.218,2.7,35.0,151,0,0.46,0.145,1,1,0,0.0833,0.0167,66.66,3,450,63,MANUAL_REVIEW,1
C000389,W01423,EVT0436,40,Faridabad,Zomato,EV Scooter,27,4242.14,8.3,0,Winter,Social Disruption,0.32,0.05,0.37,0.498,1739.0,0.244,0,1,0.3628,28.002293,76.602766,0.119,25.7,37.9,100,0,0.651,0.062,1,0,0,0.5625,0.1125,57.52,4,600,54,MANUAL_REVIEW,1
C000390,W00574,EVT0202,39,Rohini,Zepto,Bike,26,4650.55,7.2,1,Monsoon,Heavy Rainfall,0.18,0.3,0.48,0.239,678.3,0.191,1,1,0.313,28.432204,77.3871,0.51,26.6,34.3,153,0,0.361,0.282,0,0,0,0.5417,0.1083,61.65,3,450,49,MANUAL_REVIEW,1
C000391,W01454,EVT0414,41,East Delhi,Swiggy,Bike,40,3491.19,6.7,1,Monsoon,Social Disruption,0.35,0.3,0.65,0.464,801.1,0.098,1,1,0.3752,28.434466,76.883027,0.512,11.1,25.3,148,1,0.726,0.031,1,0,1,0.8333,0.1667,67.9,4,600,47,MANUAL_REVIEW,1
C000423,W00852,EVT0089,20,Rohini,Zomato,EV Scooter,36,3603.87,8.2,0,Winter,Flooding,0.18,0.05,0.23,0.376,1232.0,0.097,0,0,0.3753,28.732234,77.577142,0.138,11.3,34.5,54,0,0.462,0.026,1,1,0,0.75,0.15,53.87,3,450,51,MANUAL_REVIEW,1
C000426,W01816,EVT0366,38,Noida,Blinkit,Bike,43,5191.23,9.1,1,Post-Monsoon,Severe Pollution,0.28,0.1,0.38,0.343,319.4,0.077,1,1,0.397,28.385989,77.562613,0.189,22.5,39.2,112,0,0.399,0.045,1,0,1,0.8958,0.1792,53.41,4,600,58,MANUAL_REVIEW,1
C000461,W01036,EVT0431,39,East Delhi,Zepto,Bike,3,3512.31,9.3,1,Summer,Extreme Heat,0.35,0.2,0.55,0.209,1056.0,0.021,0,1,0.3273,28.555681,77.172022,0.022,4.8,29.8,227,1,0.771,0.261,0,0,1,0.0625,0.0125,77.2,5,750,71,AUTO_REJECT,1
C000464,W00711,EVT0422,38,East Delhi,Zepto,Bike,18,5631.28,7.4,0,Winter,Heavy Rainfall,0.35,0.05,0.4,0.222,1952.8,0.155,1,0,0.1114,28.764939,76.971992,0.509,33.4,36.5,176,1,0.808,0.324,1,0,0,0.375,0.075,58.33,3,450,56,MANUAL_REVIEW,1
C000477,W00801,EVT0221,25,Gurgaon,BigBasket,Bike,39,3394.91,9.3,0,Monsoon,Severe Pollution,0.3,0.3,0.6,0.402,1018.5,0.067,1,1,0.3147,28.273817,76.967967,0.38,17.7,34.9,368,0,0.7,0.211,0,0,0,0.8125,0.1625,64.1,3,450,58,MANUAL_REVIEW,1
C000480,W00778,EVT0058,23,Rohini,Instamart,Bike,19,3082.55,11.1,0,Post-Monsoon,Heavy Rainfall,0.18,0.1,0.28,0.259,1786.4,0.243,0,0,0.2599,28.584226,77.594456,0.575,0.2,25.1,176,0,0.464,0.2,0,1,0,0.3958,0.0792,53.91,6,900,48,MANUAL_REVIEW,1
C000484,W00076,EVT0153,23,West Delhi,Zepto,Bike,29,4255.95,11.9,0,Monsoon,Heavy Rainfall,0.25,0.3,0.55,0.009,1904.5,0.142,1,0,0.0321,28.179306,77.256107,0.469,18.5,26.7,135,0,0.8,0.18,1,0,0,0.6042,0.1208,65.73,5,750,61,MANUAL_REVIEW,1
C000490,W00366,EVT0491,23,Noida,Swiggy,EV Scooter,46,4565.67,8.2,0,Monsoon,Social Disruption,0.28,0.3,0.58,0.488,1553.7,0.158,1,0,0.2779,28.831265,77.576001,0.432,1.0,34.9,73,0,0.812,0.243,0,1,0,0.9583,0.1917,62.29,1,150,45,MANUAL_REVIEW,1
C000491,W00419,EVT0294,43,Dwarka,Zomato,Bike,14,3450.03,8.7,0,Post-Monsoon,Severe Pollution,0.22,0.1,0.32,0.302,1024.3,0.19,1,0,0.2862,28.426656,77.0503,0.197,1.1,31.9,246,0,0.654,0.007,0,1,0,0.2917,0.0583,64.23,4,600,58,MANUAL_REVIEW,1
C000492,W01946,EVT0190,43,North Delhi,Zepto,Bike,29,3820.96,4.9,0,Post-Monsoon,Extreme Heat,0.2,0.1,0.3,0.375,1064.8,0.2,0,1,0.4103,28.363166,76.799075,0.549,2.3,30.6,128,0,0.647,0.198,0,0,0,0.6042,0.1208,56.9,2,300,36,MANUAL_REVIEW,1
C000493,W00895,EVT0244,36,Faridabad,Instamart,Bicycle,3,2767.34,7.6,0,Post-Monsoon,Heavy Rainfall,0.32,0.1,0.42,0.436,532.8,0.117,1,0,0.4062,28.191493,77.079817,0.205,36.8,25.5,156,1,0.454,0.345,0,0,0,0.0625,0.0125,67.7,4,600,55,MANUAL_REVIEW,1
C000497,W01507,EVT0066,32,East Delhi,Zepto,Bike,11,4593.63,8.9,1,Summer,Heavy Rainfall,0.35,0.2,0.55,0.267,994.0,0.25,0,0,0.3827,28.292756,76.972202,0.167,38.0,26.4,151,1,0.644,0.348,1,0,1,0.2292,0.0458,72.16,3,450,53,MANUAL_REVIEW,1
C000509,W00131,EVT0224,27,Gurgaon,Zomato,EV Scooter,34,4103.02,9.6,0,Winter,Social Disruption,0.3,0.05,0.35,0.267,650.1,0.141,0,1,0.4234,28.204095,76.792168,0.225,29.8,34.6,272,0,0.802,0.05,1,1,0,0.7083,0.1417,58.89,3,450,53,MANUAL_REVIEW,1
C000511,W00231,EVT0305,34,North Delhi,BigBasket,Bike,19,4336.92,8.2,1,Summer,Flooding,0.2,0.2,0.4,0.265,1792.6,0.178,0,0,0.2549,28.251376,76.853454,0.173,8.5,41.0,142,1,0.448,0.091,0,0,0,0.3958,0.0792,62.09,2,300,55,MANUAL_REVIEW,1
C000515,W01431,EVT0475,23,Rohini,Zepto,Bicycle,13,3615.09,8.9,0,Winter,Extreme Heat,0.18,0.05,0.23,0.398,1984.3,0.164,1,1,0.178,28.939912,76.791476,0.218,4.5,30.8,271,1,0.721,0.09,1,0,0,0.2708,0.0542,57.14,4,600,47,MANUAL_REVIEW,1
C000524,W01377,EVT0462,32,North Delhi,BigBasket,Bike,38,3727.37,7.5,0,Winter,Social Disruption,0.2,0.05,0.25,0.242,1657.3,0.006,0,1,0.2488,28.674354,76.924376,0.4,27.6,28.1,194,0,0.465,0.192,1,1,0,0.7917,0.1583,52.39,3,450,48,MANUAL_REVIEW,1
C000531,W00127,EVT0318,31,South Delhi,Zepto,EV Scooter,29,3146.87,8.7,0,Post-Monsoon,Flooding,0.1,0.1,0.2,0.215,1631.6,0.242,1,0,0.1655,28.347913,77.556291,0.25,17.5,37.2,267,0,0.453,0.065,1,0,0,0.6042,0.1208,50.89,4,600,61,MANUAL_REVIEW,1
C000536,W01231,EVT0215,24,Faridabad,Swiggy,Bike,27,5545.38,7.8,1,Monsoon,Severe Pollution,0.32,0.3,0.62,0.389,1194.5,0.087,0,0,0.3851,28.619893,76.921426,0.478,9.8,27.7,125,0,0.459,0.009,0,0,0,0.5625,0.1125,70.6,1,150,38,MANUAL_REVIEW,1
C000550,W01202,EVT0476,40,Faridabad,BigBasket,Bike,13,4933.99,9.9,0,Monsoon,Heavy Rainfall,0.32,0.3,0.62,0.227,885.4,0.081,1,0,0.2661,28.940277,77.519405,0.22,30.2,31.7,220,2,0.437,0.159,0,0,0,0.2708,0.0542,75.47,2,300,60,MANUAL_REVIEW,1
C000581,W01838,EVT0096,22,South Delhi,Zomato,Bicycle,12,4877.35,9.0,1,Monsoon,Flooding,0.1,0.3,0.4,0.096,1151.1,0.137,0,1,0.2794,28.354138,77.463598,0.157,25.6,27.0,286,0,0.773,0.014,1,1,0,0.25,0.05,62.0,4,600,58,MANUAL_REVIEW,1
C000593,W01832,EVT0430,36,North Delhi,Swiggy,Bike,22,5316.78,9.1,1,Winter,Flooding,0.2,0.05,0.25,0.038,846.4,0.013,1,1,0.1895,28.414464,77.526652,0.473,1.3,32.3,166,0,0.351,0.277,1,0,1,0.4583,0.0917,57.64,4,600,57,MANUAL_REVIEW,1
C000603,W01525,EVT0414,40,Dwarka,Zepto,Bike,26,3029.32,9.3,0,Monsoon,Social Disruption,0.22,0.3,0.52,0.542,548.3,0.113,1,1,0.4459,28.280947,76.820994,0.492,14.1,37.7,285,0,0.765,0.055,1,0,0,0.5417,0.1083,67.12,3,450,46,MANUAL_REVIEW,1
C000610,W01281,EVT0002,27,Dwarka,Zomato,Bicycle,30,3237.53,7.6,0,Monsoon,Heavy Rainfall,0.22,0.3,0.52,0.342,1029.4,0.043,1,0,0.2867,28.370551,77.595418,0.353,17.4,33.3,243,2,0.715,0.242,1,1,0,0.625,0.125,65.05,4,600,62,MANUAL_REVIEW,1
C000637,W01493,EVT0068,26,South Delhi,Blinkit,Bicycle,32,4780.38,9.8,0,Summer,Social Disruption,0.1,0.2,0.3,0.335,1669.4,0.106,1,1,0.1942,28.283903,77.57243,0.219,28.2,29.1,309,3,0.797,0.303,1,0,0,0.6667,0.1333,55.37,3,450,57,MANUAL_REVIEW,1
C000652,W00191,EVT0102,34,Connaught Place,Zomato,Bike,46,3980.29,9.1,0,Post-Monsoon,Heavy Rainfall,0.15,0.1,0.25,0.448,1422.9,0.115,1,0,0.2773,28.486757,77.139335,0.405,8.4,36.1,208,1,0.514,0.106,1,0,0,0.9583,0.1917,47.44,3,450,47,MANUAL_REVIEW,1
C000659,W00413,EVT0421,29,Faridabad,Zepto,Bike,13,3027.31,9.5,0,Post-Monsoon,Flooding,0.32,0.1,0.42,0.033,701.5,0.108,0,1,0.3188,28.857904,77.178778,0.052,19.7,35.6,139,0,0.587,0.047,0,0,0,0.2708,0.0542,68.2,2,300,67,MANUAL_REVIEW,1
C000664,W00769,EVT0179,41,Dwarka,Zepto,Bike,5,3855.34,9.4,0,Post-Monsoon,Social Disruption,0.22,0.1,0.32,0.365,944.0,0.014,1,1,0.3058,28.407361,77.534761,0.502,20.9,38.8,97,1,0.633,0.096,0,0,0,0.1042,0.0208,63.83,2,300,51,MANUAL_REVIEW,1
C000696,W00497,EVT0362,35,Saket,Swiggy,EV Scooter,29,3717.25,9.6,0,Monsoon,Social Disruption,0.14,0.3,0.44,0.09,1851.8,0.134,1,1,0.0716,28.495878,77.562602,0.489,1.7,40.1,217,0,0.779,0.308,1,0,0,0.6042,0.1208,61.5,4,600,58,MANUAL_REVIEW,1
C000697,W00744,EVT0278,36,Saket,Zomato,Bicycle,37,2687.14,11.3,1,Winter,Extreme Heat,0.14,0.05,0.19,0.538,647.2,0.158,1,1,0.4339,28.257679,76.881138,0.575,5.0,42.7,182,0,0.861,0.302,0,0,1,0.7708,0.1542,51.75,1,150,41,MANUAL_REVIEW,1
C000706,W00333,EVT0095,33,Dwarka,Zomato,Bicycle,45,4208.26,11.4,1,Summer,Flooding,0.22,0.2,0.42,0.11,446.7,0.215,0,1,0.3985,28.467167,76.898128,0.169,28.4,41.9,330,0,0.787,0.264,1,0,1,0.9375,0.1875,54.95,2,300,64,MANUAL_REVIEW,1
C000719,W01742,EVT0448,33,Rohini,BigBasket,Bike,1,3782.99,7.8,0,Monsoon,Severe Pollution,0.18,0.3,0.48,0.348,831.9,0.11,1,0,0.3254,28.898763,76.667331,0.17,19.0,40.9,123,0,0.647,0.21,0,1,0,0.0208,0.0042,73.61,4,600,60,MANUAL_REVIEW,1
C000732,W00881,EVT0002,24,Connaught Place,Blinkit,Bike,1,2917.8,10.7,1,Winter,Flooding,0.15,0.05,0.2,0.147,1664.6,0.237,1,0,0.1328,28.391337,77.344224,0.383,15.5,38.1,125,0,0.736,0.139,0,0,0,0.0208,0.0042,62.89,6,900,60,MANUAL_REVIEW,1
C000735,W00657,EVT0212,44,Gurgaon,BigBasket,Bike,19,2624.37,8.6,0,Monsoon,Extreme Heat,0.3,0.3,0.6,0.127,1553.9,0.022,0,0,0.2199,28.012622,76.603079,0.435,0.1,37.8,254,1,0.732,0.315,0,1,0,0.3958,0.0792,72.0,2,300,54,MANUAL_REVIEW,1
C000746,W01471,EVT0033,20,Noida,Zomato,Bike,16,3758.16,9.8,1,Summer,Extreme Heat,0.28,0.2,0.48,0.2,887.5,0.058,1,0,0.2527,28.597997,76.799673,0.196,0.9,33.2,175,0,0.885,0.133,1,0,0,0.3333,0.0667,66.97,3,450,64,MANUAL_REVIEW,1
C000750,W00023,EVT0134,40,North Delhi,Zepto,Bicycle,38,4797.32,8.4,0,Post-Monsoon,Social Disruption,0.2,0.1,0.3,0.51,1672.6,0.065,1,1,0.2596,28.805244,77.368276,0.528,2.8,37.8,72,0,0.414,0.2,1,0,0,0.7917,0.1583,51.27,4,600,39,MANUAL_REVIEW,1
C000761,W00940,EVT0425,21,East Delhi,Zepto,Bike,47,3664.66,6.9,1,Post-Monsoon,Flooding,0.35,0.1,0.45,0.221,1701.4,0.097,1,1,0.1429,28.691585,77.123155,0.085,12.1,27.3,181,0,0.363,0.043,1,0,0,0.9792,0.1958,58.46,3,450,59,MANUAL_REVIEW,1
C000777,W01066,EVT0131,22,South Delhi,Zomato,Bike,1,3531.86,10.5,0,Summer,Extreme Heat,0.1,0.2,0.3,0.459,1223.5,0.174,1,0,0.3175,28.407058,76.940827,0.077,2.7,29.2,135,0,0.518,0.243,0,1,0,0.0208,0.0042,63.14,2,300,54,MANUAL_REVIEW,1
C000783,W00500,EVT0111,24,West Delhi,Zomato,Bike,33,3629.18,9.9,0,Winter,Social Disruption,0.25,0.05,0.3,0.18,1528.8,0.112,1,0,0.1539,28.842112,76.994521,0.155,26.9,38.5,112,0,0.527,0.209,1,1,0,0.6875,0.1375,57.52,1,150,62,MANUAL_REVIEW,1
C000791,W01903,EVT0280,21,Gurgaon,Zomato,Bike,15,4341.7,10.9,0,Post-Monsoon,Extreme Heat,0.3,0.1,0.4,0.008,508.7,0.171,1,1,0.244,28.459802,77.155591,0.002,1.2,40.0,270,0,0.756,0.296,1,1,0,0.3125,0.0625,61.95,4,600,75,AUTO_REJECT,1
C000816,W01964,EVT0363,20,Dwarka,Blinkit,EV Scooter,43,3944.72,9.2,0,Summer,Extreme Heat,0.22,0.2,0.42,0.473,1044.3,0.068,0,1,0.4394,28.458739,77.454749,0.532,0.6,33.1,127,0,0.496,0.038,1,0,0,0.8958,0.1792,57.08,3,450,37,MANUAL_REVIEW,1
C000825,W01505,EVT0190,40,Saket,Zepto,Bike,41,2913.65,8.3,0,Winter,Social Disruption,0.14,0.05,0.19,0.508,1165.9,0.09,1,0,0.3373,28.830864,77.551704,0.484,28.7,40.2,332,1,0.871,0.179,1,1,0,0.8542,0.1708,47.0,6,900,49,MANUAL_REVIEW,1
C000829,W00901,EVT0014,21,Saket,Zepto,Bike,25,2890.56,7.3,0,Winter,Flooding,0.14,0.05,0.19,0.094,309.7,0.173,1,1,0.3084,28.8798,77.104974,0.459,8.9,37.7,268,1,0.365,0.177,1,0,0,0.5208,0.1042,53.22,3,450,58,MANUAL_REVIEW,1
C000831,W00452,EVT0242,26,Noida,Zepto,Bicycle,24,3084.5,11.3,0,Winter,Social Disruption,0.28,0.05,0.33,0.119,328.6,0.244,1,1,0.3227,28.319838,77.53488,0.032,14.5,36.0,109,0,0.694,0.213,1,0,0,0.5,0.1,55.29,3,450,71,AUTO_REJECT,1
C000833,W01038,EVT0238,31,South Delhi,Zepto,Bike,1,3793.48,10.4,0,Winter,Social Disruption,0.1,0.05,0.15,0.494,1140.5,0.23,0,0,0.4495,28.463939,77.107594,0.416,1.3,26.5,57,0,0.376,0.185,1,1,0,0.0208,0.0042,59.58,4,600,36,MANUAL_REVIEW,1
C000843,W01082,EVT0001,39,North Delhi,Zomato,EV Scooter,40,3483.88,10.2,0,Monsoon,Flooding,0.2,0.3,0.5,0.314,1332.8,0.172,0,1,0.3429,28.496661,77.444677,0.183,21.9,28.6,360,1,0.435,0.325,1,1,0,0.8333,0.1667,62.4,4,600,47,MANUAL_REVIEW,1
C000845,W00697,EVT0234,23,Dwarka,Swiggy,Bike,33,3221.06,10.2,0,Post-Monsoon,Social Disruption,0.22,0.1,0.32,0.231,999.0,0.023,1,1,0.2448,28.698616,76.702522,0.472,12.1,26.2,186,0,0.639,0.306,1,1,0,0.6875,0.1375,53.39,1,150,55,MANUAL_REVIEW,1
C000850,W00320,EVT0457,21,North Delhi,Blinkit,Bicycle,26,2365.97,10.5,1,Winter,Social Disruption,0.2,0.05,0.25,0.13,1989.6,0.27,0,1,0.1806,28.677973,77.524798,0.432,27.1,29.3,69,0,0.743,0.337,0,0,1,0.5417,0.1083,51.36,1,150,62,MANUAL_REVIEW,1
C000852,W01546,EVT0470,26,Gurgaon,Zomato,Bike,24,2943.01,6.0,0,Monsoon,Flooding,0.3,0.3,0.6,0.415,1276.6,0.091,0,0,0.3836,28.682116,77.31812,0.536,18.9,28.7,65,0,0.777,0.225,1,1,0,0.5,0.1,71.47,5,750,45,MANUAL_REVIEW,1
C000853,W01192,EVT0303,29,Saket,Instamart,EV Scooter,15,4418.34,7.1,0,Winter,Flooding,0.14,0.05,0.19,0.157,515.2,0.278,1,0,0.3133,28.383124,76.638433,0.23,27.0,32.8,121,0,0.753,0.157,1,0,0,0.3125,0.0625,58.58,3,450,62,MANUAL_REVIEW,1
C000855,W00201,EVT0287,38,Dwarka,Swiggy,Bike,31,2943.07,6.5,0,Post-Monsoon,Social Disruption,0.22,0.1,0.32,0.067,1227.8,0.267,1,1,0.1693,28.424262,77.56175,0.266,9.8,26.6,70,1,0.423,0.17,1,1,0,0.6458,0.1292,57.94,6,900,65,MANUAL_REVIEW,1
C000859,W00199,EVT0421,24,Faridabad,BigBasket,Bicycle,46,1500.0,7.9,0,Summer,Extreme Heat,0.32,0.2,0.52,0.053,907.8,0.061,1,1,0.1911,28.1945,76.847946,0.01,1.6,36.9,287,0,0.825,0.27,1,0,0,0.9583,0.1917,60.85,3,450,75,AUTO_REJECT,1
C000881,W01641,EVT0020,25,Lajpat Nagar,Zepto,Bike,1,3731.74,11.6,0,Monsoon,Extreme Heat,0.12,0.3,0.42,0.315,1842.5,0.203,1,1,0.1699,28.597525,77.266248,0.444,2.1,40.4,96,1,0.529,0.233,0,0,0,0.0208,0.0042,67.14,3,450,54,MANUAL_REVIEW,1
C000907,W00054,EVT0494,21,North Delhi,BigBasket,Bicycle,44,4754.78,8.8,0,Post-Monsoon,Heavy Rainfall,0.2,0.1,0.3,0.25,1509.1,0.02,0,1,0.2756,28.397512,76.829579,0.498,22.6,27.0,136,1,0.76,0.227,1,0,0,0.9167,0.1833,54.37,3,450,57,MANUAL_REVIEW,1
C000911,W00180,EVT0492,38,Saket,Swiggy,Bike,5,3836.82,10.6,1,Post-Monsoon,Extreme Heat,0.14,0.1,0.24,0.394,1953.0,0.257,1,0,0.1904,28.311474,77.395265,0.383,0.6,40.1,293,1,0.606,0.323,1,0,0,0.1042,0.0208,58.11,4,600,51,MANUAL_REVIEW,1
C000944,W01367,EVT0038,22,North Delhi,Blinkit,Bike,26,2300.84,7.4,0,Summer,Social Disruption,0.2,0.2,0.4,0.527,1894.4,0.118,0,0,0.3384,28.487349,77.257899,0.032,13.0,33.5,262,0,0.662,0.176,1,1,0,0.5417,0.1083,60.84,6,900,47,MANUAL_REVIEW,1
C000947,W01730,EVT0298,44,North Delhi,Blinkit,Bicycle,35,3616.09,9.0,0,Winter,Severe Pollution,0.2,0.05,0.25,0.293,1405.0,0.128,0,0,0.3193,28.988657,76.891116,0.574,14.0,27.1,74,2,0.555,0.029,0,0,0,0.7292,0.1458,53.82,6,900,46,MANUAL_REVIEW,1
C000948,W00011,EVT0076,44,Dwarka,Blinkit,Bike,7,3779.45,10.4,0,Post-Monsoon,Social Disruption,0.22,0.1,0.32,0.496,691.0,0.028,1,0,0.3976,28.726691,77.491831,0.317,4.4,32.6,301,1,0.727,0.109,0,0,0,0.1458,0.0292,59.0,4,600,57,MANUAL_REVIEW,1
C000956,W01396,EVT0149,35,Dwarka,Zepto,Bike,3,4054.93,11.9,1,Summer,Social Disruption,0.22,0.2,0.42,0.273,312.0,0.214,1,0,0.3838,28.484352,77.006096,0.326,8.2,32.3,289,2,0.627,0.075,1,0,1,0.0625,0.0125,68.57,3,450,64,MANUAL_REVIEW,1
C000966,W00670,EVT0210,23,Noida,Zepto,Bike,10,3480.94,9.0,1,Winter,Extreme Heat,0.28,0.05,0.33,0.362,1465.7,0.209,1,0,0.2458,28.21325,76.978945,0.014,2.0,33.1,181,1,0.676,0.067,1,1,0,0.2083,0.0417,62.78,3,450,61,MANUAL_REVIEW,1
C000988,W00067,EVT0421,37,South Delhi,Instamart,Bike,10,3352.19,8.3,1,Winter,Severe Pollution,0.1,0.05,0.15,0.167,1128.9,0.151,1,1,0.2126,28.69378,76.649669,0.355,14.6,30.6,63,0,0.767,0.091,1,0,1,0.2083,0.0417,53.27,2,300,63,MANUAL_REVIEW,1
C000989,W00114,EVT0461,23,South Delhi,Blinkit,Bike,9,4293.61,12.6,0,Summer,Severe Pollution,0.1,0.2,0.3,0.335,736.6,0.034,1,0,0.3269,28.755013,76.968042,0.556,8.2,37.3,95,0,0.566,0.094,0,1,0,0.1875,0.0375,60.85,2,300,48,MANUAL_REVIEW,1
C000991,W00387,EVT0437,20,East Delhi,Zomato,Bicycle,23,2437.63,6.7,0,Monsoon,Extreme Heat,0.35,0.3,0.65,0.496,1045.8,0.205,1,1,0.362,28.15919,77.554433,0.34,3.4,41.3,187,0,0.438,0.208,1,1,0,0.4792,0.0958,74.91,3,450,42,MANUAL_REVIEW,1
C000992,W00710,EVT0024,43,West Delhi,BigBasket,Bike,10,3439.0,10.1,0,Summer,Severe Pollution,0.25,0.2,0.45,0.159,1055.6,0.218,1,0,0.2271,28.512428,77.110904,0.331,1.9,25.2,319,0,0.76,0.321,0,0,0,0.2083,0.0417,63.79,4,600,64,MANUAL_REVIEW,1
C001000,W00640,EVT0174,29,Lajpat Nagar,Blinkit,Bike,10,4391.21,10.2,0,Winter,Heavy Rainfall,0.12,0.05,0.17,0.126,355.8,0.264,1,0,0.3234,28.540903,77.3646,0.488,23.9,26.8,188,0,0.637,0.219,1,1,0,0.2083,0.0417,53.57,4,600,55,MANUAL_REVIEW,1
C001005,W00980,EVT0289,26,Faridabad,Blinkit,Bike,39,2974.58,8.6,0,Summer,Flooding,0.32,0.2,0.52,0.504,1188.6,0.279,1,1,0.3512,28.802828,76.69939,0.245,20.0,33.1,206,0,0.818,0.237,1,0,0,0.8125,0.1625,63.85,1,150,47,MANUAL_REVIEW,1
C001025,W01057,EVT0153,27,Faridabad,Zomato,Bike,6,4146.87,9.8,0,Post-Monsoon,Heavy Rainfall,0.32,0.1,0.42,0.166,957.6,0.038,1,1,0.2266,28.016499,76.602296,0.243,6.4,25.4,204,0,0.657,0.339,1,1,0,0.125,0.025,67.17,1,150,64,MANUAL_REVIEW,1
C001030,W00380,EVT0463,30,South Delhi,Zepto,Bike,29,4198.19,6.9,0,Post-Monsoon,Heavy Rainfall,0.1,0.1,0.2,0.029,327.5,0.181,0,0,0.3806,28.568108,77.036644,0.35,20.3,28.0,108,0,0.626,0.17,1,0,0,0.6042,0.1208,54.59,2,300,62,MANUAL_REVIEW,1
C001032,W00951,EVT0395,37,Rohini,Zomato,Bike,20,4079.12,9.2,0,Summer,Social Disruption,0.18,0.2,0.38,0.104,1337.2,0.121,0,0,0.2531,28.341573,76.903164,0.332,24.7,32.2,253,1,0.77,0.268,0,1,0,0.4167,0.0833,62.07,4,600,58,MANUAL_REVIEW,1
C001042,W00821,EVT0032,29,Noida,Zepto,Bike,22,2248.22,7.6,1,Summer,Severe Pollution,0.28,0.2,0.48,0.04,1248.0,0.136,1,0,0.1424,28.603414,76.751749,0.359,15.6,35.4,292,0,0.604,0.157,1,0,0,0.4583,0.0917,66.5,3,450,60,MANUAL_REVIEW,1
C001047,W01500,EVT0230,38,Connaught Place,Blinkit,Bike,22,3933.64,8.6,1,Post-Monsoon,Severe Pollution,0.15,0.1,0.25,0.065,638.2,0.075,1,1,0.2378,28.838015,76.667092,0.013,16.9,29.4,228,0,0.811,0.008,1,0,1,0.4583,0.0917,56.16,3,450,71,AUTO_REJECT,1
C001051,W01779,EVT0326,31,East Delhi,Instamart,Bike,42,3224.35,9.0,0,Summer,Flooding,0.35,0.2,0.55,0.308,1226.8,0.243,1,0,0.2635,28.825114,77.375895,0.155,24.4,38.1,148,0,0.386,0.14,1,1,0,0.875,0.175,62.45,4,600,51,MANUAL_REVIEW,1
C001052,W00121,EVT0083,38,Saket,Zepto,Bike,8,3172.57,10.7,0,Monsoon,Social Disruption,0.14,0.3,0.44,0.492,1079.0,0.133,0,1,0.4482,28.076954,76.658981,0.157,29.6,40.9,165,0,0.66,0.098,1,0,0,0.1667,0.0333,70.92,6,900,49,MANUAL_REVIEW,1
C001056,W00021,EVT0367,40,Saket,Swiggy,Bicycle,9,4259.88,7.8,0,Monsoon,Social Disruption,0.14,0.3,0.44,0.445,1826.6,0.234,0,0,0.3274,28.239004,77.050929,0.032,2.9,25.6,215,1,0.773,0.29,1,0,0,0.1875,0.0375,68.0,6,900,62,MANUAL_REVIEW,1
C001057,W00220,EVT0175,20,Lajpat Nagar,Instamart,Bicycle,6,3608.06,9.7,0,Summer,Flooding,0.12,0.2,0.32,0.275,1047.9,0.258,1,1,0.2786,28.577107,76.893881,0.425,7.6,25.7,294,0,0.639,0.14,1,1,0,0.125,0.025,61.1,4,600,59,MANUAL_REVIEW,1
C001086,W00808,EVT0242,43,South Delhi,Blinkit,Bicycle,35,3475.94,8.9,1,Winter,Extreme Heat,0.1,0.05,0.15,0.407,884.6,0.033,1,1,0.3334,28.239951,77.048028,0.008,4.2,38.6,294,2,0.489,0.277,1,0,0,0.7292,0.1458,47.29,1,150,62,MANUAL_REVIEW,1
C001099,W01409,EVT0196,43,Gurgaon,Zepto,Bike,13,3862.23,10.0,1,Post-Monsoon,Social Disruption,0.3,0.1,0.4,0.44,1904.8,0.147,0,0,0.305,28.86772,77.452495,0.546,22.0,41.5,168,0,0.354,0.071,0,0,1,0.2708,0.0542,64.15,3,450,40,MANUAL_REVIEW,1
C001107,W01225,EVT0145,24,East Delhi,BigBasket,Bicycle,46,4738.28,8.2,1,Monsoon,Severe Pollution,0.35,0.3,0.65,0.02,1754.7,0.05,1,1,0.0498,28.025075,77.41335,0.378,6.6,38.0,268,0,0.825,0.223,0,1,0,0.9583,0.1917,60.68,4,600,69,MANUAL_REVIEW,1
C001114,W00455,EVT0394,29,Connaught Place,BigBasket,Bike,15,4354.72,8.2,0,Summer,Severe Pollution,0.15,0.2,0.35,0.444,1523.2,0.02,1,1,0.2511,28.002065,76.640698,0.213,24.7,30.2,68,0,0.625,0.085,0,0,0,0.3125,0.0625,63.14,5,750,51,MANUAL_REVIEW,1
C001134,W01357,EVT0331,37,East Delhi,Instamart,Bike,25,4780.9,9.7,0,Summer,Social Disruption,0.35,0.2,0.55,0.528,1050.9,0.065,1,0,0.3601,28.892827,77.346527,0.552,3.4,35.8,340,1,0.791,0.105,1,0,0,0.5208,0.1042,66.69,1,150,51,MANUAL_REVIEW,1
C001137,W01469,EVT0069,25,Dwarka,Zomato,Bike,11,3381.77,10.2,0,Winter,Extreme Heat,0.22,0.05,0.27,0.396,891.8,0.015,0,0,0.4261,28.052635,76.917531,0.221,0.7,41.0,111,0,0.567,0.251,0,1,0,0.2292,0.0458,58.16,3,450,49,MANUAL_REVIEW,1
C001140,W01946,EVT0221,43,North Delhi,Zepto,Bike,29,3820.96,4.9,0,Post-Monsoon,Social Disruption,0.2,0.1,0.3,0.339,1414.7,0.167,1,1,0.2401,28.134991,77.533955,0.506,4.4,26.6,93,1,0.856,0.06,1,1,0,0.6042,0.1208,54.82,4,600,52,MANUAL_REVIEW,1
C001141,W01832,EVT0322,36,North Delhi,Swiggy,Bike,22,5316.78,9.1,1,Winter,Severe Pollution,0.2,0.05,0.25,0.009,347.3,0.063,1,0,0.2578,28.120184,76.907298,0.196,13.6,39.3,156,1,0.721,0.25,1,0,0,0.4583,0.0917,51.65,1,150,76,AUTO_REJECT,1
C001147,W00522,EVT0390,24,South Delhi,Swiggy,Bicycle,2,2298.78,6.8,0,Winter,Severe Pollution,0.1,0.05,0.15,0.202,1088.4,0.254,0,0,0.3429,28.439361,77.099303,0.163,26.5,25.1,209,0,0.761,0.113,0,1,0,0.0417,0.0083,54.74,3,450,60,MANUAL_REVIEW,1
C001152,W01851,EVT0163,34,Lajpat Nagar,Swiggy,EV Scooter,23,3580.24,8.4,0,Winter,Severe Pollution,0.12,0.05,0.17,0.333,1218.1,0.176,0,0,0.3681,28.770771,77.266844,0.028,9.7,35.9,107,0,0.643,0.09,0,0,0,0.4792,0.0958,48.91,3,450,55,MANUAL_REVIEW,1
C001153,W00094,EVT0100,34,Rohini,Blinkit,Bike,30,3400.91,11.7,0,Summer,Heavy Rainfall,0.18,0.2,0.38,0.07,1350.4,0.193,1,0,0.1447,28.019536,77.011671,0.291,18.8,28.6,227,0,0.883,0.21,1,0,0,0.625,0.125,59.14,3,450,64,MANUAL_REVIEW,1
C001159,W01934,EVT0441,25,South Delhi,Zomato,EV Scooter,29,4242.46,8.4,0,Winter,Severe Pollution,0.1,0.05,0.15,0.11,1619.6,0.151,0,0,0.2162,28.491281,76.783861,0.4,12.4,36.6,285,0,0.475,0.073,0,1,0,0.6042,0.1208,52.8,4,600,51,MANUAL_REVIEW,1
C001174,W01887,EVT0480,42,West Delhi,Instamart,Bike,26,3867.68,7.9,0,Summer,Flooding,0.25,0.2,0.45,0.145,1395.8,0.138,0,0,0.2624,28.420973,77.151373,0.031,0.9,41.0,212,1,0.846,0.12,0,0,0,0.5417,0.1083,63.25,1,150,69,MANUAL_REVIEW,1
C001176,W00274,EVT0344,21,South Delhi,BigBasket,EV Scooter,43,4634.51,10.0,0,Monsoon,Flooding,0.1,0.3,0.4,0.445,1738.5,0.002,1,0,0.2174,28.132881,77.129192,0.093,24.8,38.6,306,1,0.614,0.015,0,1,0,0.8958,0.1792,57.94,3,450,61,MANUAL_REVIEW,1
C001191,W01505,EVT0208,40,Saket,Zepto,Bike,41,2913.65,8.3,0,Summer,Extreme Heat,0.14,0.2,0.34,0.025,306.8,0.143,0,1,0.3783,28.893436,77.492392,0.579,4.2,29.0,116,2,0.474,0.151,0,1,0,0.8542,0.1708,53.84,4,600,57,MANUAL_REVIEW,1
C001204,W01705,EVT0055,22,Gurgaon,Swiggy,Bicycle,23,3748.08,7.8,0,Monsoon,Heavy Rainfall,0.3,0.3,0.6,0.422,1847.4,0.121,1,1,0.2038,28.564802,76.925327,0.432,0.7,27.5,159,2,0.731,0.265,1,0,0,0.4792,0.0958,69.47,4,600,56,MANUAL_REVIEW,1
C001213,W01306,EVT0171,43,Dwarka,Blinkit,Bike,38,3605.61,10.8,0,Post-Monsoon,Extreme Heat,0.22,0.1,0.32,0.227,1571.7,0.231,1,1,0.1781,28.557406,77.524858,0.154,3.3,38.1,179,0,0.526,0.026,0,1,0,0.7917,0.1583,54.93,2,300,58,MANUAL_REVIEW,1
C001220,W01372,EVT0348,29,West Delhi,Blinkit,EV Scooter,8,4450.42,9.3,0,Monsoon,Extreme Heat,0.25,0.3,0.55,0.148,608.3,0.002,0,1,0.3682,28.045868,77.035405,0.491,4.4,30.6,171,3,0.703,0.188,1,0,0,0.1667,0.0333,73.81,2,300,53,MANUAL_REVIEW,1
C001222,W00498,EVT0142,39,Gurgaon,Blinkit,Bike,19,3574.42,9.7,0,Summer,Heavy Rainfall,0.3,0.2,0.5,0.494,513.0,0.221,1,0,0.4427,28.862403,76.790514,0.506,5.6,26.8,155,0,0.721,0.281,0,0,0,0.3958,0.0792,64.93,4,600,48,MANUAL_REVIEW,1
C001226,W01810,EVT0135,43,East Delhi,BigBasket,Bike,10,3799.06,7.2,1,Post-Monsoon,Social Disruption,0.35,0.1,0.45,0.413,1769.0,0.17,0,1,0.3169,28.059502,77.201614,0.387,7.9,36.0,319,1,0.357,0.059,0,1,1,0.2083,0.0417,68.36,2,300,42,MANUAL_REVIEW,1
C001232,W01263,EVT0462,24,South Delhi,Blinkit,Bike,24,4503.6,8.6,0,Post-Monsoon,Heavy Rainfall,0.1,0.1,0.2,0.015,1099.8,0.17,1,1,0.158,28.5965,77.269308,0.559,22.9,37.8,137,0,0.879,0.135,0,0,0,0.5,0.1,53.82,2,300,66,MANUAL_REVIEW,1
C001233,W00218,EVT0062,26,Dwarka,Swiggy,Bike,28,3512.48,6.9,1,Monsoon,Heavy Rainfall,0.22,0.3,0.52,0.02,1108.5,0.125,0,1,0.2542,28.958349,76.878968,0.105,8.0,29.9,208,0,0.837,0.121,1,0,1,0.5833,0.1167,62.28,3,450,68,MANUAL_REVIEW,1
C001257,W00185,EVT0029,36,Rohini,Swiggy,Bike,38,3423.96,9.1,0,Monsoon,Flooding,0.18,0.3,0.48,0.222,819.7,0.0,1,1,0.2658,28.440016,76.820016,0.035,3.2,27.1,63,0,0.845,0.288,1,0,0,0.7917,0.1583,60.02,5,750,70,MANUAL_REVIEW,1
C001262,W00108,EVT0223,35,Lajpat Nagar,Zomato,Bike,43,3118.69,4.7,0,Summer,Social Disruption,0.12,0.2,0.32,0.339,400.2,0.003,1,0,0.3759,28.661938,76.7827,0.136,27.0,27.4,258,0,0.733,0.264,0,0,0,0.8958,0.1792,55.09,5,750,61,MANUAL_REVIEW,1
C001267,W01863,EVT0145,26,Saket,BigBasket,Bike,30,3336.72,10.1,1,Post-Monsoon,Severe Pollution,0.14,0.1,0.24,0.074,1085.7,0.116,0,1,0.2783,28.190916,76.764139,0.369,8.0,25.9,187,0,0.71,0.288,0,0,1,0.625,0.125,56.01,2,300,53,MANUAL_REVIEW,1
C001277,W00642,EVT0264,25,Saket,Instamart,EV Scooter,22,3646.37,7.6,0,Summer,Extreme Heat,0.14,0.2,0.34,0.266,1122.0,0.023,1,1,0.2404,28.880998,77.085744,0.099,2.2,29.8,204,0,0.567,0.274,1,0,0,0.4583,0.0917,59.6,4,600,60,MANUAL_REVIEW,1
C001288,W01206,EVT0200,23,Rohini,Zepto,EV Scooter,38,4261.81,7.0,0,Summer,Heavy Rainfall,0.18,0.2,0.38,0.276,375.4,0.069,1,1,0.361,28.687116,76.988898,0.018,0.5,25.6,121,1,0.824,0.001,1,0,0,0.7917,0.1583,55.88,3,450,65,MANUAL_REVIEW,1
C001294,W01039,EVT0132,28,West Delhi,Swiggy,Bicycle,30,2675.26,8.9,0,Winter,Extreme Heat,0.25,0.05,0.3,0.452,1968.1,0.112,1,1,0.1968,28.522581,77.220957,0.147,2.4,28.6,178,3,0.491,0.226,0,0,0,0.625,0.125,54.95,1,150,58,MANUAL_REVIEW,1
C001295,W01827,EVT0436,25,Rohini,Zomato,Bicycle,6,4716.26,9.5,0,Post-Monsoon,Heavy Rainfall,0.18,0.1,0.28,0.168,598.4,0.271,0,1,0.4045,28.669759,77.20927,0.147,28.3,36.5,86,0,0.375,0.259,0,1,0,0.125,0.025,63.51,2,300,55,MANUAL_REVIEW,1
C001306,W00134,EVT0088,34,Dwarka,Swiggy,Bike,15,2344.91,11.4,0,Post-Monsoon,Flooding,0.22,0.1,0.32,0.489,1441.3,0.074,1,0,0.2868,28.232601,76.73135,0.162,1.1,28.1,146,0,0.509,0.202,1,1,0,0.3125,0.0625,60.23,4,600,51,MANUAL_REVIEW,1
C001328,W01947,EVT0012,20,North Delhi,Zomato,Bicycle,20,3935.22,10.1,0,Winter,Flooding,0.2,0.05,0.25,0.189,1640.3,0.007,1,1,0.1303,28.380318,76.769824,0.532,2.2,40.3,74,0,0.89,0.341,1,0,0,0.4167,0.0833,54.4,3,450,62,MANUAL_REVIEW,1
C001336,W01904,EVT0341,26,North Delhi,Instamart,Bike,8,4332.17,8.1,0,Summer,Social Disruption,0.2,0.2,0.4,0.384,1651.9,0.238,1,1,0.2296,28.166969,77.063976,0.204,23.0,30.6,240,0,0.36,0.163,0,0,0,0.1667,0.0333,66.92,4,600,53,MANUAL_REVIEW,1
C001339,W00642,EVT0258,25,Saket,Instamart,EV Scooter,22,3646.37,7.6,0,Summer,Social Disruption,0.14,0.2,0.34,0.046,971.8,0.063,1,0,0.1789,28.800881,77.388234,0.238,22.7,30.1,160,1,0.361,0.049,1,0,0,0.4583,0.0917,58.67,4,600,64,MANUAL_REVIEW,1
C001344,W00221,EVT0199,44,South Delhi,Instamart,Bike,41,2665.58,8.5,1,Post-Monsoon,Heavy Rainfall,0.1,0.1,0.2,0.32,1356.3,0.104,0,1,0.335,28.808746,77.54641,0.314,16.7,25.2,73,0,0.674,0.076,0,0,1,0.8542,0.1708,47.7,6,900,52,MANUAL_REVIEW,1
C001349,W00106,EVT0188,30,Dwarka,Blinkit,Bike,16,4828.52,8.0,0,Summer,Extreme Heat,0.22,0.2,0.42,0.451,1810.2,0.046,0,1,0.3135,28.714903,77.381931,0.018,1.3,32.5,110,1,0.89,0.143,0,0,0,0.3333,0.0667,67.64,2,300,58,MANUAL_REVIEW,1
C001354,W00697,EVT0239,23,Dwarka,Swiggy,Bike,33,3221.06,10.2,0,Summer,Severe Pollution,0.22,0.2,0.42,0.149,1564.2,0.275,1,1,0.1525,28.147119,76.959435,0.144,19.9,26.1,105,1,0.833,0.257,1,0,0,0.6875,0.1375,58.24,2,300,66,MANUAL_REVIEW,1
C001360,W00865,EVT0135,44,South Delhi,Swiggy,Bike,8,3677.26,9.0,0,Monsoon,Social Disruption,0.1,0.3,0.4,0.363,1381.6,0.174,1,0,0.2554,28.032165,77.184141,0.462,16.2,33.7,60,1,0.406,0.281,0,0,0,0.1667,0.0333,66.9,4,600,50,MANUAL_REVIEW,1
C001364,W01693,EVT0148,40,East Delhi,BigBasket,Bike,46,4290.31,9.9,0,Winter,Severe Pollution,0.35,0.05,0.4,0.228,1045.9,0.118,0,0,0.3461,28.237727,77.28207,0.265,14.6,40.5,233,0,0.729,0.248,1,0,0,0.9583,0.1917,55.43,5,750,60,MANUAL_REVIEW,1
C001366,W01568,EVT0106,39,East Delhi,Blinkit,Bicycle,40,3914.01,8.7,1,Monsoon,Severe Pollution,0.35,0.3,0.65,0.06,429.3,0.188,1,0,0.2784,28.774596,77.177905,0.374,4.9,41.3,346,1,0.43,0.108,0,1,1,0.8333,0.1667,66.59,4,600,59,MANUAL_REVIEW,1
C001387,W01683,EVT0395,27,Noida,Zomato,EV Scooter,17,4045.46,7.8,0,Winter,Flooding,0.28,0.05,0.33,0.213,1136.0,0.015,1,0,0.2163,28.692124,76.802314,0.131,20.8,26.1,309,1,0.831,0.186,1,0,0,0.3542,0.0708,59.39,3,450,64,MANUAL_REVIEW,1
C001394,W00405,EVT0362,22,Faridabad,Swiggy,Bike,4,2903.11,12.1,0,Winter,Extreme Heat,0.32,0.05,0.37,0.538,853.4,0.207,1,0,0.4079,28.316301,77.534288,0.083,2.0,40.9,122,1,0.61,0.188,1,0,0,0.0833,0.0167,63.99,5,750,54,MANUAL_REVIEW,1
C001412,W01500,EVT0393,38,Connaught Place,Blinkit,Bike,22,3933.64,8.6,1,Winter,Flooding,0.15,0.05,0.2,0.429,495.8,0.16,1,0,0.4132,28.321428,77.355907,0.136,10.0,38.5,301,1,0.357,0.12,0,1,1,0.4583,0.0917,53.49,4,600,53,MANUAL_REVIEW,1
C001415,W01616,EVT0040,28,East Delhi,Swiggy,Bike,23,3316.57,11.6,0,Post-Monsoon,Social Disruption,0.35,0.1,0.45,0.104,1886.6,0.118,0,0,0.1704,28.908521,77.505629,0.346,21.6,33.3,355,1,0.61,0.293,0,0,0,0.4792,0.0958,67.03,2,300,61,MANUAL_REVIEW,1
C001436,W00607,EVT0038,42,West Delhi,Instamart,Bicycle,47,4598.12,8.0,0,Summer,Social Disruption,0.25,0.2,0.45,0.302,786.6,0.006,1,1,0.3034,28.100919,76.850504,0.198,17.6,26.2,233,0,0.384,0.043,1,0,0,0.9792,0.1958,59.01,3,450,54,MANUAL_REVIEW,1
C001437,W01506,EVT0473,33,Saket,Blinkit,Bike,35,2405.7,11.2,0,Post-Monsoon,Social Disruption,0.14,0.1,0.24,0.104,1494.7,0.112,0,0,0.2286,28.843203,77.291721,0.419,10.6,34.3,246,1,0.486,0.261,1,0,0,0.7292,0.1458,48.06,3,450,60,MANUAL_REVIEW,1
C001451,W00968,EVT0182,37,Faridabad,Blinkit,Bike,2,3692.77,4.8,0,Monsoon,Social Disruption,0.32,0.3,0.62,0.521,1538.5,0.266,0,1,0.4042,28.980422,76.823213,0.0,14.5,40.7,326,0,0.549,0.255,1,1,0,0.0417,0.0083,78.53,5,750,48,MANUAL_REVIEW,1
C001457,W00449,EVT0071,24,Gurgaon,Instamart,Bike,36,3118.93,7.7,1,Post-Monsoon,Severe Pollution,0.3,0.1,0.4,0.101,526.9,0.223,1,1,0.2837,28.569266,76.942275,0.228,8.4,38.5,285,0,0.843,0.245,0,0,0,0.75,0.15,55.07,3,450,73,AUTO_REJECT,1
C001459,W01568,EVT0155,39,East Delhi,Blinkit,Bicycle,40,3914.01,8.7,1,Post-Monsoon,Extreme Heat,0.35,0.1,0.45,0.317,1555.0,0.015,1,0,0.1951,28.108009,76.69863,0.113,2.4,30.3,99,2,0.632,0.074,1,1,1,0.8333,0.1667,59.4,5,750,67,MANUAL_REVIEW,1
C001464,W00607,EVT0191,42,West Delhi,Instamart,Bicycle,47,4598.12,8.0,0,Monsoon,Social Disruption,0.25,0.3,0.55,0.043,648.5,0.191,1,0,0.239,28.090313,77.006893,0.497,26.4,34.9,224,1,0.63,0.254,0,1,0,0.9792,0.1958,61.59,3,450,59,MANUAL_REVIEW,1
C001467,W00807,EVT0190,27,Rohini,Zepto,Bike,45,3333.6,8.5,0,Summer,Heavy Rainfall,0.18,0.2,0.38,0.389,462.6,0.205,1,1,0.4067,28.925801,77.432721,0.538,14.5,37.7,103,1,0.755,0.253,1,0,0,0.9375,0.1875,49.31,4,600,53,MANUAL_REVIEW,1
C001468,W01933,EVT0268,38,South Delhi,Zomato,Bike,37,4119.23,7.8,1,Monsoon,Flooding,0.1,0.3,0.4,0.184,1220.8,0.243,1,0,0.2148,28.418876,77.416904,0.37,14.5,29.6,96,0,0.688,0.17,1,0,1,0.7708,0.1542,59.67,3,450,59,MANUAL_REVIEW,1
C001474,W00146,EVT0235,20,Connaught Place,Instamart,Bicycle,15,4006.22,12.6,0,Monsoon,Social Disruption,0.15,0.3,0.45,0.012,851.5,0.072,1,0,0.1843,28.52342,77.456469,0.104,15.2,41.5,219,2,0.448,0.228,0,0,0,0.3125,0.0625,62.73,2,300,70,MANUAL_REVIEW,1
C001503,W00720,EVT0343,22,Noida,Blinkit,EV Scooter,1,1858.08,11.4,0,Post-Monsoon,Flooding,0.28,0.1,0.38,0.012,1178.0,0.239,0,1,0.252,28.504244,76.672711,0.119,24.5,25.1,313,0,0.826,0.11,1,0,0,0.0208,0.0042,70.22,1,150,68,MANUAL_REVIEW,1
C001504,W00173,EVT0199,37,Saket,Zomato,Bike,38,3137.05,10.7,1,Summer,Heavy Rainfall,0.14,0.2,0.34,0.523,1250.4,0.279,1,1,0.3495,28.243071,77.51814,0.388,3.2,29.0,179,0,0.413,0.181,1,1,0,0.7917,0.1583,52.49,3,450,40,MANUAL_REVIEW,1
C001514,W00881,EVT0071,24,Connaught Place,Blinkit,Bike,1,2917.8,10.7,1,Post-Monsoon,Extreme Heat,0.15,0.1,0.25,0.02,1461.4,0.186,1,1,0.1074,28.012237,76.752698,0.115,2.0,35.5,93,1,0.48,0.241,1,0,1,0.0208,0.0042,62.25,2,300,68,MANUAL_REVIEW,1
C001516,W01471,EVT0124,20,Noida,Zomato,Bike,16,3758.16,9.8,1,Monsoon,Social Disruption,0.28,0.3,0.58,0.221,815.9,0.245,0,1,0.3905,28.664467,77.465349,0.371,17.4,32.0,301,1,0.735,0.187,0,0,1,0.3333,0.0667,73.35,2,300,54,MANUAL_REVIEW,1
C001559,W00638,EVT0260,36,Connaught Place,Swiggy,Bicycle,26,4354.1,6.1,1,Winter,Extreme Heat,0.15,0.05,0.2,0.013,548.2,0.212,1,1,0.2442,28.599653,77.045949,0.484,0.8,38.5,243,0,0.441,0.326,1,1,1,0.5417,0.1083,51.45,2,300,58,MANUAL_REVIEW,1
C001562,W00396,EVT0206,25,North Delhi,Instamart,Bicycle,40,4601.59,8.1,0,Winter,Social Disruption,0.2,0.05,0.25,0.419,1938.2,0.184,1,1,0.1953,28.895876,77.358369,0.186,8.3,27.3,284,0,0.714,0.094,1,0,0,0.8333,0.1667,52.03,4,600,54,MANUAL_REVIEW,1
C001568,W00004,EVT0049,24,Gurgaon,Instamart,Bike,35,3456.54,9.8,0,Monsoon,Severe Pollution,0.3,0.3,0.6,0.147,1342.1,0.019,1,1,0.1594,28.231141,77.027198,0.379,21.1,37.1,165,0,0.742,0.035,1,0,0,0.7292,0.1458,65.88,2,300,55,MANUAL_REVIEW,1
C001571,W00287,EVT0079,20,West Delhi,BigBasket,Bike,44,3795.56,8.5,0,Post-Monsoon,Social Disruption,0.25,0.1,0.35,0.363,683.5,0.135,1,1,0.3562,28.816981,76.692463,0.561,22.0,25.7,191,0,0.78,0.041,0,0,0,0.9167,0.1833,50.18,3,450,49,MANUAL_REVIEW,1
C001575,W00000,EVT0486,29,Connaught Place,Swiggy,Bike,37,3379.34,7.5,0,Summer,Extreme Heat,0.15,0.2,0.35,0.201,654.5,0.149,0,1,0.3971,28.001103,76.724958,0.13,4.5,29.1,247,0,0.563,0.198,1,1,0,0.7708,0.1542,57.45,2,300,57,MANUAL_REVIEW,1
C001577,W01890,EVT0225,42,Noida,Zomato,Bicycle,44,4313.72,12.3,1,Summer,Severe Pollution,0.28,0.2,0.48,0.021,416.8,0.145,1,1,0.2604,28.370825,77.034716,0.418,10.8,37.4,169,0,0.899,0.207,1,0,0,0.9167,0.1833,59.55,1,150,67,MANUAL_REVIEW,1
C001593,W01496,EVT0033,37,Lajpat Nagar,BigBasket,Bike,21,3925.73,8.5,1,Post-Monsoon,Social Disruption,0.12,0.1,0.22,0.414,1065.1,0.037,1,0,0.3095,28.110996,77.170217,0.142,0.7,32.3,239,0,0.364,0.156,0,0,1,0.4375,0.0875,54.37,6,900,49,MANUAL_REVIEW,1
C001596,W00690,EVT0127,34,South Delhi,Zomato,Bike,45,2874.87,9.0,0,Monsoon,Social Disruption,0.1,0.3,0.4,0.084,1326.8,0.017,1,1,0.1363,28.988197,77.029586,0.49,8.6,38.8,200,0,0.786,0.235,0,1,0,0.9375,0.1875,54.61,6,900,62,MANUAL_REVIEW,1
C001630,W01295,EVT0098,24,East Delhi,Instamart,Bike,38,2737.43,9.6,0,Summer,Flooding,0.35,0.2,0.55,0.533,1313.2,0.101,0,1,0.4263,28.431,77.45277,0.39,6.1,30.9,70,1,0.755,0.284,1,0,0,0.7917,0.1583,59.93,2,300,45,MANUAL_REVIEW,1
C001641,W01595,EVT0123,37,Lajpat Nagar,Zomato,Bike,30,3796.22,7.8,0,Monsoon,Extreme Heat,0.12,0.3,0.42,0.549,1206.9,0.094,1,1,0.348,28.591748,77.583699,0.254,2.1,30.5,98,0,0.547,0.206,0,0,0,0.625,0.125,57.63,1,150,49,MANUAL_REVIEW,1
C001645,W01105,EVT0465,37,Rohini,Zomato,Bike,16,2441.21,9.6,0,Winter,Social Disruption,0.18,0.05,0.23,0.436,1295.5,0.004,0,0,0.3805,28.157995,76.695319,0.442,5.4,30.6,205,4,0.879,0.236,0,0,0,0.3333,0.0667,58.03,2,300,55,MANUAL_REVIEW,1
C001651,W01750,EVT0040,23,Saket,Instamart,EV Scooter,15,3549.91,9.2,0,Post-Monsoon,Severe Pollution,0.14,0.1,0.24,0.51,715.5,0.134,1,0,0.4101,28.677416,77.060153,0.227,12.3,30.4,378,2,0.704,0.008,0,0,0,0.3125,0.0625,53.64,6,900,51,MANUAL_REVIEW,1
C001652,W00783,EVT0166,29,South Delhi,Instamart,EV Scooter,4,3219.62,10.5,0,Post-Monsoon,Heavy Rainfall,0.1,0.1,0.2,0.138,1700.3,0.108,1,1,0.111,28.885127,77.424897,0.569,8.4,32.0,127,2,0.898,0.061,1,0,0,0.0833,0.0167,57.11,3,450,66,MANUAL_REVIEW,1
C001654,W01878,EVT0448,27,Dwarka,Swiggy,Bicycle,17,2868.64,10.5,0,Post-Monsoon,Heavy Rainfall,0.22,0.1,0.32,0.166,1030.4,0.046,1,1,0.2164,28.037611,77.167073,0.141,6.4,34.4,158,1,0.452,0.072,0,0,0,0.3542,0.0708,58.53,2,300,64,MANUAL_REVIEW,1
C001656,W01811,EVT0255,28,West Delhi,Swiggy,EV Scooter,20,5594.92,8.4,0,Monsoon,Social Disruption,0.25,0.3,0.55,0.294,352.6,0.071,1,1,0.3718,28.253149,77.558711,0.061,11.4,28.0,167,1,0.372,0.342,1,0,0,0.4167,0.0833,68.97,1,150,58,MANUAL_REVIEW,1
C001663,W01495,EVT0230,42,Rohini,Zomato,Bicycle,21,3311.87,10.0,0,Monsoon,Heavy Rainfall,0.18,0.3,0.48,0.385,1945.2,0.039,1,0,0.1661,28.65514,77.109589,0.139,6.4,32.2,99,0,0.528,0.313,1,0,0,0.4375,0.0875,65.68,3,450,52,MANUAL_REVIEW,1
C001679,W01960,EVT0335,44,Connaught Place,Zepto,Bike,19,4418.92,9.5,0,Winter,Extreme Heat,0.15,0.05,0.2,0.308,732.6,0.043,1,1,0.3176,28.162696,76.750602,0.13,1.6,41.4,144,1,0.765,0.04,0,0,0,0.3958,0.0792,53.04,2,300,57,MANUAL_REVIEW,1
C001688,W00416,EVT0180,38,West Delhi,Zomato,Bike,37,4861.33,9.6,1,Post-Monsoon,Social Disruption,0.25,0.1,0.35,0.19,1018.8,0.131,1,1,0.2363,28.03449,77.15047,0.18,29.4,30.0,318,0,0.711,0.238,1,1,0,0.7708,0.1542,57.73,5,750,67,MANUAL_REVIEW,1
C001693,W00774,EVT0239,42,South Delhi,Swiggy,Bicycle,3,4576.46,6.9,0,Winter,Social Disruption,0.1,0.05,0.15,0.117,998.2,0.063,0,0,0.3034,28.431262,77.448623,0.061,10.8,36.8,151,0,0.409,0.243,1,0,0,0.0625,0.0125,60.98,3,450,59,MANUAL_REVIEW,1
C001695,W00930,EVT0332,29,Dwarka,Instamart,Bike,46,4258.92,10.7,1,Monsoon,Social Disruption,0.22,0.3,0.52,0.196,315.2,0.266,1,1,0.3577,28.264315,77.417303,0.337,25.2,38.0,226,0,0.352,0.341,1,1,0,0.9583,0.1917,61.36,5,750,50,MANUAL_REVIEW,1
C001702,W01606,EVT0272,25,Dwarka,Zepto,Bike,15,3865.04,8.5,1,Winter,Social Disruption,0.22,0.05,0.27,0.181,700.7,0.173,0,1,0.3846,28.608562,77.21964,0.382,26.7,26.1,303,1,0.898,0.253,1,0,1,0.3125,0.0625,52.75,3,450,57,MANUAL_REVIEW,1
C001715,W00730,EVT0089,43,Saket,Blinkit,Bicycle,25,2643.65,6.5,0,Post-Monsoon,Social Disruption,0.14,0.1,0.24,0.059,1875.1,0.101,1,0,0.0524,28.224784,77.230118,0.373,11.1,28.1,259,1,0.43,0.296,0,0,0,0.5208,0.1042,52.36,3,450,59,MANUAL_REVIEW,1
C001737,W00786,EVT0418,20,East Delhi,Zepto,Bike,42,3277.11,9.9,0,Winter,Severe Pollution,0.35,0.05,0.4,0.192,700.0,0.223,0,0,0.3941,28.699901,76.610847,0.208,6.5,35.8,166,1,0.744,0.213,0,0,0,0.875,0.175,58.22,3,450,56,MANUAL_REVIEW,1
C001745,W00719,EVT0180,33,Gurgaon,Blinkit,Bicycle,38,3545.09,8.8,0,Post-Monsoon,Severe Pollution,0.3,0.1,0.4,0.102,1308.1,0.235,0,1,0.2681,28.779439,77.47174,0.481,28.0,36.2,197,0,0.864,0.311,1,0,0,0.7917,0.1583,57.85,4,600,58,MANUAL_REVIEW,1
C001787,W01956,EVT0295,23,Noida,Blinkit,Bike,5,2871.78,10.3,0,Post-Monsoon,Heavy Rainfall,0.28,0.1,0.38,0.14,424.8,0.063,1,1,0.2986,28.916084,77.369903,0.049,15.5,29.0,206,0,0.837,0.053,0,1,0,0.1042,0.0208,68.08,5,750,70,MANUAL_REVIEW,1
C001791,W00599,EVT0492,41,South Delhi,BigBasket,Bike,10,5158.79,9.7,0,Monsoon,Flooding,0.1,0.3,0.4,0.095,946.4,0.129,0,1,0.3089,28.602466,76.938445,0.209,11.3,38.3,114,0,0.491,0.343,0,0,0,0.2083,0.0417,66.24,6,900,64,MANUAL_REVIEW,1
C001827,W00412,EVT0119,36,Saket,Zomato,Bike,5,3394.08,8.0,0,Winter,Extreme Heat,0.14,0.05,0.19,0.141,1477.5,0.225,1,0,0.1573,28.397003,77.598356,0.12,2.9,37.7,155,2,0.726,0.285,0,0,0,0.1042,0.0208,56.63,5,750,73,AUTO_REJECT,1
C001839,W00598,EVT0373,41,Rohini,Swiggy,EV Scooter,24,2941.5,7.9,0,Monsoon,Severe Pollution,0.18,0.3,0.48,0.445,650.2,0.227,1,1,0.4032,28.676807,77.434973,0.021,20.3,27.2,57,0,0.483,0.134,1,0,0,0.5,0.1,64.58,1,150,53,MANUAL_REVIEW,1
C001861,W00337,EVT0412,20,South Delhi,Blinkit,Bicycle,5,2414.16,7.3,0,Monsoon,Extreme Heat,0.1,0.3,0.4,0.154,1743.2,0.197,1,1,0.1198,28.654331,76.800347,0.482,4.2,39.0,147,0,0.431,0.052,1,0,0,0.1042,0.0208,63.17,1,150,53,MANUAL_REVIEW,1
C001863,W01000,EVT0374,44,West Delhi,Instamart,Bike,26,5102.02,9.1,0,Winter,Severe Pollution,0.25,0.05,0.3,0.195,1536.9,0.081,1,0,0.1556,28.954103,77.05442,0.1,12.6,32.3,182,1,0.582,0.098,0,0,0,0.5417,0.1083,52.78,3,450,67,MANUAL_REVIEW,1
C001870,W01691,EVT0396,32,Rohini,Instamart,Bicycle,6,4586.62,9.6,0,Winter,Severe Pollution,0.18,0.05,0.23,0.41,1112.8,0.223,1,0,0.3194,28.278823,76.802239,0.573,16.8,39.7,130,4,0.819,0.168,1,1,0,0.125,0.025,60.75,3,450,52,MANUAL_REVIEW,1
C001885,W01698,EVT0467,32,Rohini,Swiggy,EV Scooter,27,2811.61,11.2,0,Summer,Social Disruption,0.18,0.2,0.38,0.427,516.4,0.005,0,0,0.4938,28.863591,76.925078,0.158,25.5,28.2,129,0,0.537,0.041,0,0,0,0.5625,0.1125,60.44,3,450,47,MANUAL_REVIEW,1
C001889,W00800,EVT0362,44,Gurgaon,BigBasket,Bike,42,4429.7,9.4,0,Post-Monsoon,Heavy Rainfall,0.3,0.1,0.4,0.239,693.8,0.246,1,1,0.3161,28.1372,77.206912,0.253,41.1,31.3,141,1,0.817,0.085,1,0,0,0.875,0.175,56.21,3,450,63,MANUAL_REVIEW,1
C001890,W01635,EVT0189,35,Lajpat Nagar,Zomato,Bike,45,4802.38,9.4,0,Summer,Social Disruption,0.12,0.2,0.32,0.1,1066.4,0.274,0,1,0.3074,28.032259,77.159213,0.449,9.3,26.4,244,0,0.777,0.212,1,1,0,0.9375,0.1875,53.36,4,600,64,MANUAL_REVIEW,1
C001892,W00355,EVT0494,38,South Delhi,BigBasket,Bicycle,42,3260.94,12.2,0,Post-Monsoon,Severe Pollution,0.1,0.1,0.2,0.522,1338.4,0.125,0,1,0.4205,28.682555,77.449918,0.465,16.9,29.7,328,3,0.482,0.113,1,0,0,0.875,0.175,51.67,6,900,47,MANUAL_REVIEW,1
C001919,W00788,EVT0250,35,Gurgaon,Zepto,Bike,25,3305.99,7.4,0,Winter,Social Disruption,0.3,0.05,0.35,0.361,961.1,0.1,0,0,0.4102,28.6733,77.485655,0.568,3.2,35.9,77,0,0.692,0.217,1,0,0,0.5208,0.1042,63.13,6,900,43,MANUAL_REVIEW,1
C001924,W00445,EVT0496,25,Gurgaon,Blinkit,Bike,37,4456.44,13.0,0,Monsoon,Social Disruption,0.3,0.3,0.6,0.359,676.2,0.276,1,0,0.3698,28.204808,76.713275,0.169,13.9,40.4,92,1,0.739,0.316,1,0,0,0.7708,0.1542,63.25,3,450,66,MANUAL_REVIEW,1
C001926,W01836,EVT0119,29,Lajpat Nagar,Zomato,Bike,3,3657.74,9.2,0,Summer,Heavy Rainfall,0.12,0.2,0.32,0.354,1095.4,0.004,1,1,0.2777,28.537745,76.674777,0.127,23.6,33.0,222,1,0.685,0.16,1,1,0,0.0625,0.0125,63.99,3,450,60,MANUAL_REVIEW,1
C001934,W00707,EVT0020,33,Lajpat Nagar,Zepto,Bike,16,3256.29,9.0,0,Post-Monsoon,Flooding,0.12,0.1,0.22,0.173,1934.4,0.221,0,1,0.2011,28.443021,76.970608,0.56,5.7,35.9,376,0,0.357,0.03,1,0,0,0.3333,0.0667,56.51,3,450,45,MANUAL_REVIEW,1
C001963,W00712,EVT0151,26,East Delhi,Zomato,Bike,38,2836.97,9.8,0,Post-Monsoon,Heavy Rainfall,0.35,0.1,0.45,0.463,719.4,0.132,1,0,0.3905,28.040233,77.481661,0.377,24.9,25.1,225,1,0.89,0.301,0,0,0,0.7917,0.1583,55.94,4,600,59,MANUAL_REVIEW,1
C001964,W01489,EVT0489,27,Gurgaon,Zomato,Bike,43,3769.28,8.7,0,Monsoon,Extreme Heat,0.3,0.3,0.6,0.324,624.6,0.03,1,1,0.3389,28.004137,77.223629,0.167,4.4,33.8,130,0,0.782,0.149,0,1,0,0.8958,0.1792,64.66,3,450,57,MANUAL_REVIEW,1
C001966,W00679,EVT0426,39,East Delhi,BigBasket,Bike,29,3622.31,9.5,0,Winter,Social Disruption,0.35,0.05,0.4,0.184,853.0,0.189,1,0,0.2646,28.505159,77.58367,0.533,20.0,40.5,167,3,0.598,0.058,1,0,0,0.6042,0.1208,60.47,2,300,60,MANUAL_REVIEW,1
C001968,W00347,EVT0108,29,Noida,Swiggy,Bike,7,3265.72,10.2,0,Post-Monsoon,Severe Pollution,0.28,0.1,0.38,0.147,1304.1,0.073,1,1,0.1705,28.338992,77.009038,0.496,7.4,40.1,111,0,0.403,0.042,1,0,0,0.1458,0.0292,66.97,3,450,57,MANUAL_REVIEW,1
C001976,W01787,EVT0309,42,Noida,BigBasket,Bike,29,2471.76,7.0,0,Post-Monsoon,Flooding,0.28,0.1,0.38,0.467,1624.8,0.086,0,0,0.3517,28.133148,77.466559,0.437,17.6,27.6,122,3,0.517,0.026,1,1,0,0.6042,0.1208,60.8,2,300,49,MANUAL_REVIEW,1
C002001,W00966,EVT0052,41,Rohini,Swiggy,Bicycle,30,2165.88,11.7,0,Post-Monsoon,Severe Pollution,0.18,0.1,0.28,0.029,1514.2,0.032,1,0,0.0877,28.831047,77.062846,0.388,15.0,26.9,185,1,0.576,0.337,0,0,0,0.625,0.125,54.15,2,300,67,MANUAL_REVIEW,1
C002041,W00486,EVT0265,39,Connaught Place,Zepto,Bike,18,3442.61,8.9,0,Summer,Extreme Heat,0.15,0.2,0.35,0.175,1521.7,0.01,1,1,0.1427,28.227122,76.605335,0.437,1.4,34.7,137,1,0.887,0.194,0,1,0,0.375,0.075,63.17,4,600,63,MANUAL_REVIEW,1
C002043,W01181,EVT0160,23,Dwarka,Instamart,EV Scooter,12,3943.84,11.6,1,Post-Monsoon,Social Disruption,0.22,0.1,0.32,0.148,325.8,0.263,1,0,0.3366,28.858466,76.941792,0.249,1.6,39.4,51,1,0.818,0.192,0,1,1,0.25,0.05,63.02,3,450,71,AUTO_REJECT,1
C002044,W00832,EVT0345,29,Rohini,Blinkit,Bike,45,2723.48,10.6,0,Summer,Severe Pollution,0.18,0.2,0.38,0.339,811.0,0.128,0,1,0.4268,28.489652,77.125448,0.308,6.9,39.3,359,1,0.423,0.12,0,0,0,0.9375,0.1875,57.1,2,300,53,MANUAL_REVIEW,1
C002064,W01538,EVT0424,40,Faridabad,Zomato,Bike,28,3277.29,10.2,1,Summer,Social Disruption,0.32,0.2,0.52,0.419,1193.6,0.119,0,1,0.4005,28.523786,76.823202,0.431,28.1,25.7,224,0,0.847,0.198,1,0,0,0.5833,0.1167,67.27,1,150,49,MANUAL_REVIEW,1
C002065,W01417,EVT0184,31,Noida,BigBasket,Bike,1,3414.08,8.0,0,Winter,Severe Pollution,0.28,0.05,0.33,0.253,780.6,0.258,1,1,0.3099,28.829452,77.369376,0.212,9.4,39.4,267,1,0.588,0.047,0,0,0,0.0208,0.0042,65.92,4,600,66,MANUAL_REVIEW,1
C002080,W01612,EVT0219,34,West Delhi,Instamart,Bicycle,6,3046.4,6.1,1,Winter,Extreme Heat,0.25,0.05,0.3,0.104,282.2,0.156,1,1,0.3149,28.275989,77.477827,0.3,1.0,38.2,177,0,0.396,0.206,1,0,1,0.125,0.025,61.63,1,150,60,MANUAL_REVIEW,1
C002088,W01277,EVT0404,27,West Delhi,Swiggy,Bike,11,3856.79,10.1,0,Summer,Social Disruption,0.25,0.2,0.45,0.396,303.1,0.147,1,0,0.4276,28.905932,77.34598,0.531,23.8,40.1,149,1,0.749,0.263,1,1,0,0.2292,0.0458,63.73,4,600,53,MANUAL_REVIEW,1
C002090,W00779,EVT0260,43,Noida,Zepto,EV Scooter,35,4216.75,10.2,0,Summer,Extreme Heat,0.28,0.2,0.48,0.466,1393.7,0.173,0,0,0.3946,28.187825,76.919413,0.496,4.5,36.7,198,0,0.804,0.066,1,0,0,0.7292,0.1458,62.13,4,600,41,MANUAL_REVIEW,1
C002136,W00998,EVT0003,27,Noida,Swiggy,Bike,3,3431.33,7.1,0,Summer,Extreme Heat,0.28,0.2,0.48,0.127,1153.6,0.02,1,0,0.1798,28.655123,77.1711,0.564,2.3,42.0,245,2,0.509,0.023,1,0,0,0.0625,0.0125,71.89,4,600,58,MANUAL_REVIEW,1
C002137,W01742,EVT0039,33,Rohini,BigBasket,Bike,1,3782.99,7.8,0,Post-Monsoon,Flooding,0.18,0.1,0.28,0.402,719.2,0.03,1,0,0.3559,28.506475,76.896665,0.409,20.0,33.4,357,3,0.737,0.322,1,0,0,0.0208,0.0042,66.89,6,900,59,MANUAL_REVIEW,1
C002156,W01943,EVT0295,27,Connaught Place,Zomato,Bicycle,21,3961.65,6.5,0,Post-Monsoon,Flooding,0.15,0.1,0.25,0.114,929.3,0.021,1,0,0.2083,28.093591,76.856811,0.237,2.3,31.1,373,1,0.835,0.122,1,1,0,0.4375,0.0875,57.16,4,600,67,MANUAL_REVIEW,1
C002174,W00923,EVT0082,21,Faridabad,Instamart,EV Scooter,19,2951.64,7.8,1,Winter,Heavy Rainfall,0.32,0.05,0.37,0.335,322.5,0.008,1,1,0.3864,28.44077,76.74855,0.449,16.8,36.8,98,1,0.763,0.09,1,0,0,0.3958,0.0792,59.74,4,600,52,MANUAL_REVIEW,1
C002175,W01950,EVT0111,32,Saket,Blinkit,Bicycle,36,3478.9,7.6,0,Monsoon,Social Disruption,0.14,0.3,0.44,0.151,1165.5,0.131,1,0,0.1987,28.03089,77.519284,0.02,29.2,33.6,198,2,0.714,0.279,1,0,0,0.75,0.15,66.28,5,750,73,AUTO_REJECT,1
C002180,W01500,EVT0286,38,Connaught Place,Blinkit,Bike,22,3933.64,8.6,1,Post-Monsoon,Extreme Heat,0.15,0.1,0.25,0.369,1250.1,0.125,1,0,0.2726,28.841401,77.090805,0.109,4.7,42.5,119,2,0.705,0.261,1,0,1,0.4583,0.0917,50.86,3,450,67,MANUAL_REVIEW,1
C002184,W01247,EVT0084,36,North Delhi,Zepto,Bike,20,3427.22,9.9,0,Post-Monsoon,Heavy Rainfall,0.2,0.1,0.3,0.466,489.3,0.195,0,1,0.5325,28.922754,77.352694,0.174,10.9,26.1,214,1,0.501,0.025,1,0,0,0.4167,0.0833,55.63,1,150,51,MANUAL_REVIEW,1
C002193,W00063,EVT0283,39,Connaught Place,Instamart,Bike,22,3488.36,11.5,0,Summer,Extreme Heat,0.15,0.2,0.35,0.115,1306.5,0.177,0,0,0.2677,28.392843,77.576715,0.005,2.9,28.2,202,0,0.794,0.216,0,1,0,0.4583,0.0917,61.99,3,450,67,MANUAL_REVIEW,1
C002213,W00304,EVT0462,42,Noida,Instamart,Bike,35,4291.32,9.2,1,Monsoon,Severe Pollution,0.28,0.3,0.58,0.129,1757.0,0.167,1,0,0.1048,28.202889,77.225007,0.526,4.9,34.0,236,0,0.883,0.339,0,0,1,0.7292,0.1458,63.16,4,600,58,MANUAL_REVIEW,1
C002238,W01490,EVT0075,41,Rohini,Zomato,Bike,31,3940.32,12.2,0,Winter,Extreme Heat,0.18,0.05,0.23,0.452,1667.2,0.102,1,1,0.2409,28.291392,76.844958,0.514,0.2,32.4,228,1,0.644,0.19,1,0,0,0.6458,0.1292,50.36,1,150,50,MANUAL_REVIEW,1
C002240,W01929,EVT0476,21,North Delhi,Blinkit,Bike,14,3784.04,10.6,1,Summer,Severe Pollution,0.2,0.2,0.4,0.423,576.2,0.014,1,0,0.3842,28.202115,77.59236,0.547,27.7,28.4,137,0,0.879,0.189,1,0,1,0.2917,0.0583,65.46,3,450,47,MANUAL_REVIEW,1
C002243,W00607,EVT0239,42,West Delhi,Instamart,Bicycle,47,4598.12,8.0,0,Post-Monsoon,Flooding,0.25,0.1,0.35,0.052,627.2,0.055,1,0,0.2322,28.773682,77.189989,0.359,27.1,33.5,151,2,0.359,0.163,1,1,0,0.9792,0.1958,54.43,4,600,59,MANUAL_REVIEW,1
C002250,W01761,EVT0234,20,Gurgaon,Zomato,Bicycle,32,6025.16,7.4,1,Winter,Severe Pollution,0.3,0.05,0.35,0.011,923.5,0.094,0,1,0.2753,28.306131,76.737266,0.113,4.9,31.6,212,1,0.883,0.107,0,1,0,0.6667,0.1333,55.33,6,900,74,AUTO_REJECT,1
C002272,W01875,EVT0155,34,East Delhi,Instamart,Bicycle,22,4301.19,9.2,1,Winter,Flooding,0.35,0.05,0.4,0.18,1238.5,0.186,1,0,0.2048,28.644579,76.603783,0.231,18.0,33.6,100,0,0.631,0.064,1,0,1,0.4583,0.0917,62.46,2,300,58,MANUAL_REVIEW,1
C002279,W00021,EVT0244,40,Saket,Swiggy,Bicycle,9,4259.88,7.8,0,Winter,Flooding,0.14,0.05,0.19,0.274,1016.2,0.189,0,0,0.3761,28.42646,76.684262,0.093,13.7,38.5,337,3,0.878,0.063,1,1,0,0.1875,0.0375,54.78,4,600,61,MANUAL_REVIEW,1
C002287,W00396,EVT0457,25,North Delhi,Instamart,Bicycle,40,4601.59,8.1,0,Summer,Extreme Heat,0.2,0.2,0.4,0.168,1775.3,0.101,0,0,0.211,28.249911,77.321057,0.264,4.7,34.8,276,1,0.611,0.212,0,0,0,0.8333,0.1667,57.08,3,450,55,MANUAL_REVIEW,1
C002292,W01644,EVT0073,25,Connaught Place,Zepto,Bicycle,11,3471.45,9.8,0,Monsoon,Social Disruption,0.15,0.3,0.45,0.146,899.2,0.159,0,1,0.3394,28.9747,77.506342,0.03,3.1,36.8,224,0,0.746,0.038,0,0,0,0.2292,0.0458,63.93,1,150,70,MANUAL_REVIEW,1
C002306,W01235,EVT0254,24,Faridabad,Zepto,Bike,35,4488.23,8.6,0,Monsoon,Flooding,0.32,0.3,0.62,0.291,1386.2,0.135,0,1,0.322,28.729892,76.868592,0.343,27.0,26.7,302,0,0.484,0.102,1,0,0,0.7292,0.1458,69.98,3,450,46,MANUAL_REVIEW,1
C002328,W00443,EVT0097,37,South Delhi,Instamart,EV Scooter,25,4456.12,8.1,1,Post-Monsoon,Flooding,0.1,0.1,0.2,0.512,1354.3,0.045,1,0,0.3062,28.512999,77.364656,0.384,27.4,28.5,304,1,0.88,0.021,0,0,1,0.5208,0.1042,52.5,3,450,54,MANUAL_REVIEW,1
C002331,W01273,EVT0080,39,South Delhi,Zomato,EV Scooter,40,3243.2,8.3,0,Winter,Social Disruption,0.1,0.05,0.15,0.41,598.4,0.04,0,1,0.4782,28.331154,76.78659,0.529,14.8,40.6,187,4,0.545,0.208,1,0,0,0.8333,0.1667,48.19,4,600,49,MANUAL_REVIEW,1
C002337,W00969,EVT0429,26,East Delhi,BigBasket,Bike,9,3235.34,7.0,1,Winter,Extreme Heat,0.35,0.05,0.4,0.037,1869.5,0.124,1,1,0.0468,28.607972,76.73402,0.054,4.3,39.4,223,1,0.813,0.156,1,0,1,0.1875,0.0375,66.47,2,300,73,AUTO_REJECT,1
C002339,W01997,EVT0121,24,Connaught Place,BigBasket,Bike,7,4612.94,11.0,0,Winter,Extreme Heat,0.15,0.05,0.2,0.04,1517.7,0.224,1,0,0.1107,28.936533,76.920457,0.578,2.0,29.1,140,2,0.789,0.251,1,0,0,0.1458,0.0292,60.08,3,450,66,MANUAL_REVIEW,1
C002377,W00224,EVT0080,24,Saket,Blinkit,Bike,35,3409.37,10.0,0,Winter,Social Disruption,0.14,0.05,0.19,0.206,1178.2,0.246,1,0,0.2303,28.185477,77.053094,0.453,16.1,37.7,82,1,0.507,0.342,1,0,0,0.7292,0.1458,48.74,3,450,56,MANUAL_REVIEW,1
C002384,W00964,EVT0163,36,South Delhi,Zepto,Bike,32,3593.05,8.3,0,Summer,Social Disruption,0.1,0.2,0.3,0.502,1030.0,0.085,1,1,0.3548,28.414718,77.121928,0.147,9.8,34.2,82,1,0.894,0.242,0,1,0,0.6667,0.1333,54.89,4,600,60,MANUAL_REVIEW,1
C002399,W01857,EVT0461,23,East Delhi,Blinkit,Bicycle,47,4424.16,7.9,0,Summer,Heavy Rainfall,0.35,0.2,0.55,0.527,1266.5,0.158,1,0,0.3366,28.052013,77.540969,0.254,6.8,34.0,182,0,0.547,0.084,0,0,0,0.9792,0.1958,63.27,4,600,51,MANUAL_REVIEW,1
C002400,W00018,EVT0037,34,Gurgaon,Zomato,Bicycle,31,2625.8,8.1,1,Post-Monsoon,Social Disruption,0.3,0.1,0.4,0.061,661.3,0.077,0,1,0.3329,28.449068,76.708898,0.235,10.7,40.0,159,0,0.64,0.333,1,0,0,0.6458,0.1292,60.45,3,450,57,MANUAL_REVIEW,1
C002410,W01604,EVT0274,36,Saket,Blinkit,Bike,15,3268.43,9.0,0,Winter,Social Disruption,0.14,0.05,0.19,0.343,1896.3,0.131,1,1,0.1659,28.281479,77.129305,0.487,21.1,38.8,84,1,0.517,0.055,1,1,0,0.3125,0.0625,51.98,6,900,50,MANUAL_REVIEW,1
C002416,W01233,EVT0298,37,Rohini,Blinkit,EV Scooter,24,4374.91,10.4,0,Winter,Heavy Rainfall,0.18,0.05,0.23,0.093,1335.1,0.152,1,0,0.1521,28.582831,76.645417,0.058,15.8,28.9,146,4,0.896,0.239,0,0,0,0.5,0.1,57.35,2,300,75,AUTO_REJECT,1
C002423,W01972,EVT0451,34,West Delhi,Swiggy,Bike,19,2927.18,9.3,0,Winter,Heavy Rainfall,0.25,0.05,0.3,0.279,1119.8,0.073,0,1,0.3509,28.109979,76.696145,0.245,33.2,30.2,171,0,0.467,0.018,1,1,0,0.3958,0.0792,59.2,2,300,52,MANUAL_REVIEW,1
C002431,W00209,EVT0327,25,Faridabad,Zomato,Bicycle,45,4097.71,6.1,0,Post-Monsoon,Flooding,0.32,0.1,0.42,0.159,1117.2,0.146,1,0,0.2106,28.797451,77.461319,0.086,8.8,37.7,339,3,0.403,0.116,0,0,0,0.9375,0.1875,54.28,4,600,71,AUTO_REJECT,1
C002440,W00736,EVT0488,34,Saket,BigBasket,Bicycle,18,3739.93,8.2,0,Post-Monsoon,Extreme Heat,0.14,0.1,0.24,0.357,482.4,0.197,1,0,0.3901,28.195256,77.409946,0.01,2.9,41.8,278,1,0.892,0.24,1,0,0,0.375,0.075,57.09,4,600,65,MANUAL_REVIEW,1
C002441,W00298,EVT0381,44,Rohini,Swiggy,Bike,29,4542.16,9.3,0,Post-Monsoon,Extreme Heat,0.18,0.1,0.28,0.192,1467.1,0.278,0,0,0.2845,28.07273,76.635762,0.188,4.8,39.0,152,0,0.746,0.314,0,0,0,0.6042,0.1208,53.66,6,900,57,MANUAL_REVIEW,1
C002456,W01563,EVT0070,38,Lajpat Nagar,Blinkit,EV Scooter,24,3222.92,9.6,0,Winter,Social Disruption,0.12,0.05,0.17,0.434,1058.6,0.18,0,0,0.4328,28.735938,77.595096,0.337,9.9,33.4,290,0,0.843,0.108,0,0,0,0.5,0.1,52.94,2,300,54,MANUAL_REVIEW,1
C002467,W01856,EVT0363,28,North Delhi,Instamart,Bike,45,3227.19,7.7,1,Winter,Severe Pollution,0.2,0.05,0.25,0.109,1139.6,0.146,1,1,0.1873,28.848981,77.334971,0.427,16.5,38.6,91,1,0.515,0.309,1,0,0,0.9375,0.1875,48.73,4,600,66,MANUAL_REVIEW,1
C002474,W00756,EVT0432,23,East Delhi,Zomato,Bike,24,4408.56,6.7,0,Winter,Heavy Rainfall,0.35,0.05,0.4,0.096,1003.9,0.183,1,1,0.2061,28.029037,77.142221,0.037,4.4,28.5,232,2,0.378,0.235,1,0,0,0.5,0.1,60.2,3,450,71,AUTO_REJECT,1
C002496,W00711,EVT0080,38,East Delhi,Zepto,Bike,18,5631.28,7.4,0,Winter,Social Disruption,0.35,0.05,0.4,0.161,1108.1,0.249,1,1,0.2231,28.098798,77.46733,0.415,25.6,30.1,319,2,0.813,0.128,1,0,0,0.375,0.075,65.49,4,600,64,MANUAL_REVIEW,1
C002511,W01518,EVT0130,38,Faridabad,BigBasket,Bike,38,4143.5,11.3,0,Winter,Extreme Heat,0.32,0.05,0.37,0.039,1182.0,0.173,1,0,0.1556,28.392753,77.264504,0.06,1.3,41.0,248,2,0.355,0.256,0,1,0,0.7917,0.1583,59.46,3,450,72,AUTO_REJECT,1
C002520,W01545,EVT0124,26,Faridabad,BigBasket,Bicycle,8,2286.36,8.7,0,Monsoon,Social Disruption,0.32,0.3,0.62,0.148,679.8,0.1,0,1,0.3672,28.912629,77.531956,0.177,18.2,28.2,107,1,0.435,0.026,0,1,0,0.1667,0.0333,76.5,4,600,52,MANUAL_REVIEW,1
C002527,W01978,EVT0427,20,East Delhi,Swiggy,Bike,9,5088.96,10.1,0,Monsoon,Flooding,0.35,0.3,0.65,0.175,1135.3,0.275,0,1,0.3272,28.071381,77.367267,0.05,13.1,36.0,59,1,0.661,0.163,1,1,0,0.1875,0.0375,77.65,4,600,65,MANUAL_REVIEW,1
C002528,W01145,EVT0280,25,Connaught Place,Swiggy,EV Scooter,34,4386.68,8.1,0,Post-Monsoon,Social Disruption,0.15,0.1,0.25,0.529,1260.3,0.253,0,0,0.4479,28.160348,77.356381,0.322,20.7,41.6,187,3,0.489,0.298,0,0,0,0.7083,0.1417,51.99,3,450,49,MANUAL_REVIEW,1
C002540,W00524,EVT0309,27,Gurgaon,Blinkit,Bike,37,4191.12,10.5,0,Post-Monsoon,Flooding,0.3,0.1,0.4,0.121,700.2,0.213,1,0,0.2647,28.341024,77.511046,0.24,17.8,39.8,137,4,0.625,0.251,0,0,0,0.7708,0.1542,58.65,1,150,71,AUTO_REJECT,1
C002549,W01470,EVT0142,26,Noida,Instamart,Bike,34,3871.53,12.3,0,Monsoon,Heavy Rainfall,0.28,0.3,0.58,0.096,1644.7,0.247,1,0,0.1164,28.295653,77.399017,0.458,2.3,29.6,208,2,0.876,0.18,1,1,0,0.7083,0.1417,64.26,3,450,66,MANUAL_REVIEW,1
C002561,W01960,EVT0149,44,Connaught Place,Zepto,Bike,19,4418.92,9.5,0,Winter,Heavy Rainfall,0.15,0.05,0.2,0.25,336.0,0.046,1,0,0.3542,28.111699,77.439903,0.511,2.1,36.1,129,2,0.822,0.042,1,0,0,0.3958,0.0792,53.75,4,600,63,MANUAL_REVIEW,1
C002564,W01773,EVT0375,41,Dwarka,Instamart,Bicycle,45,3300.81,10.8,0,Post-Monsoon,Extreme Heat,0.22,0.1,0.32,0.232,1856.1,0.074,1,0,0.1218,28.817023,76.916953,0.207,4.6,38.9,285,2,0.506,0.289,1,0,0,0.9375,0.1875,52.31,3,450,60,MANUAL_REVIEW,1
C002567,W01791,EVT0474,20,North Delhi,Zepto,Bike,45,4311.57,8.3,0,Winter,Severe Pollution,0.2,0.05,0.25,0.004,780.7,0.109,1,1,0.1954,28.724338,77.429172,0.194,26.7,32.8,225,0,0.83,0.242,0,1,0,0.9375,0.1875,46.59,4,600,74,AUTO_REJECT,1
C002569,W01281,EVT0054,27,Dwarka,Zomato,Bicycle,30,3237.53,7.6,0,Post-Monsoon,Severe Pollution,0.22,0.1,0.32,0.028,778.4,0.07,1,0,0.2014,28.994822,77.490666,0.026,18.0,41.6,57,3,0.788,0.115,0,0,0,0.625,0.125,56.16,3,450,81,AUTO_REJECT,1
C002575,W01176,EVT0332,39,Lajpat Nagar,BigBasket,Bike,7,4120.19,8.7,0,Summer,Severe Pollution,0.12,0.2,0.32,0.109,649.0,0.242,1,0,0.2704,28.261349,76.938584,0.032,27.3,31.8,268,3,0.526,0.268,0,0,0,0.1458,0.0292,60.58,2,300,71,AUTO_REJECT,1
C002582,W00765,EVT0107,29,North Delhi,Swiggy,Bicycle,38,4616.37,7.3,0,Post-Monsoon,Severe Pollution,0.2,0.1,0.3,0.248,453.0,0.27,0,1,0.4583,28.739372,77.514588,0.503,3.9,26.0,307,4,0.416,0.228,1,0,0,0.7917,0.1583,54.99,2,300,54,MANUAL_REVIEW,1
C002586,W00296,EVT0231,33,Connaught Place,Instamart,Bike,32,5358.39,6.5,0,Winter,Heavy Rainfall,0.15,0.05,0.2,0.206,1745.5,0.185,0,1,0.2391,28.15451,77.144428,0.111,38.7,28.6,204,1,0.548,0.075,0,1,0,0.6667,0.1333,50.34,6,900,55,MANUAL_REVIEW,1
C002587,W00184,EVT0020,29,South Delhi,Swiggy,EV Scooter,33,3652.94,10.1,0,Monsoon,Heavy Rainfall,0.1,0.3,0.4,0.346,1535.6,0.065,1,0,0.2146,28.250368,77.164762,0.314,19.1,35.2,153,1,0.742,0.346,0,1,0,0.6875,0.1375,57.46,4,600,64,MANUAL_REVIEW,1
C002591,W01740,EVT0090,23,Lajpat Nagar,BigBasket,EV Scooter,7,3861.04,9.3,0,Summer,Social Disruption,0.12,0.2,0.32,0.464,767.3,0.005,1,1,0.371,28.743112,76.680836,0.429,7.7,26.2,320,0,0.59,0.031,0,0,0,0.1458,0.0292,62.81,4,600,45,MANUAL_REVIEW,1
C002596,W00764,EVT0474,25,Dwarka,Blinkit,Bike,1,3046.97,6.6,0,Winter,Heavy Rainfall,0.22,0.05,0.27,0.21,462.0,0.17,0,0,0.4317,28.958091,76.790984,0.419,40.8,30.9,62,1,0.566,0.295,0,0,0,0.0208,0.0042,59.92,4,600,55,MANUAL_REVIEW,1
C002599,W01807,EVT0207,33,Saket,BigBasket,Bike,32,4308.71,10.3,0,Winter,Extreme Heat,0.14,0.05,0.19,0.046,998.8,0.267,1,1,0.1953,28.057331,76.878955,0.263,0.2,33.0,206,4,0.604,0.176,0,0,0,0.6667,0.1333,52.36,4,600,72,AUTO_REJECT,1
C002600,W00316,EVT0488,34,East Delhi,Zepto,Bicycle,18,4660.99,7.0,0,Winter,Heavy Rainfall,0.35,0.05,0.4,0.172,450.9,0.137,1,1,0.3149,28.427288,77.181503,0.259,4.0,25.1,97,2,0.841,0.083,0,0,0,0.375,0.075,66.04,4,600,66,MANUAL_REVIEW,1
C002605,W00116,EVT0293,26,Gurgaon,BigBasket,Bicycle,11,3146.64,11.1,0,Post-Monsoon,Severe Pollution,0.3,0.1,0.4,0.195,1411.7,0.072,0,1,0.2734,28.257917,77.033301,0.475,1.5,31.5,244,0,0.542,0.079,1,0,0,0.2292,0.0458,67.43,4,600,51,MANUAL_REVIEW,1
C002611,W01368,EVT0052,27,East Delhi,Instamart,Bike,14,5238.79,9.8,1,Summer,Social Disruption,0.35,0.2,0.55,0.032,700.4,0.209,1,1,0.2286,28.270818,77.055335,0.541,14.9,38.6,331,0,0.56,0.226,0,0,0,0.2917,0.0583,70.04,2,300,57,MANUAL_REVIEW,1
C002614,W00568,EVT0371,23,Faridabad,Swiggy,EV Scooter,29,3030.99,9.8,0,Monsoon,Severe Pollution,0.32,0.3,0.62,0.051,966.0,0.143,1,1,0.1898,28.873346,77.479005,0.295,10.2,38.6,244,1,0.505,0.055,1,0,0,0.6042,0.1208,70.96,3,450,65,MANUAL_REVIEW,1
C002631,W00297,EVT0357,39,Rohini,Blinkit,Bike,25,2957.44,8.0,0,Post-Monsoon,Severe Pollution,0.18,0.1,0.28,0.356,540.4,0.183,1,1,0.3796,28.103984,76.851598,0.06,6.5,28.8,71,4,0.788,0.103,0,1,0,0.5208,0.1042,56.55,5,750,69,MANUAL_REVIEW,1
C002648,W01838,EVT0419,22,South Delhi,Zomato,Bicycle,12,4877.35,9.0,1,Winter,Heavy Rainfall,0.1,0.05,0.15,0.517,977.8,0.106,1,1,0.3707,28.234353,76.959098,0.34,1.1,32.7,140,3,0.364,0.259,1,0,0,0.25,0.05,56.7,5,750,46,MANUAL_REVIEW,1
C002667,W00424,EVT0439,38,North Delhi,Swiggy,EV Scooter,22,3758.51,9.2,0,Monsoon,Extreme Heat,0.2,0.3,0.5,0.524,969.1,0.02,1,0,0.3662,28.130322,77.438723,0.238,3.8,33.1,294,2,0.49,0.301,0,1,0,0.4583,0.0917,66.54,5,750,56,MANUAL_REVIEW,1
C002675,W00451,EVT0048,28,West Delhi,Swiggy,Bicycle,41,3610.48,9.0,0,Winter,Social Disruption,0.25,0.05,0.3,0.345,1192.3,0.208,0,1,0.38,28.192217,76.967893,0.256,18.3,40.9,172,1,0.637,0.035,1,0,0,0.8542,0.1708,53.97,3,450,54,MANUAL_REVIEW,1
C002683,W01897,EVT0442,20,North Delhi,Blinkit,Bike,4,3119.29,10.4,0,Summer,Extreme Heat,0.2,0.2,0.4,0.539,1425.9,0.188,1,0,0.3205,28.165593,77.399055,0.468,2.6,37.5,274,2,0.842,0.132,0,0,0,0.0833,0.0167,65.38,4,600,54,MANUAL_REVIEW,1
C002686,W01213,EVT0343,24,Connaught Place,Zomato,EV Scooter,40,3374.16,8.4,0,Summer,Severe Pollution,0.15,0.2,0.35,0.182,424.1,0.164,1,1,0.3256,28.221326,77.534775,0.19,12.4,39.3,369,2,0.625,0.133,1,1,0,0.8333,0.1667,54.27,3,450,72,AUTO_REJECT,1
C002688,W00417,EVT0465,40,West Delhi,Blinkit,EV Scooter,25,4398.87,11.1,0,Post-Monsoon,Severe Pollution,0.25,0.1,0.35,0.115,318.6,0.236,0,1,0.4218,28.313201,77.158297,0.246,10.8,35.4,168,1,0.489,0.067,0,1,0,0.5208,0.1042,58.17,6,900,55,MANUAL_REVIEW,1
C002691,W00215,EVT0341,36,South Delhi,Zomato,EV Scooter,13,3465.45,11.4,1,Summer,Severe Pollution,0.1,0.2,0.3,0.095,1316.7,0.083,1,0,0.1488,28.161676,76.83346,0.153,3.9,30.3,159,1,0.443,0.062,1,1,0,0.2708,0.0542,59.63,3,450,68,MANUAL_REVIEW,1
C002693,W01859,EVT0177,40,Rohini,Blinkit,Bicycle,10,2341.25,9.7,0,Monsoon,Social Disruption,0.18,0.3,0.48,0.007,402.1,0.265,1,1,0.269,28.626651,77.59335,0.155,16.4,36.9,164,0,0.755,0.314,1,0,0,0.2083,0.0417,66.46,4,600,72,AUTO_REJECT,1
C002702,W00010,EVT0266,31,Lajpat Nagar,Swiggy,Bike,41,3653.14,8.8,0,Winter,Extreme Heat,0.12,0.05,0.17,0.187,623.9,0.233,1,1,0.3045,28.925398,76.634795,0.252,0.4,34.0,195,0,0.805,0.254,0,1,0,0.8542,0.1708,46.6,3,450,64,MANUAL_REVIEW,1
C002735,W01258,EVT0234,43,Connaught Place,Swiggy,Bike,7,3769.89,7.3,0,Post-Monsoon,Heavy Rainfall,0.15,0.1,0.25,0.224,928.4,0.054,0,0,0.3557,28.218765,77.507007,0.28,40.4,29.9,76,1,0.479,0.072,0,0,0,0.1458,0.0292,57.62,4,600,52,MANUAL_REVIEW,1
C002744,W00833,EVT0435,40,South Delhi,Instamart,Bicycle,17,4803.83,10.1,0,Summer,Extreme Heat,0.1,0.2,0.3,0.088,1422.0,0.163,1,1,0.1382,28.561036,76.778265,0.455,1.5,36.1,178,1,0.781,0.105,0,1,0,0.3542,0.0708,60.01,5,750,64,MANUAL_REVIEW,1
C002758,W01765,EVT0182,22,North Delhi,Instamart,Bike,3,4551.05,10.7,0,Summer,Social Disruption,0.2,0.2,0.4,0.514,968.4,0.106,1,0,0.3709,28.79794,77.161483,0.049,25.4,32.4,342,0,0.409,0.216,0,0,0,0.0625,0.0125,65.67,3,450,55,MANUAL_REVIEW,1
C002760,W00437,EVT0037,32,Faridabad,Blinkit,Bicycle,32,3272.41,10.5,0,Post-Monsoon,Flooding,0.32,0.1,0.42,0.264,1565.2,0.271,1,1,0.1979,28.664757,77.08499,0.402,13.0,39.6,294,1,0.522,0.016,1,0,0,0.6667,0.1333,59.98,1,150,58,MANUAL_REVIEW,1
C002761,W01555,EVT0467,33,North Delhi,Blinkit,Bike,12,2671.44,8.0,0,Summer,Heavy Rainfall,0.2,0.2,0.4,0.172,966.5,0.16,1,0,0.2398,28.183003,77.292986,0.513,18.4,31.0,222,1,0.458,0.147,1,0,0,0.25,0.05,65.53,5,750,54,MANUAL_REVIEW,1
C002773,W00157,EVT0272,31,Gurgaon,Swiggy,Bike,25,4504.85,9.4,1,Monsoon,Social Disruption,0.3,0.3,0.6,0.122,747.0,0.069,1,0,0.2437,28.628887,77.557038,0.179,17.4,41.9,250,2,0.436,0.181,1,1,1,0.5208,0.1042,69.98,4,600,66,MANUAL_REVIEW,1
C002777,W00529,EVT0153,31,South Delhi,Instamart,Bike,16,4363.98,9.3,0,Monsoon,Social Disruption,0.1,0.3,0.4,0.052,1487.0,0.254,0,0,0.2231,28.694778,76.961476,0.265,5.2,32.3,331,0,0.895,0.139,1,0,0,0.3333,0.0667,61.79,3,450,66,MANUAL_REVIEW,1
C002782,W00343,EVT0217,27,Noida,Zepto,Bicycle,19,3450.75,9.5,0,Monsoon,Severe Pollution,0.28,0.3,0.58,0.401,896.2,0.074,1,0,0.3334,28.269446,77.376464,0.536,9.9,31.7,140,0,0.615,0.071,0,0,0,0.3958,0.0792,69.69,4,600,53,MANUAL_REVIEW,1
C002785,W01768,EVT0431,26,North Delhi,Blinkit,Bike,15,2880.29,7.1,1,Monsoon,Social Disruption,0.2,0.3,0.5,0.04,904.3,0.105,1,0,0.1909,28.598097,77.0929,0.452,8.6,35.5,232,2,0.883,0.086,0,0,0,0.3125,0.0625,67.07,1,150,64,MANUAL_REVIEW,1
C002788,W00351,EVT0269,35,North Delhi,Swiggy,Bicycle,21,2361.12,11.2,0,Monsoon,Flooding,0.2,0.3,0.5,0.489,759.4,0.097,1,1,0.3914,28.092681,76.881408,0.575,12.5,34.4,212,2,0.856,0.011,1,0,0,0.4375,0.0875,67.35,3,450,49,MANUAL_REVIEW,1
C002790,W01696,EVT0003,42,Rohini,Zomato,Bike,8,5904.21,7.2,0,Monsoon,Extreme Heat,0.18,0.3,0.48,0.25,346.9,0.18,0,0,0.466,28.341617,76.687614,0.033,0.6,42.9,153,0,0.87,0.244,1,0,0,0.1667,0.0333,68.41,6,900,65,MANUAL_REVIEW,1
C002794,W00157,EVT0338,31,Gurgaon,Swiggy,Bike,25,4504.85,9.4,1,Post-Monsoon,Severe Pollution,0.3,0.1,0.4,0.395,693.9,0.093,0,1,0.4632,28.846951,77.102584,0.279,7.6,25.9,130,3,0.364,0.223,0,0,1,0.5208,0.1042,59.92,6,900,51,MANUAL_REVIEW,1
C002799,W00657,EVT0475,44,Gurgaon,BigBasket,Bike,19,2624.37,8.6,0,Post-Monsoon,Extreme Heat,0.3,0.1,0.4,0.399,1592.7,0.092,1,1,0.2299,28.78348,77.013224,0.409,0.6,41.9,258,4,0.738,0.208,1,1,0,0.3958,0.0792,63.33,1,150,60,MANUAL_REVIEW,1
C002800,W01514,EVT0146,42,Lajpat Nagar,BigBasket,Bike,28,4536.13,9.5,0,Summer,Heavy Rainfall,0.12,0.2,0.32,0.319,769.2,0.096,0,0,0.4218,28.951842,77.447693,0.214,39.1,25.2,84,2,0.537,0.136,0,0,0,0.5833,0.1167,54.47,3,450,54,MANUAL_REVIEW,1
C002802,W00903,EVT0403,23,Noida,BigBasket,EV Scooter,15,2747.29,10.5,0,Summer,Social Disruption,0.28,0.2,0.48,0.51,742.8,0.11,1,0,0.4036,28.713084,76.944258,0.272,4.3,25.6,90,2,0.558,0.108,0,0,0,0.3125,0.0625,69.8,3,450,58,MANUAL_REVIEW,1
C002812,W01597,EVT0458,40,North Delhi,Instamart,Bike,21,4380.94,5.3,0,Post-Monsoon,Severe Pollution,0.2,0.1,0.3,0.193,363.8,0.168,0,1,0.4394,28.970823,76.834441,0.204,20.7,29.1,121,1,0.433,0.052,1,1,0,0.4375,0.0875,58.62,6,900,53,MANUAL_REVIEW,1
C002817,W00600,EVT0033,33,South Delhi,Zomato,Bike,38,3116.1,9.1,0,Summer,Severe Pollution,0.1,0.2,0.3,0.067,587.6,0.236,1,1,0.2623,28.897203,77.082594,0.496,22.3,32.7,93,2,0.737,0.342,0,0,0,0.7917,0.1583,51.87,3,450,65,MANUAL_REVIEW,1
C002818,W00955,EVT0051,32,Faridabad,Blinkit,Bike,3,3391.76,10.3,0,Winter,Social Disruption,0.32,0.05,0.37,0.078,1662.7,0.228,1,1,0.1046,28.796928,77.365762,0.174,6.8,31.5,367,2,0.748,0.177,1,0,0,0.0625,0.0125,63.03,3,450,76,AUTO_REJECT,1
C002829,W00800,EVT0163,44,Gurgaon,BigBasket,Bike,42,4429.7,9.4,0,Summer,Heavy Rainfall,0.3,0.2,0.5,0.286,319.4,0.115,1,0,0.378,28.764601,76.801852,0.333,20.6,34.3,193,3,0.418,0.026,0,0,0,0.875,0.175,61.92,1,150,56,MANUAL_REVIEW,1
C002844,W00089,EVT0287,33,Gurgaon,Zepto,Bike,28,2226.44,8.1,0,Post-Monsoon,Heavy Rainfall,0.3,0.1,0.4,0.503,780.9,0.208,0,0,0.5049,28.908551,76.730614,0.266,33.6,26.6,206,0,0.757,0.256,0,0,0,0.5833,0.1167,62.96,2,300,44,MANUAL_REVIEW,1
C002849,W01156,EVT0246,43,Noida,Blinkit,Bike,14,3373.76,9.5,1,Post-Monsoon,Social Disruption,0.28,0.1,0.38,0.268,1377.7,0.13,1,0,0.2135,28.773615,77.497432,0.524,28.7,30.4,289,4,0.57,0.079,0,1,0,0.2917,0.0583,65.04,5,750,60,MANUAL_REVIEW,1
C002855,W01698,EVT0151,32,Rohini,Swiggy,EV Scooter,27,2811.61,11.2,0,Winter,Heavy Rainfall,0.18,0.05,0.23,0.4,802.3,0.257,0,0,0.4654,28.511298,77.018561,0.252,8.5,34.1,70,1,0.384,0.133,1,0,0,0.5625,0.1125,53.72,4,600,48,MANUAL_REVIEW,1
C002858,W01495,EVT0471,42,Rohini,Zomato,Bicycle,21,3311.87,10.0,0,Winter,Flooding,0.18,0.05,0.23,0.501,1194.4,0.229,1,1,0.3441,28.668278,77.002216,0.408,1.4,34.1,316,2,0.83,0.071,0,0,0,0.4375,0.0875,56.93,4,600,55,MANUAL_REVIEW,1
C002862,W01306,EVT0413,43,Dwarka,Blinkit,Bike,38,3605.61,10.8,0,Summer,Extreme Heat,0.22,0.2,0.42,0.304,662.9,0.205,0,0,0.4427,28.279987,76.773031,0.572,3.5,33.7,123,3,0.878,0.272,1,0,0,0.7917,0.1583,58.4,4,600,44,MANUAL_REVIEW,1
C002863,W00165,EVT0216,36,Noida,Instamart,Bicycle,4,5524.67,11.1,1,Summer,Severe Pollution,0.28,0.2,0.48,0.235,1150.5,0.187,1,1,0.2401,28.498791,77.262583,0.05,1.2,26.3,230,2,0.808,0.245,0,0,0,0.0833,0.0167,72.17,4,600,65,MANUAL_REVIEW,1
C002866,W00846,EVT0435,38,North Delhi,Zomato,Bike,43,3152.1,8.9,0,Winter,Social Disruption,0.2,0.05,0.25,0.245,1550.1,0.204,1,0,0.1859,28.656849,76.668328,0.404,2.9,40.5,164,0,0.821,0.171,0,1,0,0.8958,0.1792,49.38,3,450,62,MANUAL_REVIEW,1
C002872,W00941,EVT0123,26,Connaught Place,Zomato,Bike,40,4669.41,10.3,0,Monsoon,Extreme Heat,0.15,0.3,0.45,0.162,1177.4,0.022,1,0,0.1904,28.784288,77.311265,0.045,1.1,35.5,253,3,0.398,0.075,0,1,0,0.8333,0.1667,55.85,2,300,74,AUTO_REJECT,1
C002875,W01381,EVT0047,34,West Delhi,BigBasket,Bike,28,3178.03,9.6,0,Post-Monsoon,Extreme Heat,0.25,0.1,0.35,0.243,912.3,0.225,1,0,0.2829,28.644442,76.917627,0.463,0.8,29.5,220,1,0.779,0.123,1,0,0,0.5833,0.1167,55.18,2,300,58,MANUAL_REVIEW,1
C002878,W01401,EVT0220,22,Noida,BigBasket,EV Scooter,25,2368.78,8.6,0,Summer,Heavy Rainfall,0.28,0.2,0.48,0.449,638.6,0.136,1,0,0.3974,28.921424,76.610679,0.43,34.9,31.7,167,1,0.561,0.017,1,1,0,0.5208,0.1042,65.16,6,900,48,MANUAL_REVIEW,1
C002885,W00929,EVT0419,39,West Delhi,Swiggy,Bicycle,11,4387.59,10.8,0,Monsoon,Severe Pollution,0.25,0.3,0.55,0.349,422.2,0.264,0,0,0.5027,28.302737,76.933507,0.49,13.9,33.9,357,0,0.534,0.238,1,0,0,0.2292,0.0458,70.0,3,450,44,MANUAL_REVIEW,1
C002889,W00574,EVT0263,39,Rohini,Zepto,Bike,26,4650.55,7.2,1,Monsoon,Severe Pollution,0.18,0.3,0.48,0.163,637.6,0.048,0,1,0.3744,28.717234,77.592594,0.483,28.0,39.9,253,3,0.455,0.023,0,0,0,0.5417,0.1083,65.66,4,600,55,MANUAL_REVIEW,1
C002897,W00499,EVT0284,41,South Delhi,Zomato,Bike,6,2960.94,9.1,0,Summer,Social Disruption,0.1,0.2,0.3,0.114,1270.8,0.248,1,0,0.1798,28.233069,77.564263,0.377,25.1,30.0,127,4,0.395,0.033,1,0,0,0.125,0.025,62.53,3,450,67,MANUAL_REVIEW,1
C002899,W01896,EVT0470,31,Gurgaon,BigBasket,Bike,13,2700.5,4.5,0,Summer,Flooding,0.3,0.2,0.5,0.351,442.2,0.018,0,0,0.4759,28.237862,77.136854,0.039,11.4,27.2,101,1,0.523,0.105,0,0,0,0.2708,0.0542,70.47,4,600,52,MANUAL_REVIEW,1
C002905,W01102,EVT0411,42,West Delhi,BigBasket,Bike,35,3040.12,8.3,1,Monsoon,Extreme Heat,0.25,0.3,0.55,0.319,1615.0,0.198,0,1,0.3052,28.80282,77.112294,0.396,1.3,31.3,103,0,0.805,0.051,1,0,0,0.7292,0.1458,69.11,3,450,50,MANUAL_REVIEW,1
C002919,W00313,EVT0252,22,Noida,Swiggy,Bike,29,4377.44,7.8,1,Summer,Severe Pollution,0.28,0.2,0.48,0.431,1371.9,0.187,1,0,0.2853,28.968737,76.966584,0.104,18.0,25.7,334,2,0.697,0.036,1,1,0,0.6042,0.1208,64.25,4,600,56,MANUAL_REVIEW,1
C002924,W01320,EVT0491,38,Connaught Place,Blinkit,Bike,34,2270.24,8.7,1,Post-Monsoon,Flooding,0.15,0.1,0.25,0.324,938.0,0.07,1,0,0.2959,28.194644,76.745551,0.503,26.2,40.6,128,0,0.538,0.307,0,1,0,0.7083,0.1417,50.11,3,450,47,MANUAL_REVIEW,1
C002929,W00345,EVT0476,37,Noida,Swiggy,Bike,7,3781.32,10.6,0,Summer,Social Disruption,0.28,0.2,0.48,0.251,325.3,0.073,1,0,0.3589,28.671288,77.001006,0.057,8.9,33.2,309,1,0.388,0.237,0,0,0,0.1458,0.0292,70.45,3,450,65,MANUAL_REVIEW,1
C002931,W01472,EVT0192,25,Gurgaon,Instamart,Bike,9,4107.51,10.4,0,Winter,Social Disruption,0.3,0.05,0.35,0.386,1024.7,0.258,0,1,0.4265,28.097807,76.756844,0.539,7.0,27.4,308,3,0.495,0.004,0,0,0,0.1875,0.0375,60.94,1,150,47,MANUAL_REVIEW,1
C002934,W00076,EVT0191,23,West Delhi,Zepto,Bike,29,4255.95,11.9,0,Post-Monsoon,Extreme Heat,0.25,0.1,0.35,0.461,1682.4,0.05,1,1,0.237,28.472908,77.090731,0.416,0.1,33.7,179,1,0.399,0.282,1,1,0,0.6042,0.1208,56.18,2,300,41,MANUAL_REVIEW,1
C002953,W01177,EVT0270,28,Faridabad,Blinkit,Bike,4,1500.0,8.2,1,Monsoon,Heavy Rainfall,0.32,0.3,0.62,0.029,396.5,0.055,0,0,0.3576,28.8045,77.535692,0.573,35.9,32.1,235,0,0.486,0.115,1,1,0,0.0833,0.0167,77.61,6,900,53,MANUAL_REVIEW,1
C002960,W00142,EVT0427,37,South Delhi,BigBasket,Bike,5,3190.55,11.4,0,Monsoon,Flooding,0.1,0.3,0.4,0.51,1897.1,0.254,1,1,0.2448,28.327744,77.38681,0.191,5.4,32.4,336,3,0.513,0.09,1,0,0,0.1042,0.0208,68.12,5,750,56,MANUAL_REVIEW,1
C002976,W00478,EVT0242,25,Faridabad,Zepto,Bike,17,3403.92,8.5,0,Post-Monsoon,Heavy Rainfall,0.32,0.1,0.42,0.514,872.2,0.191,0,1,0.4939,28.961378,76.615129,0.251,12.1,30.2,105,2,0.485,0.064,0,0,0,0.3542,0.0708,70.63,4,600,44,MANUAL_REVIEW,1
C002979,W01980,EVT0476,23,Saket,BigBasket,Bike,4,4142.71,9.5,0,Monsoon,Heavy Rainfall,0.14,0.3,0.44,0.377,874.0,0.035,0,1,0.4232,28.676344,76.997647,0.294,20.4,37.8,144,1,0.554,0.148,0,0,0,0.0833,0.0167,69.63,4,600,46,MANUAL_REVIEW,1
C002980,W01979,EVT0297,20,Rohini,BigBasket,Bike,32,3016.79,11.1,0,Winter,Flooding,0.18,0.05,0.23,0.525,1710.9,0.085,1,1,0.2619,28.344899,76.809864,0.001,16.0,25.6,260,2,0.781,0.111,1,1,0,0.6667,0.1333,44.56,2,300,60,MANUAL_REVIEW,1
C002987,W00546,EVT0043,30,South Delhi,Swiggy,Bicycle,5,3909.2,9.3,1,Post-Monsoon,Flooding,0.1,0.1,0.2,0.144,1567.8,0.025,1,1,0.1249,28.555939,76.994417,0.406,22.3,36.8,162,1,0.528,0.153,0,0,0,0.1042,0.0208,55.55,4,600,60,MANUAL_REVIEW,1
C002988,W01872,EVT0248,29,North Delhi,Swiggy,Bicycle,11,4132.27,10.0,0,Monsoon,Flooding,0.2,0.3,0.5,0.082,928.6,0.1,1,1,0.2035,28.904386,76.759622,0.024,2.0,41.9,326,0,0.694,0.073,0,0,0,0.2292,0.0458,64.82,5,750,70,MANUAL_REVIEW,1
C003000,W00298,EVT0126,44,Rohini,Swiggy,Bike,29,4542.16,9.3,0,Monsoon,Severe Pollution,0.18,0.3,0.48,0.4,328.7,0.209,1,1,0.4316,28.598995,77.457758,0.091,9.6,30.1,88,1,0.793,0.237,1,0,0,0.6042,0.1208,65.43,3,450,60,MANUAL_REVIEW,1
C003018,W00595,EVT0161,34,Connaught Place,Swiggy,EV Scooter,35,4241.17,7.1,1,Monsoon,Flooding,0.15,0.3,0.45,0.398,1050.3,0.154,0,0,0.4171,28.665482,76.751146,0.416,0.1,41.5,155,2,0.668,0.132,0,0,0,0.7292,0.1458,58.83,4,600,53,MANUAL_REVIEW,1
C003019,W00414,EVT0104,37,Connaught Place,Blinkit,Bike,23,3690.04,8.9,0,Summer,Severe Pollution,0.15,0.2,0.35,0.246,1844.6,0.092,1,0,0.1309,28.693695,76.956552,0.103,28.4,35.6,299,0,0.574,0.226,1,0,0,0.4792,0.0958,58.25,5,750,60,MANUAL_REVIEW,1
C003037,W00883,EVT0130,43,Lajpat Nagar,Swiggy,Bike,29,2959.47,8.7,1,Winter,Severe Pollution,0.12,0.05,0.17,0.328,575.6,0.015,0,0,0.4464,28.984972,76.910082,0.174,25.0,36.6,249,0,0.88,0.089,1,1,1,0.6042,0.1208,50.48,6,900,59,MANUAL_REVIEW,1
C003044,W00857,EVT0450,21,Connaught Place,Blinkit,Bike,11,3417.45,9.3,0,Post-Monsoon,Social Disruption,0.15,0.1,0.25,0.336,1391.5,0.017,1,1,0.2274,28.005955,77.370161,0.108,29.4,30.6,133,2,0.841,0.092,1,0,0,0.2292,0.0458,52.97,3,450,67,MANUAL_REVIEW,1
C003048,W01539,EVT0472,29,Rohini,Zomato,EV Scooter,1,3980.58,7.2,0,Summer,Severe Pollution,0.18,0.2,0.38,0.03,707.1,0.104,1,0,0.2163,28.25724,77.248229,0.494,13.4,30.1,192,0,0.437,0.067,1,1,0,0.0208,0.0042,65.91,6,900,54,MANUAL_REVIEW,1
C003050,W01310,EVT0288,43,Faridabad,Blinkit,EV Scooter,24,3878.83,7.4,0,Post-Monsoon,Flooding,0.32,0.1,0.42,0.458,528.9,0.14,1,0,0.4179,28.733349,77.038007,0.33,24.6,39.9,286,0,0.466,0.144,0,0,0,0.5,0.1,62.87,1,150,47,MANUAL_REVIEW,1
C003052,W01467,EVT0466,37,North Delhi,BigBasket,Bike,44,3756.92,7.8,0,Post-Monsoon,Flooding,0.2,0.1,0.3,0.411,1824.0,0.112,0,0,0.302,28.657456,76.950711,0.027,27.2,41.2,157,1,0.85,0.26,1,0,0,0.9167,0.1833,51.02,3,450,59,MANUAL_REVIEW,1
C003063,W01153,EVT0416,43,Faridabad,Blinkit,Bicycle,20,3310.86,6.4,1,Summer,Severe Pollution,0.32,0.2,0.52,0.487,960.4,0.141,1,1,0.3648,28.982714,77.510434,0.499,29.8,25.3,353,2,0.526,0.041,1,0,0,0.4167,0.0833,72.46,2,300,44,MANUAL_REVIEW,1
C003075,W01141,EVT0403,43,Rohini,Instamart,Bike,23,3058.32,9.4,1,Monsoon,Social Disruption,0.18,0.3,0.48,0.112,918.7,0.228,1,0,0.2298,28.725254,77.411935,0.51,25.0,36.4,368,1,0.558,0.058,0,0,1,0.4792,0.0958,66.64,1,150,63,MANUAL_REVIEW,1
C003097,W00888,EVT0293,38,West Delhi,Swiggy,Bike,24,4068.76,7.8,0,Winter,Extreme Heat,0.25,0.05,0.3,0.022,1033.5,0.145,0,0,0.2683,28.043368,77.159187,0.276,2.0,36.1,155,1,0.393,0.331,1,0,0,0.5,0.1,55.96,4,600,60,MANUAL_REVIEW,1
C003108,W01614,EVT0287,41,South Delhi,Zepto,Bike,44,3739.23,9.2,0,Post-Monsoon,Heavy Rainfall,0.1,0.1,0.2,0.516,1768.2,0.007,1,0,0.2419,28.106321,76.999109,0.148,8.9,28.9,239,4,0.683,0.205,1,0,0,0.9167,0.1833,50.15,3,450,60,MANUAL_REVIEW,1
C003120,W00564,EVT0066,33,East Delhi,BigBasket,Bike,23,3842.48,7.6,0,Summer,Heavy Rainfall,0.35,0.2,0.55,0.422,1385.3,0.156,1,1,0.2766,28.605082,76.965574,0.505,23.0,28.8,115,2,0.358,0.051,1,0,0,0.4792,0.0958,68.91,3,450,45,MANUAL_REVIEW,1
C003166,W01685,EVT0293,24,Rohini,BigBasket,Bike,13,4147.27,7.7,0,Monsoon,Flooding,0.18,0.3,0.48,0.423,916.3,0.213,1,1,0.3531,28.562526,77.509628,0.535,29.1,35.8,342,3,0.428,0.326,0,0,0,0.2708,0.0542,68.81,3,450,42,MANUAL_REVIEW,1
C003168,W00857,EVT0498,21,Connaught Place,Blinkit,Bike,11,3417.45,9.3,0,Monsoon,Severe Pollution,0.15,0.3,0.45,0.078,1725.7,0.108,0,1,0.1831,28.243859,77.003455,0.215,11.0,34.0,249,3,0.565,0.148,0,0,0,0.2292,0.0458,69.21,1,150,63,MANUAL_REVIEW,1
C003172,W01336,EVT0490,40,Saket,Blinkit,Bike,32,3657.89,10.3,0,Monsoon,Social Disruption,0.14,0.3,0.44,0.285,1215.7,0.223,1,0,0.2539,28.436647,77.562187,0.377,13.1,38.8,327,1,0.365,0.2,1,1,0,0.6667,0.1333,57.66,4,600,54,MANUAL_REVIEW,1
C003176,W00376,EVT0154,29,South Delhi,Zomato,Bike,27,2853.23,12.0,0,Monsoon,Social Disruption,0.1,0.3,0.4,0.425,829.0,0.009,1,1,0.3466,28.608122,77.041469,0.351,26.4,36.9,131,2,0.645,0.084,0,1,0,0.5625,0.1125,62.8,3,450,56,MANUAL_REVIEW,1
C003177,W00494,EVT0264,41,Gurgaon,Swiggy,Bike,34,3454.24,9.0,0,Summer,Social Disruption,0.3,0.2,0.5,0.33,1957.4,0.272,1,0,0.1656,28.772252,76.716873,0.525,19.0,41.6,191,1,0.403,0.111,1,0,0,0.7083,0.1417,63.77,5,750,51,MANUAL_REVIEW,1
C003187,W00718,EVT0056,41,South Delhi,BigBasket,Bicycle,10,3074.71,5.8,0,Winter,Severe Pollution,0.1,0.05,0.15,0.235,1556.0,0.187,1,0,0.1793,28.475271,77.047191,0.438,28.3,37.5,133,2,0.484,0.241,0,1,0,0.2083,0.0417,50.19,4,600,56,MANUAL_REVIEW,1
C003191,W00418,EVT0248,20,South Delhi,Instamart,Bike,27,2954.58,9.2,0,Post-Monsoon,Extreme Heat,0.1,0.1,0.2,0.422,869.0,0.076,0,0,0.4461,28.197049,77.518943,0.559,0.6,35.7,240,2,0.807,0.324,1,1,0,0.5625,0.1125,51.46,1,150,50,MANUAL_REVIEW,1
C003214,W00204,EVT0158,30,Dwarka,Swiggy,Bike,30,4226.63,9.1,0,Winter,Flooding,0.22,0.05,0.27,0.368,1407.8,0.182,0,0,0.3542,28.927099,77.489014,0.28,14.6,34.1,161,1,0.391,0.339,0,0,0,0.625,0.125,54.25,6,900,48,MANUAL_REVIEW,1
C003215,W01998,EVT0073,33,East Delhi,Swiggy,EV Scooter,4,2209.63,6.4,1,Monsoon,Social Disruption,0.35,0.3,0.65,0.079,1375.8,0.175,0,1,0.2427,28.679048,76.778958,0.019,10.2,37.0,120,2,0.35,0.289,0,0,1,0.0833,0.0167,80.24,3,450,68,MANUAL_REVIEW,1
C003223,W00182,EVT0214,42,Connaught Place,Swiggy,Bike,41,2956.67,8.0,0,Post-Monsoon,Social Disruption,0.15,0.1,0.25,0.45,698.6,0.259,1,1,0.4011,28.393784,76.962233,0.238,6.9,40.6,202,2,0.76,0.15,0,1,0,0.8542,0.1708,50.52,3,450,63,MANUAL_REVIEW,1
C003242,W00896,EVT0076,26,East Delhi,BigBasket,EV Scooter,7,3022.59,11.5,1,Post-Monsoon,Flooding,0.35,0.1,0.45,0.531,1651.0,0.276,0,1,0.3924,28.462229,77.125276,0.033,9.1,29.7,97,2,0.696,0.312,1,1,1,0.1458,0.0292,68.6,2,300,54,MANUAL_REVIEW,1
C003243,W01005,EVT0248,34,Connaught Place,Zepto,Bike,42,4622.66,7.5,0,Summer,Flooding,0.15,0.2,0.35,0.367,1719.6,0.074,1,0,0.1963,28.804592,76.985721,0.072,16.6,37.7,91,2,0.858,0.006,1,0,0,0.875,0.175,53.8,5,750,65,MANUAL_REVIEW,1
C003261,W00004,EVT0482,24,Gurgaon,Instamart,Bike,35,3456.54,9.8,0,Summer,Flooding,0.3,0.2,0.5,0.045,1540.5,0.103,1,0,0.0972,28.477401,77.578651,0.354,10.9,40.5,231,2,0.69,0.067,1,0,0,0.7292,0.1458,62.94,3,450,65,MANUAL_REVIEW,1
C003265,W00079,EVT0083,35,Faridabad,Zomato,Bike,36,3557.04,9.1,0,Winter,Social Disruption,0.32,0.05,0.37,0.389,415.5,0.088,0,0,0.5021,28.503256,77.45508,0.246,17.1,36.2,175,4,0.807,0.194,1,0,0,0.75,0.15,58.09,3,450,60,MANUAL_REVIEW,1
C003290,W01173,EVT0216,36,Lajpat Nagar,Zepto,Bike,22,3648.47,7.9,0,Winter,Extreme Heat,0.12,0.05,0.17,0.077,1782.5,0.101,1,0,0.0735,28.828773,77.474726,0.068,1.1,28.2,96,2,0.769,0.09,1,0,0,0.4583,0.0917,51.52,6,900,73,AUTO_REJECT,1
C003305,W01446,EVT0292,33,North Delhi,Zomato,Bicycle,30,2814.09,7.0,0,Post-Monsoon,Flooding,0.2,0.1,0.3,0.356,1488.3,0.164,1,1,0.2356,28.561431,77.573617,0.183,6.9,36.7,74,4,0.623,0.171,0,1,0,0.625,0.125,58.58,6,900,64,MANUAL_REVIEW,1
C003309,W00290,EVT0358,33,North Delhi,Zepto,Bicycle,10,2740.86,9.5,0,Monsoon,Social Disruption,0.2,0.3,0.5,0.157,1646.9,0.106,1,0,0.1264,28.969838,77.214575,0.531,24.3,35.0,57,4,0.618,0.336,0,1,0,0.2083,0.0417,70.32,4,600,71,AUTO_REJECT,1
C003316,W00912,EVT0279,36,South Delhi,Zepto,Bicycle,1,4907.61,11.0,0,Winter,Social Disruption,0.1,0.05,0.15,0.395,1755.0,0.046,0,0,0.2994,28.585543,77.399793,0.003,28.4,38.4,317,1,0.827,0.078,1,1,0,0.0208,0.0042,57.02,5,750,60,MANUAL_REVIEW,1
C003325,W01657,EVT0134,23,Faridabad,Instamart,Bike,21,4009.75,7.2,1,Post-Monsoon,Severe Pollution,0.32,0.1,0.42,0.412,381.5,0.225,1,1,0.4301,28.729425,77.371223,0.052,10.1,37.5,277,0,0.679,0.093,0,0,1,0.4375,0.0875,63.18,5,750,57,MANUAL_REVIEW,1
C003328,W01747,EVT0466,23,West Delhi,BigBasket,Bike,6,3611.1,7.6,0,Monsoon,Severe Pollution,0.25,0.3,0.55,0.481,713.0,0.119,0,1,0.4973,28.6086,76.750843,0.525,6.7,38.1,318,1,0.724,0.268,1,0,0,0.125,0.025,73.19,1,150,41,MANUAL_REVIEW,1
C003338,W01420,EVT0201,21,Gurgaon,Blinkit,Bicycle,17,3854.26,8.2,0,Summer,Social Disruption,0.3,0.2,0.5,0.378,721.5,0.095,1,1,0.3525,28.417108,76.801896,0.464,0.2,25.5,114,1,0.857,0.072,1,0,0,0.3542,0.0708,66.53,5,750,58,MANUAL_REVIEW,1
C003374,W00666,EVT0113,44,Connaught Place,Zepto,Bicycle,32,3888.64,8.4,0,Summer,Heavy Rainfall,0.15,0.2,0.35,0.153,730.3,0.019,1,0,0.2536,28.868618,76.732416,0.093,32.0,33.9,224,4,0.53,0.161,1,0,0,0.6667,0.1333,60.07,1,150,79,AUTO_REJECT,1
C003379,W01031,EVT0492,44,Gurgaon,BigBasket,Bike,32,4628.66,8.8,1,Winter,Heavy Rainfall,0.3,0.05,0.35,0.225,1463.7,0.2,1,1,0.1904,28.963682,76.912216,0.004,25.3,35.0,176,0,0.427,0.048,1,1,1,0.6667,0.1333,58.72,5,750,57,MANUAL_REVIEW,1
C003386,W00574,EVT0097,39,Rohini,Zepto,Bike,26,4650.55,7.2,1,Winter,Severe Pollution,0.18,0.05,0.23,0.436,1045.3,0.237,0,1,0.4413,28.278527,76.732394,0.272,2.4,28.0,344,4,0.462,0.35,1,0,1,0.5417,0.1083,54.35,3,450,56,MANUAL_REVIEW,1
C003405,W00074,EVT0414,37,Noida,Instamart,Bicycle,12,3298.5,10.3,0,Post-Monsoon,Extreme Heat,0.28,0.1,0.38,0.246,837.2,0.11,1,0,0.2838,28.48173,77.24777,0.338,0.0,32.9,244,1,0.884,0.115,0,0,0,0.25,0.05,64.81,5,750,63,MANUAL_REVIEW,1
C003408,W00984,EVT0457,37,West Delhi,Blinkit,Bike,37,3801.7,9.3,1,Post-Monsoon,Heavy Rainfall,0.25,0.1,0.35,0.19,1233.2,0.122,1,0,0.2032,28.846207,77.298859,0.384,37.8,35.4,84,2,0.657,0.108,1,0,1,0.7708,0.1542,57.18,3,450,62,MANUAL_REVIEW,1
C003411,W00663,EVT0307,20,Noida,Zepto,Bicycle,46,3286.02,9.7,0,Monsoon,Flooding,0.28,0.3,0.58,0.396,1374.8,0.094,1,0,0.2616,28.785174,77.355367,0.433,17.1,26.4,89,2,0.768,0.261,1,1,0,0.9583,0.1917,63.31,5,750,56,MANUAL_REVIEW,1
C003413,W00501,EVT0382,41,Gurgaon,Zomato,Bike,40,3238.76,8.4,0,Post-Monsoon,Flooding,0.3,0.1,0.4,0.311,527.1,0.171,1,0,0.3624,28.668424,77.207606,0.157,16.2,38.5,101,3,0.842,0.129,1,0,0,0.8333,0.1667,58.83,2,300,76,AUTO_REJECT,1
C003415,W00096,EVT0301,20,Saket,Instamart,Bike,34,3113.45,10.9,0,Monsoon,Severe Pollution,0.14,0.3,0.44,0.525,1914.2,0.053,1,1,0.2282,28.876615,77.310992,0.312,15.9,35.8,362,4,0.866,0.301,0,0,0,0.7083,0.1417,58.49,5,750,61,MANUAL_REVIEW,1
C003423,W00458,EVT0255,43,North Delhi,Instamart,Bike,6,3141.86,8.2,0,Winter,Extreme Heat,0.2,0.05,0.25,0.062,1889.7,0.036,1,0,0.0449,28.85962,76.623777,0.119,2.4,34.9,153,4,0.566,0.094,0,1,0,0.125,0.025,55.86,4,600,73,AUTO_REJECT,1
C003429,W00536,EVT0467,28,East Delhi,Swiggy,Bike,11,4366.51,11.3,0,Summer,Social Disruption,0.35,0.2,0.55,0.488,1570.1,0.126,1,0,0.2723,28.821192,77.587075,0.468,7.1,39.4,147,1,0.564,0.202,1,0,0,0.2292,0.0458,75.14,1,150,49,MANUAL_REVIEW,1
C003434,W00845,EVT0105,36,North Delhi,Blinkit,Bike,17,3233.59,7.3,0,Post-Monsoon,Severe Pollution,0.2,0.1,0.3,0.111,780.6,0.184,1,0,0.2457,28.707806,76.750162,0.177,7.8,28.7,62,1,0.609,0.003,1,0,0,0.3542,0.0708,58.56,3,450,62,MANUAL_REVIEW,1
C003439,W00061,EVT0318,40,Saket,Zepto,EV Scooter,24,3883.71,12.8,0,Post-Monsoon,Severe Pollution,0.14,0.1,0.24,0.354,973.0,0.025,0,0,0.3982,28.419246,76.625444,0.391,17.4,35.0,170,4,0.808,0.102,0,1,0,0.5,0.1,56.86,4,600,58,MANUAL_REVIEW,1
C003443,W00117,EVT0326,41,Faridabad,Zepto,Bike,8,4588.57,9.5,0,Summer,Flooding,0.32,0.2,0.52,0.253,641.5,0.189,1,0,0.3239,28.414947,76.838904,0.272,5.4,38.1,136,5,0.415,0.293,0,0,0,0.1667,0.0333,71.54,4,600,64,MANUAL_REVIEW,1
C003457,W00700,EVT0443,22,Gurgaon,Zepto,Bike,43,4115.57,9.7,0,Monsoon,Flooding,0.3,0.3,0.6,0.519,1166.3,0.171,1,0,0.3498,28.861947,77.517212,0.453,0.9,34.7,322,5,0.78,0.236,1,0,0,0.8958,0.1792,63.8,2,300,54,MANUAL_REVIEW,1
C003460,W00212,EVT0070,34,Connaught Place,Zomato,Bike,33,4172.81,6.0,1,Summer,Severe Pollution,0.15,0.2,0.35,0.283,1218.0,0.122,0,0,0.3427,28.807614,77.509586,0.142,24.4,27.0,369,2,0.794,0.063,1,1,1,0.6875,0.1375,53.79,5,750,61,MANUAL_REVIEW,1
C003465,W01777,EVT0286,42,East Delhi,Blinkit,Bike,44,3136.16,8.7,0,Monsoon,Heavy Rainfall,0.35,0.3,0.65,0.203,1270.3,0.247,1,1,0.2154,28.101192,77.145846,0.429,7.0,27.7,218,2,0.73,0.218,0,0,0,0.9167,0.1833,66.76,3,450,60,MANUAL_REVIEW,1
C003471,W00013,EVT0077,32,West Delhi,BigBasket,Bike,13,3324.67,9.1,1,Winter,Severe Pollution,0.25,0.05,0.3,0.346,997.3,0.148,1,1,0.3036,28.216905,76.983289,0.467,21.0,39.3,54,1,0.785,0.185,1,0,1,0.2708,0.0542,57.14,1,150,53,MANUAL_REVIEW,1
C003477,W01614,EVT0192,41,South Delhi,Zepto,Bike,44,3739.23,9.2,0,Summer,Severe Pollution,0.1,0.2,0.3,0.254,625.7,0.129,1,0,0.3206,28.627989,76.79866,0.073,21.5,37.1,345,5,0.595,0.184,1,0,0,0.9167,0.1833,52.99,3,450,70,MANUAL_REVIEW,1
C003479,W01773,EVT0289,41,Dwarka,Instamart,Bicycle,45,3300.81,10.8,0,Summer,Extreme Heat,0.22,0.2,0.42,0.329,1173.4,0.082,1,0,0.2638,28.431017,77.126911,0.278,0.4,40.2,244,4,0.761,0.026,1,0,0,0.9375,0.1875,53.81,4,600,62,MANUAL_REVIEW,1
C003482,W00442,EVT0217,27,Gurgaon,Swiggy,EV Scooter,47,3189.48,10.2,0,Monsoon,Severe Pollution,0.3,0.3,0.6,0.458,457.9,0.238,0,0,0.5383,28.063613,76.753626,0.447,9.4,32.3,129,0,0.883,0.043,1,0,0,0.9792,0.1958,68.33,4,600,46,MANUAL_REVIEW,1
C003490,W01669,EVT0449,42,Rohini,Swiggy,Bike,1,4537.64,10.0,0,Post-Monsoon,Heavy Rainfall,0.18,0.1,0.28,0.031,1745.6,0.152,0,1,0.1658,28.84064,76.604364,0.031,28.4,36.6,112,3,0.405,0.095,0,0,0,0.0208,0.0042,60.21,6,900,71,AUTO_REJECT,1
C003504,W00558,EVT0366,25,Faridabad,Zepto,Bike,13,3417.59,8.7,0,Summer,Social Disruption,0.32,0.2,0.52,0.27,1366.1,0.131,0,1,0.3162,28.647896,76.814562,0.081,23.5,32.8,85,2,0.416,0.202,0,0,0,0.2708,0.0542,70.12,3,450,59,MANUAL_REVIEW,1
C003506,W01132,EVT0429,44,Dwarka,Blinkit,Bike,29,2303.13,7.8,0,Winter,Heavy Rainfall,0.22,0.05,0.27,0.194,1557.1,0.142,1,0,0.1582,28.06952,77.260862,0.171,26.3,25.5,66,2,0.568,0.178,1,0,0,0.6042,0.1208,52.2,2,300,64,MANUAL_REVIEW,1
C003507,W01080,EVT0167,44,Lajpat Nagar,Zomato,Bicycle,29,5035.24,10.5,0,Post-Monsoon,Social Disruption,0.12,0.1,0.22,0.472,749.3,0.183,0,0,0.4947,28.629018,76.727192,0.344,5.0,39.9,240,4,0.872,0.106,1,0,0,0.6042,0.1208,55.16,3,450,54,MANUAL_REVIEW,1
C003532,W01493,EVT0459,26,South Delhi,Blinkit,Bicycle,32,4780.38,9.8,0,Post-Monsoon,Extreme Heat,0.1,0.1,0.2,0.466,1368.8,0.246,0,1,0.4057,28.336636,76.69549,0.553,3.2,36.4,257,5,0.354,0.069,1,0,0,0.6667,0.1333,52.9,1,150,45,MANUAL_REVIEW,1
C003546,W01824,EVT0353,31,West Delhi,Zomato,Bike,5,3800.13,10.6,1,Summer,Heavy Rainfall,0.25,0.2,0.45,0.372,601.7,0.101,0,1,0.4686,28.061786,77.456646,0.085,9.9,33.4,200,1,0.442,0.164,0,1,1,0.1042,0.0208,69.51,1,150,56,MANUAL_REVIEW,1
C003563,W01202,EVT0338,40,Faridabad,BigBasket,Bike,13,4933.99,9.9,0,Monsoon,Heavy Rainfall,0.32,0.3,0.62,0.375,1099.3,0.017,1,1,0.2868,28.534066,77.569706,0.396,20.7,30.3,123,4,0.52,0.33,0,0,0,0.2708,0.0542,77.83,3,450,59,MANUAL_REVIEW,1
C003566,W01517,EVT0184,40,South Delhi,Swiggy,Bike,19,3841.88,7.8,0,Monsoon,Heavy Rainfall,0.1,0.3,0.4,0.022,1159.1,0.003,0,0,0.2352,28.666795,77.024853,0.475,36.2,35.6,156,5,0.483,0.08,0,0,0,0.3958,0.0792,58.61,2,300,72,AUTO_REJECT,1
C003572,W01281,EVT0402,27,Dwarka,Zomato,Bicycle,30,3237.53,7.6,0,Winter,Severe Pollution,0.22,0.05,0.27,0.149,991.3,0.111,1,0,0.222,28.873246,76.85753,0.293,10.5,40.2,146,5,0.526,0.17,1,0,0,0.625,0.125,55.19,3,450,68,MANUAL_REVIEW,1
C003575,W01039,EVT0326,28,West Delhi,Swiggy,Bicycle,30,2675.26,8.9,0,Winter,Flooding,0.25,0.05,0.3,0.329,979.1,0.139,0,0,0.3986,28.677624,76.607877,0.576,20.1,33.3,86,5,0.38,0.133,0,0,0,0.625,0.125,54.14,4,600,51,MANUAL_REVIEW,1
C003579,W00236,EVT0262,33,Connaught Place,Zomato,Bike,6,3511.76,8.9,0,Summer,Extreme Heat,0.15,0.2,0.35,0.049,1677.6,0.146,1,0,0.0826,28.563265,76.889004,0.137,0.5,39.1,267,0,0.435,0.25,1,0,0,0.125,0.025,62.96,3,450,70,MANUAL_REVIEW,1
C003586,W01365,EVT0298,20,Lajpat Nagar,Blinkit,Bike,19,3557.49,9.6,1,Post-Monsoon,Extreme Heat,0.12,0.1,0.22,0.183,426.4,0.252,1,0,0.3344,28.614533,77.006499,0.037,0.7,38.9,126,0,0.364,0.066,0,0,0,0.3958,0.0792,56.42,6,900,62,MANUAL_REVIEW,1
C003588,W01961,EVT0119,39,Rohini,Swiggy,Bicycle,23,4912.97,8.8,1,Summer,Heavy Rainfall,0.18,0.2,0.38,0.439,1754.4,0.108,1,0,0.2232,28.302193,77.331318,0.554,7.2,28.5,199,0,0.691,0.313,1,0,1,0.4792,0.0958,60.61,4,600,42,MANUAL_REVIEW,1
C003592,W00474,EVT0237,29,Saket,Zomato,EV Scooter,12,3137.78,9.4,0,Winter,Extreme Heat,0.14,0.05,0.19,0.297,1805.4,0.17,0,0,0.265,28.588117,77.235047,0.002,3.8,40.5,257,0,0.898,0.208,0,1,0,0.25,0.05,53.02,3,450,59,MANUAL_REVIEW,1
C003604,W01525,EVT0181,40,Dwarka,Zepto,Bike,26,3029.32,9.3,0,Monsoon,Heavy Rainfall,0.22,0.3,0.52,0.319,1598.0,0.185,1,1,0.2064,28.724988,76.617741,0.497,36.1,37.2,150,5,0.858,0.042,0,0,0,0.5417,0.1083,64.29,2,300,66,MANUAL_REVIEW,1
C003606,W00407,EVT0414,39,Faridabad,Swiggy,EV Scooter,12,3858.94,8.7,0,Summer,Severe Pollution,0.32,0.2,0.52,0.046,1689.3,0.274,1,0,0.0924,28.969668,77.5692,0.279,24.9,32.5,366,1,0.865,0.161,1,0,0,0.25,0.05,68.09,2,300,74,AUTO_REJECT,1
C003625,W00036,EVT0127,30,Saket,Swiggy,Bike,7,4359.14,8.4,0,Post-Monsoon,Extreme Heat,0.14,0.1,0.24,0.438,1377.5,0.252,1,1,0.2938,28.329209,77.275464,0.211,4.8,34.2,168,2,0.82,0.324,0,0,0,0.1458,0.0292,60.14,3,450,63,MANUAL_REVIEW,1
C003629,W00908,EVT0135,21,Rohini,Instamart,Bike,16,3643.95,7.8,1,Post-Monsoon,Flooding,0.18,0.1,0.28,0.214,1940.3,0.085,1,0,0.1031,28.694929,77.356679,0.103,13.7,38.9,233,2,0.384,0.244,1,0,0,0.3333,0.0667,58.17,4,600,60,MANUAL_REVIEW,1
C003636,W01568,EVT0349,39,East Delhi,Blinkit,Bicycle,40,3914.01,8.7,1,Winter,Heavy Rainfall,0.35,0.05,0.4,0.351,1969.5,0.015,1,0,0.1465,28.881235,77.518069,0.03,34.1,27.3,60,5,0.454,0.08,0,0,0,0.8333,0.1667,57.6,1,150,67,MANUAL_REVIEW,1
C003640,W01863,EVT0432,26,Saket,BigBasket,Bike,30,3336.72,10.1,1,Winter,Flooding,0.14,0.05,0.19,0.267,1257.8,0.243,1,0,0.2424,28.369352,77.30879,0.077,23.3,32.8,91,1,0.623,0.238,1,0,1,0.625,0.125,50.0,5,750,73,AUTO_REJECT,1
C003649,W00654,EVT0486,43,Lajpat Nagar,BigBasket,Bike,7,3188.53,8.1,0,Summer,Severe Pollution,0.12,0.2,0.32,0.455,1660.3,0.008,0,1,0.3338,28.056639,77.495847,0.413,28.7,38.2,370,2,0.376,0.019,0,1,0,0.1458,0.0292,64.98,4,600,45,MANUAL_REVIEW,1
C003655,W00469,EVT0359,31,Gurgaon,Blinkit,Bicycle,6,4889.17,6.0,1,Post-Monsoon,Flooding,0.3,0.1,0.4,0.489,1882.8,0.163,1,0,0.2295,28.176563,76.84285,0.143,27.5,33.2,275,1,0.408,0.317,1,1,1,0.125,0.025,64.14,3,450,49,MANUAL_REVIEW,1
C003665,W01546,EVT0250,26,Gurgaon,Zomato,Bike,24,2943.01,6.0,0,Summer,Social Disruption,0.3,0.2,0.5,0.086,1548.3,0.09,0,1,0.2112,28.907436,76.649831,0.029,6.6,32.3,236,3,0.714,0.186,1,1,0,0.5,0.1,68.95,3,450,75,AUTO_REJECT,1
C003666,W01597,EVT0407,40,North Delhi,Instamart,Bike,21,4380.94,5.3,0,Post-Monsoon,Heavy Rainfall,0.2,0.1,0.3,0.258,1408.6,0.148,1,0,0.2067,28.391596,76.978311,0.363,18.4,31.3,175,2,0.546,0.216,1,1,0,0.4375,0.0875,53.88,3,450,58,MANUAL_REVIEW,1
C003673,W01942,EVT0350,28,Noida,Swiggy,EV Scooter,42,5103.92,6.3,0,Summer,Flooding,0.28,0.2,0.48,0.511,1023.1,0.218,0,1,0.4727,28.537394,77.081516,0.041,2.6,38.3,96,1,0.683,0.274,0,0,0,0.875,0.175,62.31,4,600,49,MANUAL_REVIEW,1
C003683,W00756,EVT0325,23,East Delhi,Zomato,Bike,24,4408.56,6.7,0,Winter,Flooding,0.35,0.05,0.4,0.417,510.0,0.123,0,1,0.5026,28.152718,76.9795,0.463,9.8,35.5,66,3,0.807,0.046,1,0,0,0.5,0.1,63.33,3,450,50,MANUAL_REVIEW,1
C003690,W01482,EVT0106,31,South Delhi,Swiggy,Bike,12,3999.2,6.4,0,Summer,Extreme Heat,0.1,0.2,0.3,0.011,1413.8,0.02,0,1,0.1943,28.882804,77.496322,0.416,3.6,40.5,131,2,0.743,0.173,1,1,0,0.25,0.05,62.17,5,750,64,MANUAL_REVIEW,1
C003697,W01208,EVT0048,26,East Delhi,Instamart,Bike,36,4208.78,11.2,0,Winter,Social Disruption,0.35,0.05,0.4,0.074,1955.8,0.148,0,0,0.151,28.610752,77.159212,0.452,26.9,39.3,64,2,0.614,0.206,1,0,0,0.75,0.15,52.96,5,750,56,MANUAL_REVIEW,1
C003698,W01507,EVT0461,32,East Delhi,Zepto,Bike,11,4593.63,8.9,1,Winter,Severe Pollution,0.35,0.05,0.4,0.039,1893.1,0.058,1,1,0.0374,28.641585,77.001121,0.015,9.3,41.7,56,4,0.813,0.257,1,0,0,0.2292,0.0458,64.37,5,750,81,AUTO_REJECT,1
C003701,W01666,EVT0016,20,Noida,BigBasket,Bike,37,2910.7,9.6,0,Monsoon,Severe Pollution,0.28,0.3,0.58,0.402,500.6,0.084,0,0,0.4941,28.049875,76.908101,0.073,12.4,30.5,198,4,0.706,0.315,1,0,0,0.7708,0.1542,61.8,2,300,63,MANUAL_REVIEW,1
C003710,W01113,EVT0221,33,South Delhi,Instamart,Bike,22,3591.63,7.5,0,Winter,Heavy Rainfall,0.1,0.05,0.15,0.175,397.8,0.082,1,0,0.3185,28.900251,76.63617,0.437,30.6,25.3,182,4,0.666,0.287,1,1,0,0.4583,0.0917,50.62,6,900,64,MANUAL_REVIEW,1
C003724,W00740,EVT0302,23,Faridabad,Swiggy,Bike,38,2370.4,8.2,1,Summer,Flooding,0.32,0.2,0.52,0.158,773.1,0.086,1,1,0.2558,28.583138,76.995725,0.494,20.3,27.6,364,3,0.501,0.107,1,0,1,0.7917,0.1583,62.74,2,300,60,MANUAL_REVIEW,1
C003739,W01700,EVT0454,21,Saket,Instamart,Bike,31,3377.94,11.4,0,Summer,Extreme Heat,0.14,0.2,0.34,0.406,898.6,0.201,0,0,0.4477,28.162477,77.01598,0.008,2.1,39.3,245,1,0.418,0.206,1,0,0,0.6458,0.1292,57.2,4,600,53,MANUAL_REVIEW,1
C003746,W01797,EVT0024,36,South Delhi,Zepto,Bike,44,3890.47,6.9,1,Monsoon,Severe Pollution,0.1,0.3,0.4,0.339,1713.3,0.028,1,0,0.1814,28.718211,77.405497,0.026,23.8,29.6,344,3,0.506,0.142,0,0,1,0.9167,0.1833,56.09,4,600,64,MANUAL_REVIEW,1
C003754,W01209,EVT0337,30,Dwarka,Swiggy,Bike,26,4332.59,10.5,0,Summer,Social Disruption,0.22,0.2,0.42,0.483,1434.0,0.088,1,1,0.2869,28.400869,76.671091,0.145,10.5,35.8,169,1,0.523,0.26,1,0,0,0.5417,0.1083,63.15,2,300,57,MANUAL_REVIEW,1
C003769,W01650,EVT0387,32,Noida,Blinkit,Bicycle,13,3784.06,9.9,1,Summer,Social Disruption,0.28,0.2,0.48,0.255,516.0,0.037,1,0,0.3283,28.385305,77.161419,0.219,1.2,34.9,222,2,0.419,0.068,1,0,0,0.2708,0.0542,65.84,6,900,60,MANUAL_REVIEW,1
C003786,W01447,EVT0377,42,Saket,BigBasket,Bike,18,3633.89,8.5,0,Winter,Flooding,0.14,0.05,0.19,0.086,711.4,0.042,1,0,0.2319,28.971532,76.683961,0.136,11.6,39.7,109,2,0.38,0.301,1,0,0,0.375,0.075,49.27,6,900,66,MANUAL_REVIEW,1
C003787,W00595,EVT0175,34,Connaught Place,Swiggy,EV Scooter,35,4241.17,7.1,1,Winter,Social Disruption,0.15,0.05,0.2,0.179,615.7,0.128,1,0,0.292,28.653426,76.876866,0.298,23.6,37.0,298,3,0.455,0.18,1,0,0,0.7292,0.1458,51.46,3,450,63,MANUAL_REVIEW,1
C003792,W01788,EVT0260,39,West Delhi,Instamart,EV Scooter,39,4922.46,8.8,1,Summer,Flooding,0.25,0.2,0.45,0.005,508.9,0.214,1,0,0.2471,28.976591,76.607214,0.152,18.0,35.2,88,2,0.378,0.037,1,0,0,0.8125,0.1625,61.93,2,300,72,AUTO_REJECT,1
C003802,W00501,EVT0194,41,Gurgaon,Zomato,Bike,40,3238.76,8.4,0,Summer,Social Disruption,0.3,0.2,0.5,0.249,967.0,0.069,1,0,0.2615,28.619108,77.019539,0.02,2.4,38.4,281,4,0.47,0.16,0,0,0,0.8333,0.1667,60.04,4,600,70,MANUAL_REVIEW,1
C003807,W00262,EVT0187,27,Faridabad,BigBasket,EV Scooter,22,4236.69,9.3,0,Summer,Social Disruption,0.32,0.2,0.52,0.251,1229.7,0.142,0,1,0.3301,28.34066,76.631875,0.242,22.8,36.4,142,3,0.658,0.213,1,0,0,0.4583,0.0917,66.17,3,450,65,MANUAL_REVIEW,1
C003818,W01755,EVT0114,28,Rohini,Instamart,Bike,28,4575.15,10.6,0,Summer,Severe Pollution,0.18,0.2,0.38,0.121,1291.2,0.163,1,0,0.171,28.54269,76.928175,0.295,12.7,35.5,55,3,0.541,0.053,1,1,0,0.5833,0.1167,63.0,3,450,71,AUTO_REJECT,1
C003834,W01231,EVT0308,24,Faridabad,Swiggy,Bike,27,5545.38,7.8,1,Winter,Heavy Rainfall,0.32,0.05,0.37,0.413,332.3,0.261,1,1,0.4415,28.32672,77.467862,0.569,39.5,25.3,231,2,0.391,0.145,1,1,1,0.5625,0.1125,60.0,1,150,45,MANUAL_REVIEW,1
C003836,W01663,EVT0410,36,Noida,Swiggy,Bike,1,4559.95,10.6,1,Winter,Flooding,0.28,0.05,0.33,0.298,1151.7,0.03,0,1,0.3494,28.716033,77.148524,0.536,15.9,32.1,71,1,0.819,0.122,0,0,0,0.0208,0.0042,65.76,3,450,57,MANUAL_REVIEW,1
C003852,W00664,EVT0032,39,West Delhi,Blinkit,EV Scooter,42,3319.86,8.0,0,Post-Monsoon,Severe Pollution,0.25,0.1,0.35,0.269,618.4,0.15,1,1,0.3298,28.050245,76.738977,0.188,2.7,33.2,335,2,0.38,0.312,1,1,0,0.875,0.175,54.62,3,450,62,MANUAL_REVIEW,1
C003863,W00626,EVT0409,35,West Delhi,Instamart,Bike,10,4181.58,7.3,0,Summer,Extreme Heat,0.25,0.2,0.45,0.198,1020.9,0.038,0,0,0.3299,28.818654,76.734492,0.096,0.8,31.6,284,2,0.497,0.052,1,0,0,0.2083,0.0417,71.07,3,450,61,MANUAL_REVIEW,1
C003868,W00571,EVT0276,39,Lajpat Nagar,Zepto,Bike,10,5103.28,8.3,0,Summer,Social Disruption,0.12,0.2,0.32,0.07,1197.4,0.103,0,0,0.2587,28.861839,77.002607,0.158,25.0,37.1,203,2,0.431,0.327,1,0,0,0.2083,0.0417,61.22,4,600,66,MANUAL_REVIEW,1
C003869,W00305,EVT0131,27,Dwarka,Blinkit,Bicycle,35,4905.59,7.9,0,Summer,Social Disruption,0.22,0.2,0.42,0.373,1531.9,0.085,0,1,0.3279,28.972413,77.016378,0.237,24.3,27.2,262,0,0.586,0.026,1,1,0,0.7292,0.1458,58.07,3,450,53,MANUAL_REVIEW,1
C003871,W00420,EVT0212,23,Saket,Zepto,Bike,47,3232.44,8.9,1,Monsoon,Heavy Rainfall,0.14,0.3,0.44,0.398,1537.6,0.184,1,0,0.247,28.016764,77.537243,0.243,28.9,30.3,226,5,0.502,0.009,1,0,1,0.9792,0.1958,56.85,4,600,62,MANUAL_REVIEW,1
C003875,W00246,EVT0472,35,West Delhi,Zomato,Bicycle,34,4094.9,7.5,0,Monsoon,Extreme Heat,0.25,0.3,0.55,0.047,701.6,0.11,1,0,0.2246,28.432568,76.902924,0.556,3.1,30.0,255,2,0.551,0.268,0,0,0,0.7083,0.1417,62.74,6,900,63,MANUAL_REVIEW,1
C003877,W00808,EVT0470,43,South Delhi,Blinkit,Bicycle,35,3475.94,8.9,1,Winter,Heavy Rainfall,0.1,0.05,0.15,0.156,1273.9,0.242,1,1,0.1955,28.787954,76.916519,0.244,22.3,31.7,77,5,0.616,0.062,0,1,0,0.7292,0.1458,47.13,4,600,68,MANUAL_REVIEW,1
C003878,W00963,EVT0292,27,Rohini,Zomato,EV Scooter,43,2699.21,6.5,0,Summer,Extreme Heat,0.18,0.2,0.38,0.395,1641.9,0.247,1,0,0.2364,28.536558,77.530902,0.035,1.1,40.3,93,0,0.424,0.31,1,1,0,0.8958,0.1792,52.76,2,300,52,MANUAL_REVIEW,1
C003886,W00859,EVT0010,41,East Delhi,Zomato,Bike,39,4069.72,8.8,0,Monsoon,Flooding,0.35,0.3,0.65,0.404,722.4,0.021,1,1,0.3553,28.346139,76.725443,0.306,29.5,30.6,304,5,0.414,0.049,0,0,0,0.8125,0.1625,67.46,2,300,63,MANUAL_REVIEW,1
C003887,W01723,EVT0067,22,North Delhi,BigBasket,Bike,15,3479.09,7.2,0,Post-Monsoon,Social Disruption,0.2,0.1,0.3,0.456,1330.6,0.215,0,0,0.4043,28.645147,76.919661,0.555,23.5,26.0,74,7,0.766,0.288,0,1,0,0.3125,0.0625,59.85,3,450,54,MANUAL_REVIEW,1
C003889,W00135,EVT0032,23,Noida,BigBasket,Bike,23,3892.92,8.4,0,Post-Monsoon,Flooding,0.28,0.1,0.38,0.11,1172.7,0.212,0,1,0.2893,28.518193,76.659414,0.109,14.0,34.0,304,3,0.804,0.284,1,0,0,0.4792,0.0958,61.57,2,300,70,MANUAL_REVIEW,1
C003898,W01693,EVT0119,40,East Delhi,BigBasket,Bike,46,4290.31,9.9,0,Winter,Social Disruption,0.35,0.05,0.4,0.138,996.2,0.175,1,0,0.2233,28.29008,77.251941,0.444,7.4,36.1,304,2,0.382,0.134,1,1,0,0.9583,0.1917,53.84,3,450,59,MANUAL_REVIEW,1
C003899,W01751,EVT0139,35,Connaught Place,BigBasket,Bike,47,3328.76,8.4,0,Monsoon,Social Disruption,0.15,0.3,0.45,0.076,1256.2,0.257,0,0,0.2677,28.113364,77.433599,0.507,19.3,35.1,292,1,0.736,0.239,1,0,0,0.9792,0.1958,57.28,6,900,57,MANUAL_REVIEW,1
C003902,W00470,EVT0307,40,Faridabad,Instamart,Bike,6,4919.03,8.6,0,Summer,Severe Pollution,0.32,0.2,0.52,0.202,1675.8,0.202,1,0,0.1496,28.074638,76.746057,0.029,26.6,26.4,82,4,0.597,0.191,1,1,0,0.125,0.025,70.37,5,750,75,AUTO_REJECT,1
C003908,W00740,EVT0159,23,Faridabad,Swiggy,Bike,38,2370.4,8.2,1,Post-Monsoon,Severe Pollution,0.32,0.1,0.42,0.083,800.8,0.027,1,0,0.2158,28.730587,77.215011,0.352,11.0,39.4,96,4,0.523,0.158,1,1,1,0.7917,0.1583,57.45,4,600,70,MANUAL_REVIEW,1
C003920,W01284,EVT0292,37,South Delhi,Zomato,Bike,28,3887.51,8.9,0,Summer,Social Disruption,0.1,0.2,0.3,0.421,1275.0,0.042,0,1,0.3813,28.698534,77.038615,0.459,13.8,37.9,345,1,0.788,0.216,0,0,0,0.5833,0.1167,55.74,3,450,48,MANUAL_REVIEW,1
C003938,W00718,EVT0279,41,South Delhi,BigBasket,Bicycle,10,3074.71,5.8,0,Summer,Heavy Rainfall,0.1,0.2,0.3,0.024,975.6,0.016,1,1,0.1649,28.164958,77.285601,0.451,28.8,25.4,69,4,0.408,0.348,1,1,0,0.2083,0.0417,60.6,1,150,68,MANUAL_REVIEW,1
C003947,W01663,EVT0281,36,Noida,Swiggy,Bike,1,4559.95,10.6,1,Post-Monsoon,Social Disruption,0.28,0.1,0.38,0.21,1689.3,0.222,0,1,0.2528,28.463507,76.930805,0.437,6.1,25.9,154,2,0.43,0.04,0,1,1,0.0208,0.0042,68.01,3,450,47,MANUAL_REVIEW,1
C003950,W01572,EVT0379,40,East Delhi,Zomato,Bike,24,3925.72,9.1,0,Post-Monsoon,Severe Pollution,0.35,0.1,0.45,0.275,1566.5,0.137,1,0,0.1887,28.133277,77.336643,0.155,16.1,26.1,57,4,0.651,0.328,0,0,0,0.5,0.1,62.18,4,600,74,AUTO_REJECT,1
C003963,W00201,EVT0245,38,Dwarka,Swiggy,Bike,31,2943.07,6.5,0,Post-Monsoon,Severe Pollution,0.22,0.1,0.32,0.24,483.8,0.264,1,1,0.3498,28.668369,77.199395,0.414,14.7,31.2,249,4,0.611,0.02,0,0,0,0.6458,0.1292,58.14,3,450,63,MANUAL_REVIEW,1
C003978,W01639,EVT0452,39,Dwarka,Swiggy,Bike,9,4697.53,10.4,0,Monsoon,Extreme Heat,0.22,0.3,0.52,0.202,1961.5,0.23,1,1,0.1096,28.755099,77.221477,0.577,2.2,34.8,276,4,0.552,0.21,0,1,0,0.1875,0.0375,72.73,5,750,62,MANUAL_REVIEW,1
C003985,W01193,EVT0438,21,Lajpat Nagar,Instamart,Bike,12,3138.97,8.1,0,Monsoon,Heavy Rainfall,0.12,0.3,0.42,0.352,1322.2,0.226,1,1,0.2651,28.132028,76.62623,0.006,2.2,37.5,71,4,0.62,0.322,1,0,0,0.25,0.05,66.29,2,300,69,MANUAL_REVIEW,1
C003986,W01931,EVT0401,39,South Delhi,Zepto,Bicycle,7,4508.81,10.7,0,Post-Monsoon,Extreme Heat,0.1,0.1,0.2,0.177,1468.7,0.198,0,1,0.2703,28.321628,76.893752,0.072,4.8,30.1,182,1,0.584,0.299,0,0,0,0.1458,0.0292,60.53,3,450,58,MANUAL_REVIEW,1
C003993,W01817,EVT0289,21,East Delhi,Instamart,Bike,17,3920.29,12.8,0,Winter,Severe Pollution,0.35,0.05,0.4,0.086,1404.6,0.034,1,1,0.1271,28.346507,77.412395,0.045,18.0,38.3,253,4,0.636,0.25,1,0,0,0.3542,0.0708,60.47,2,300,77,AUTO_REJECT,1
C004005,W01512,EVT0405,40,Gurgaon,BigBasket,Bike,19,3171.32,5.5,0,Winter,Social Disruption,0.3,0.05,0.35,0.191,1310.8,0.243,1,1,0.2041,28.812863,76.967232,0.164,3.7,29.8,244,1,0.781,0.234,1,1,0,0.3958,0.0792,64.09,2,300,69,MANUAL_REVIEW,1
C004011,W00578,EVT0323,37,Faridabad,Zepto,Bike,2,3676.13,7.0,0,Monsoon,Severe Pollution,0.32,0.3,0.62,0.414,1347.3,0.234,1,1,0.2869,28.393632,76.724121,0.049,20.0,29.1,92,2,0.37,0.293,0,1,0,0.0417,0.0083,82.88,4,600,57,MANUAL_REVIEW,1
C004019,W01365,EVT0283,20,Lajpat Nagar,Blinkit,Bike,19,3557.49,9.6,1,Monsoon,Extreme Heat,0.12,0.3,0.42,0.417,1279.1,0.108,1,1,0.2857,28.945785,76.780981,0.267,4.1,29.1,299,2,0.88,0.028,1,0,0,0.3958,0.0792,64.08,4,600,63,MANUAL_REVIEW,1
C004022,W01616,EVT0333,28,East Delhi,Swiggy,Bike,23,3316.57,11.6,0,Post-Monsoon,Heavy Rainfall,0.35,0.1,0.45,0.23,1813.0,0.231,1,1,0.1432,28.529937,77.136744,0.301,31.1,35.8,238,3,0.584,0.03,0,0,0,0.4792,0.0958,63.05,4,600,67,MANUAL_REVIEW,1
C004025,W00801,EVT0109,25,Gurgaon,BigBasket,Bike,39,3394.91,9.3,0,Monsoon,Severe Pollution,0.3,0.3,0.6,0.015,1462.8,0.221,1,0,0.1087,28.315266,77.272666,0.213,7.9,29.2,369,2,0.739,0.081,1,0,0,0.8125,0.1625,65.85,3,450,74,AUTO_REJECT,1
C004028,W00143,EVT0077,39,Gurgaon,Zomato,Bike,32,4679.97,11.3,0,Summer,Social Disruption,0.3,0.2,0.5,0.346,1655.7,0.076,1,1,0.1976,28.490157,77.030215,0.543,11.7,26.2,130,2,0.634,0.227,0,1,0,0.6667,0.1333,62.66,5,750,49,MANUAL_REVIEW,1
C004036,W00985,EVT0028,41,Faridabad,Instamart,Bike,19,2416.27,8.6,0,Winter,Flooding,0.32,0.05,0.37,0.035,411.2,0.101,0,0,0.3624,28.196905,76.79808,0.035,20.4,28.1,191,4,0.77,0.225,1,0,0,0.3958,0.0792,62.03,4,600,79,AUTO_REJECT,1
C004050,W01292,EVT0463,22,East Delhi,Zomato,Bike,4,4193.01,9.5,0,Monsoon,Heavy Rainfall,0.35,0.3,0.65,0.381,1156.5,0.253,1,0,0.3042,28.397505,77.151415,0.107,21.9,25.4,171,0,0.794,0.106,1,0,0,0.0833,0.0167,76.1,6,900,61,MANUAL_REVIEW,1
C004052,W01772,EVT0193,35,South Delhi,Zepto,EV Scooter,39,3949.94,8.1,0,Summer,Flooding,0.1,0.2,0.3,0.075,1760.3,0.276,1,1,0.0936,28.049878,77.002035,0.504,29.7,29.0,256,2,0.642,0.015,1,0,0,0.8125,0.1625,52.72,4,600,60,MANUAL_REVIEW,1
C004059,W01773,EVT0019,41,Dwarka,Instamart,Bicycle,45,3300.81,10.8,0,Summer,Extreme Heat,0.22,0.2,0.42,0.352,448.8,0.24,1,1,0.3975,28.602077,76.858511,0.008,1.4,41.8,237,5,0.8,0.323,1,0,0,0.9375,0.1875,58.92,2,300,72,AUTO_REJECT,1
C004074,W00567,EVT0317,43,West Delhi,BigBasket,Bike,20,2719.44,8.4,0,Summer,Extreme Heat,0.25,0.2,0.45,0.362,690.3,0.029,1,1,0.3442,28.39844,76.743719,0.307,3.3,41.6,90,3,0.789,0.04,1,0,0,0.4167,0.0833,61.49,3,450,62,MANUAL_REVIEW,1
C004082,W00233,EVT0032,42,Saket,Zomato,Bike,38,3722.71,7.2,0,Post-Monsoon,Social Disruption,0.14,0.1,0.24,0.063,1159.2,0.006,1,1,0.1519,28.505296,76.750185,0.377,22.9,40.6,223,1,0.623,0.097,0,0,0,0.7917,0.1583,49.83,3,450,64,MANUAL_REVIEW,1
C004089,W00512,EVT0161,26,Faridabad,Blinkit,Bike,12,4725.77,11.4,1,Post-Monsoon,Heavy Rainfall,0.32,0.1,0.42,0.263,1996.4,0.235,1,1,0.1292,28.755219,77.165918,0.491,11.5,34.5,118,2,0.701,0.171,1,0,1,0.25,0.05,67.41,2,300,63,MANUAL_REVIEW,1
C004100,W01424,EVT0036,26,Saket,BigBasket,Bike,45,3783.12,8.4,0,Post-Monsoon,Social Disruption,0.14,0.1,0.24,0.246,1050.0,0.113,1,1,0.2522,28.753673,77.19038,0.29,26.4,41.6,155,5,0.895,0.28,1,0,0,0.9375,0.1875,52.21,4,600,67,MANUAL_REVIEW,1
C004114,W01542,EVT0348,41,Connaught Place,Blinkit,EV Scooter,40,4317.63,10.5,1,Post-Monsoon,Severe Pollution,0.15,0.1,0.25,0.263,459.5,0.278,1,0,0.3641,28.417137,77.571008,0.479,25.8,40.1,95,0,0.531,0.207,1,1,0,0.8333,0.1667,52.2,3,450,48,MANUAL_REVIEW,1
C004128,W00332,EVT0255,33,Dwarka,Instamart,Bike,34,2864.7,7.4,0,Winter,Social Disruption,0.22,0.05,0.27,0.526,1080.2,0.154,1,0,0.3638,28.350341,77.049522,0.131,8.2,36.2,331,2,0.791,0.314,0,0,0,0.7083,0.1417,53.54,4,600,60,MANUAL_REVIEW,1
C004134,W01810,EVT0425,43,East Delhi,BigBasket,Bike,10,3799.06,7.2,1,Monsoon,Extreme Heat,0.35,0.3,0.65,0.403,1723.3,0.198,1,0,0.2225,28.248227,76.758459,0.175,2.5,40.5,250,4,0.379,0.242,0,0,1,0.2083,0.0417,76.44,3,450,61,MANUAL_REVIEW,1
C004148,W01517,EVT0004,40,South Delhi,Swiggy,Bike,19,3841.88,7.8,0,Post-Monsoon,Social Disruption,0.1,0.1,0.2,0.051,1111.9,0.161,0,0,0.2697,28.99372,77.088718,0.145,5.5,40.1,371,6,0.572,0.046,1,0,0,0.3958,0.0792,51.09,4,600,73,AUTO_REJECT,1
C004150,W00422,EVT0095,23,Connaught Place,Zomato,Bike,39,2754.66,9.8,0,Post-Monsoon,Social Disruption,0.15,0.1,0.25,0.343,478.6,0.2,0,1,0.4854,28.338865,76.716307,0.404,14.9,26.0,80,1,0.72,0.027,1,0,0,0.8125,0.1625,51.76,6,900,50,MANUAL_REVIEW,1
C004151,W01902,EVT0183,26,Dwarka,Instamart,Bike,27,4751.35,8.2,0,Winter,Heavy Rainfall,0.22,0.05,0.27,0.422,439.5,0.154,0,1,0.5183,28.068851,77.103843,0.56,38.7,27.2,219,2,0.814,0.255,0,0,0,0.5625,0.1125,54.42,4,600,50,MANUAL_REVIEW,1
C004155,W00547,EVT0135,39,Dwarka,Zomato,Bicycle,33,3882.89,8.2,1,Monsoon,Severe Pollution,0.22,0.3,0.52,0.413,1318.2,0.162,0,1,0.3837,28.229321,76.759495,0.45,15.8,34.5,205,1,0.41,0.122,1,0,0,0.6875,0.1375,64.35,3,450,45,MANUAL_REVIEW,1
C004162,W01737,EVT0243,41,Dwarka,BigBasket,Bike,40,3610.85,8.1,0,Summer,Flooding,0.22,0.2,0.42,0.431,841.3,0.157,0,0,0.4619,28.511513,77.525737,0.057,8.6,29.5,139,3,0.364,0.159,1,0,0,0.8333,0.1667,61.92,4,600,51,MANUAL_REVIEW,1
C004166,W01415,EVT0255,35,West Delhi,Swiggy,Bike,36,4427.39,9.8,0,Monsoon,Social Disruption,0.25,0.3,0.55,0.366,1609.2,0.117,0,1,0.3167,28.939369,76.723012,0.424,7.3,37.7,130,4,0.612,0.139,0,1,0,0.75,0.15,64.95,4,600,54,MANUAL_REVIEW,1
C004171,W00991,EVT0377,32,Gurgaon,Zepto,Bike,28,3244.35,7.8,0,Winter,Severe Pollution,0.3,0.05,0.35,0.537,1385.9,0.192,1,0,0.3261,28.037175,76.979111,0.138,10.9,38.8,192,3,0.746,0.102,1,0,0,0.5833,0.1167,53.23,3,450,62,MANUAL_REVIEW,1
C004175,W01775,EVT0311,33,Saket,Zepto,Bike,8,4852.98,6.3,0,Monsoon,Severe Pollution,0.14,0.3,0.44,0.019,1847.9,0.039,1,0,0.0343,28.399579,77.23636,0.144,14.6,26.6,286,4,0.418,0.067,1,1,0,0.1667,0.0333,70.76,4,600,74,AUTO_REJECT,1
C004180,W01994,EVT0065,34,Dwarka,Blinkit,Bicycle,9,4266.62,9.9,0,Winter,Heavy Rainfall,0.22,0.05,0.27,0.265,369.4,0.061,1,1,0.3567,28.531945,77.594674,0.008,40.1,25.5,147,4,0.755,0.055,1,0,0,0.1875,0.0375,56.67,2,300,80,AUTO_REJECT,1
C004185,W00594,EVT0390,39,Connaught Place,Zomato,EV Scooter,25,3002.68,10.3,0,Summer,Social Disruption,0.15,0.2,0.35,0.372,1494.5,0.251,1,1,0.2497,28.479884,77.004507,0.034,10.9,28.2,206,0,0.582,0.283,0,1,0,0.5208,0.1042,55.75,4,600,56,MANUAL_REVIEW,1
C004186,W00127,EVT0486,31,South Delhi,Zepto,EV Scooter,29,3146.87,8.7,0,Monsoon,Heavy Rainfall,0.1,0.3,0.4,0.507,1173.5,0.235,1,0,0.3503,28.014248,76.725149,0.34,11.7,32.7,78,3,0.403,0.184,0,0,0,0.6042,0.1208,60.47,1,150,51,MANUAL_REVIEW,1
C004187,W01438,EVT0093,34,Gurgaon,Blinkit,Bicycle,18,3186.31,12.4,0,Summer,Flooding,0.3,0.2,0.5,0.226,1411.7,0.044,1,1,0.183,28.480925,77.154404,0.05,12.8,30.6,315,3,0.647,0.03,1,1,0,0.375,0.075,67.39,2,300,73,AUTO_REJECT,1
C004189,W01381,EVT0247,34,West Delhi,BigBasket,Bike,28,3178.03,9.6,0,Post-Monsoon,Extreme Heat,0.25,0.1,0.35,0.014,1468.0,0.24,0,1,0.2094,28.354408,77.192137,0.515,1.9,40.5,106,2,0.586,0.3,0,0,0,0.5833,0.1167,56.13,2,300,59,MANUAL_REVIEW,1
C004194,W01383,EVT0345,35,Noida,Zomato,Bike,45,3750.08,7.7,0,Winter,Social Disruption,0.28,0.05,0.33,0.458,453.4,0.257,1,1,0.4409,28.46512,77.379101,0.192,15.1,38.6,319,3,0.503,0.152,0,0,0,0.9375,0.1875,55.16,4,600,59,MANUAL_REVIEW,1
C004201,W01322,EVT0214,36,South Delhi,Instamart,EV Scooter,22,5305.68,7.4,0,Post-Monsoon,Flooding,0.1,0.1,0.2,0.486,1009.6,0.17,1,1,0.36,28.095535,77.210026,0.188,3.5,27.5,265,3,0.405,0.32,1,0,0,0.4583,0.0917,54.21,2,300,62,MANUAL_REVIEW,1
C004204,W00858,EVT0412,33,Faridabad,Swiggy,EV Scooter,14,3941.59,9.4,0,Winter,Extreme Heat,0.32,0.05,0.37,0.477,809.5,0.234,1,1,0.3928,28.126779,77.450681,0.171,4.7,41.5,177,3,0.781,0.091,0,0,0,0.2917,0.0583,61.46,4,600,61,MANUAL_REVIEW,1
C004218,W00367,EVT0436,34,East Delhi,Zomato,Bike,27,2568.44,10.3,0,Summer,Heavy Rainfall,0.35,0.2,0.55,0.52,1955.6,0.21,1,0,0.2357,28.269373,77.565029,0.504,13.2,25.0,58,0,0.642,0.305,0,0,0,0.5625,0.1125,65.63,2,300,47,MANUAL_REVIEW,1
C004221,W01613,EVT0115,26,Gurgaon,Zepto,Bicycle,43,4675.53,8.9,0,Winter,Flooding,0.3,0.05,0.35,0.125,1754.9,0.229,0,0,0.2097,28.491879,77.319817,0.079,4.9,39.3,140,1,0.621,0.317,1,0,0,0.8958,0.1792,53.55,3,450,64,MANUAL_REVIEW,1
C004231,W01851,EVT0242,34,Lajpat Nagar,Swiggy,EV Scooter,23,3580.24,8.4,0,Monsoon,Severe Pollution,0.12,0.3,0.42,0.38,927.6,0.037,1,1,0.3166,28.236485,76.673436,0.45,14.0,30.7,366,3,0.679,0.335,1,1,0,0.4792,0.0958,64.22,3,450,63,MANUAL_REVIEW,1
C004239,W00507,EVT0153,36,West Delhi,Zepto,Bicycle,6,3053.69,8.5,0,Post-Monsoon,Flooding,0.25,0.1,0.35,0.129,810.8,0.04,1,1,0.234,28.787769,76.987941,0.398,13.4,36.3,67,4,0.792,0.168,1,1,0,0.125,0.025,65.77,6,900,75,AUTO_REJECT,1
C004241,W01340,EVT0478,24,Dwarka,Zepto,Bicycle,26,4599.87,9.4,0,Post-Monsoon,Extreme Heat,0.22,0.1,0.32,0.248,1187.6,0.068,1,1,0.2279,28.336107,77.117147,0.098,1.8,35.9,223,4,0.432,0.162,0,0,0,0.5417,0.1083,56.53,4,600,70,MANUAL_REVIEW,1
C004253,W01060,EVT0353,43,Dwarka,BigBasket,Bike,37,3479.88,7.8,0,Summer,Heavy Rainfall,0.22,0.2,0.42,0.006,801.3,0.192,1,0,0.2014,28.611697,76.805531,0.276,30.7,25.8,161,2,0.396,0.346,0,0,0,0.7708,0.1542,65.8,1,150,69,MANUAL_REVIEW,1
C004258,W01405,EVT0055,41,Faridabad,Zomato,Bike,20,3978.66,7.5,0,Monsoon,Severe Pollution,0.32,0.3,0.62,0.268,978.1,0.046,1,1,0.2651,28.746017,76.975684,0.063,8.9,25.1,189,2,0.696,0.183,1,1,0,0.4167,0.0833,75.75,2,300,73,AUTO_REJECT,1
C004269,W00821,EVT0461,29,Noida,Zepto,Bike,22,2248.22,7.6,1,Summer,Social Disruption,0.28,0.2,0.48,0.304,361.8,0.177,0,1,0.485,28.41158,77.2812,0.203,12.5,35.6,270,2,0.689,0.315,0,1,1,0.4583,0.0917,61.55,4,600,57,MANUAL_REVIEW,1
C004270,W00805,EVT0244,27,South Delhi,Instamart,Bike,9,2790.5,10.9,0,Monsoon,Extreme Heat,0.1,0.3,0.4,0.208,535.8,0.23,0,0,0.4258,28.778788,77.24369,0.029,4.5,34.3,251,0,0.898,0.166,1,0,0,0.1875,0.0375,66.61,3,450,66,MANUAL_REVIEW,1
C004276,W01705,EVT0370,22,Gurgaon,Swiggy,Bicycle,23,3748.08,7.8,0,Summer,Social Disruption,0.3,0.2,0.5,0.186,877.3,0.166,1,0,0.2594,28.448054,76.828839,0.109,21.5,29.5,138,3,0.424,0.066,0,0,0,0.4792,0.0958,68.13,5,750,68,MANUAL_REVIEW,1
C004277,W01606,EVT0038,25,Dwarka,Zepto,Bike,15,3865.04,8.5,1,Monsoon,Heavy Rainfall,0.22,0.3,0.52,0.07,296.9,0.225,1,0,0.306,28.208797,77.404536,0.293,1.5,34.5,236,4,0.6,0.114,1,0,1,0.3125,0.0625,72.34,3,450,78,AUTO_REJECT,1
C004282,W01185,EVT0238,42,Saket,BigBasket,Bike,17,4803.24,9.5,0,Summer,Severe Pollution,0.14,0.2,0.34,0.214,1187.9,0.11,1,0,0.2184,28.263407,77.331103,0.229,5.1,33.4,65,0,0.788,0.066,0,0,0,0.3542,0.0708,62.24,6,900,62,MANUAL_REVIEW,1
C004288,W00118,EVT0253,27,Connaught Place,BigBasket,EV Scooter,33,4905.77,9.1,0,Monsoon,Social Disruption,0.15,0.3,0.45,0.12,1314.8,0.079,0,1,0.2587,28.12118,76.791604,0.424,22.9,36.0,107,1,0.399,0.168,0,1,0,0.6875,0.1375,61.0,1,150,53,MANUAL_REVIEW,1
C004290,W00407,EVT0220,39,Faridabad,Swiggy,EV Scooter,12,3858.94,8.7,0,Winter,Flooding,0.32,0.05,0.37,0.24,1947.0,0.006,0,1,0.2046,28.664685,77.462048,0.46,5.6,40.7,140,2,0.461,0.286,1,0,0,0.25,0.05,63.64,1,150,54,MANUAL_REVIEW,1
C004314,W01573,EVT0252,43,Gurgaon,Instamart,Bicycle,5,3501.51,9.1,1,Summer,Flooding,0.3,0.2,0.5,0.234,1866.5,0.061,1,1,0.1197,28.648712,77.136457,0.137,9.5,30.8,333,1,0.538,0.065,0,0,1,0.1042,0.0208,72.19,2,300,63,MANUAL_REVIEW,1
C004317,W01719,EVT0355,25,Saket,Zomato,Bike,14,3054.97,10.8,1,Winter,Social Disruption,0.14,0.05,0.19,0.349,1742.0,0.118,1,0,0.1901,28.788645,77.169487,0.474,0.9,35.2,263,3,0.379,0.34,1,0,0,0.2917,0.0583,53.43,2,300,49,MANUAL_REVIEW,1
C004328,W00016,EVT0394,23,East Delhi,Zomato,Bike,13,3593.19,6.5,0,Winter,Social Disruption,0.35,0.05,0.4,0.118,295.5,0.028,0,0,0.4057,28.258578,77.025903,0.327,26.8,38.5,363,5,0.35,0.046,1,1,0,0.2708,0.0542,64.25,4,600,62,MANUAL_REVIEW,1
C004340,W00711,EVT0167,38,East Delhi,Zepto,Bike,18,5631.28,7.4,0,Post-Monsoon,Severe Pollution,0.35,0.1,0.45,0.517,609.0,0.266,1,1,0.442,28.932408,77.25715,0.255,0.2,38.5,189,4,0.786,0.074,0,1,0,0.375,0.075,65.73,4,600,55,MANUAL_REVIEW,1
C004341,W01546,EVT0087,26,Gurgaon,Zomato,Bike,24,2943.01,6.0,0,Post-Monsoon,Extreme Heat,0.3,0.1,0.4,0.36,386.9,0.025,1,1,0.3885,28.484439,77.524183,0.566,0.6,28.7,260,4,0.405,0.252,0,1,0,0.5,0.1,60.9,3,450,52,MANUAL_REVIEW,1
C004343,W00892,EVT0474,40,East Delhi,BigBasket,Bicycle,13,3755.17,7.2,1,Monsoon,Extreme Heat,0.35,0.3,0.65,0.204,1166.8,0.175,0,0,0.3241,28.721266,77.137891,0.03,4.6,39.5,215,2,0.566,0.237,0,0,0,0.2708,0.0542,77.52,6,900,69,MANUAL_REVIEW,1
C004346,W00286,EVT0263,41,Rohini,Blinkit,Bicycle,3,4173.21,10.0,0,Monsoon,Social Disruption,0.18,0.3,0.48,0.1,294.5,0.226,0,0,0.4184,28.562406,77.4143,0.094,29.5,41.9,309,0,0.418,0.067,1,1,0,0.0625,0.0125,73.22,6,900,57,MANUAL_REVIEW,1
C004347,W00877,EVT0020,31,Lajpat Nagar,Zepto,Bike,1,5092.86,7.5,0,Winter,Severe Pollution,0.12,0.05,0.17,0.091,1270.9,0.272,1,1,0.173,28.770367,77.59155,0.091,19.8,37.8,137,0,0.821,0.239,0,1,0,0.0208,0.0042,53.67,4,600,69,MANUAL_REVIEW,1
C004351,W00713,EVT0493,22,West Delhi,BigBasket,Bike,19,4275.65,8.5,1,Summer,Extreme Heat,0.25,0.2,0.45,0.214,1204.0,0.045,1,0,0.2095,28.996591,76.784967,0.075,1.9,33.6,283,4,0.816,0.162,1,0,0,0.3958,0.0792,67.45,1,150,70,MANUAL_REVIEW,1
C004355,W01409,EVT0493,43,Gurgaon,Zepto,Bike,13,3862.23,10.0,1,Winter,Social Disruption,0.3,0.05,0.35,0.172,1407.8,0.1,0,0,0.2676,28.278207,76.797949,0.324,25.6,40.4,157,4,0.719,0.337,1,0,0,0.2708,0.0542,63.71,3,450,67,MANUAL_REVIEW,1
C004361,W00358,EVT0092,31,East Delhi,Blinkit,Bicycle,45,3038.44,9.2,0,Winter,Social Disruption,0.35,0.05,0.4,0.144,664.8,0.092,1,1,0.2671,28.235517,77.470017,0.561,16.6,33.0,177,1,0.612,0.111,1,0,0,0.9375,0.1875,57.17,5,750,56,MANUAL_REVIEW,1
C004373,W01411,EVT0009,31,Noida,Zepto,EV Scooter,42,5339.34,10.5,1,Summer,Extreme Heat,0.28,0.2,0.48,0.128,1624.3,0.032,1,0,0.1108,28.784987,77.508218,0.396,3.0,33.9,187,1,0.55,0.238,1,1,0,0.875,0.175,59.49,4,600,62,MANUAL_REVIEW,1
C004394,W00814,EVT0059,26,North Delhi,Zepto,Bike,23,4324.23,7.7,0,Summer,Heavy Rainfall,0.2,0.2,0.4,0.028,812.2,0.036,0,0,0.293,28.412867,76.976044,0.25,12.4,25.6,100,3,0.642,0.097,1,0,0,0.4792,0.0958,63.1,5,750,74,AUTO_REJECT,1
C004395,W01219,EVT0339,38,Noida,Swiggy,Bike,40,4236.87,9.6,0,Summer,Extreme Heat,0.28,0.2,0.48,0.065,620.4,0.056,1,0,0.2385,28.654269,77.245073,0.339,1.2,31.2,222,4,0.449,0.259,1,1,0,0.8333,0.1667,60.5,5,750,64,MANUAL_REVIEW,1
C004416,W00171,EVT0236,22,Noida,Swiggy,Bike,1,3463.68,7.7,0,Post-Monsoon,Heavy Rainfall,0.28,0.1,0.38,0.518,370.1,0.072,0,1,0.5589,28.627662,76.943555,0.14,24.8,36.4,75,1,0.896,0.323,1,1,0,0.0208,0.0042,67.71,2,300,56,MANUAL_REVIEW,1
C004421,W01708,EVT0411,43,North Delhi,Blinkit,Bike,26,2939.31,10.3,0,Monsoon,Extreme Heat,0.2,0.3,0.5,0.538,379.1,0.034,0,1,0.5617,28.835055,77.545795,0.278,1.6,42.6,185,0,0.801,0.12,1,0,0,0.5417,0.1083,64.34,3,450,46,MANUAL_REVIEW,1
C004429,W00915,EVT0150,35,Rohini,Swiggy,Bike,16,4280.48,10.5,0,Summer,Heavy Rainfall,0.18,0.2,0.38,0.187,1362.7,0.242,1,0,0.1946,28.706184,76.7324,0.573,5.0,33.9,121,2,0.476,0.011,1,1,0,0.3333,0.0667,63.35,5,750,58,MANUAL_REVIEW,1
C004430,W01417,EVT0384,31,Noida,BigBasket,Bike,1,3414.08,8.0,0,Summer,Social Disruption,0.28,0.2,0.48,0.114,1076.3,0.167,1,0,0.2009,28.745389,77.156733,0.415,12.8,33.5,95,2,0.634,0.281,0,0,0,0.0208,0.0042,71.51,4,600,68,MANUAL_REVIEW,1
C004433,W00142,EVT0130,37,South Delhi,BigBasket,Bike,5,3190.55,11.4,0,Summer,Severe Pollution,0.1,0.2,0.3,0.346,574.7,0.056,0,0,0.4578,28.09126,76.745822,0.421,26.9,40.6,356,4,0.543,0.27,1,0,0,0.1042,0.0208,58.84,4,600,52,MANUAL_REVIEW,1
C004434,W01466,EVT0110,22,Noida,BigBasket,Bike,1,3390.82,10.0,0,Monsoon,Heavy Rainfall,0.28,0.3,0.58,0.232,901.6,0.2,1,0,0.2776,28.73769,77.125789,0.365,19.7,28.9,242,2,0.885,0.284,1,0,0,0.0208,0.0042,77.8,6,900,64,MANUAL_REVIEW,1
C004437,W00192,EVT0348,24,Noida,Instamart,Bike,5,4599.61,8.5,0,Post-Monsoon,Heavy Rainfall,0.28,0.1,0.38,0.496,1747.6,0.094,0,0,0.3457,28.689495,77.328634,0.428,14.4,37.8,234,4,0.846,0.179,1,0,0,0.1042,0.0208,65.15,4,600,53,MANUAL_REVIEW,1
C004453,W00607,EVT0144,42,West Delhi,Instamart,Bicycle,47,4598.12,8.0,0,Winter,Extreme Heat,0.25,0.05,0.3,0.234,1627.8,0.027,1,0,0.1521,28.974586,76.928914,0.481,0.2,39.6,83,4,0.863,0.316,0,1,0,0.9792,0.1958,50.73,4,600,60,MANUAL_REVIEW,1
C004456,W01813,EVT0091,43,Connaught Place,BigBasket,EV Scooter,3,4114.99,8.4,0,Post-Monsoon,Extreme Heat,0.15,0.1,0.25,0.256,489.0,0.112,1,1,0.3402,28.627565,77.439142,0.116,3.4,38.4,171,2,0.5,0.259,1,0,0,0.0625,0.0125,63.51,4,600,66,MANUAL_REVIEW,1
C004461,W00896,EVT0487,26,East Delhi,BigBasket,EV Scooter,7,3022.59,11.5,1,Post-Monsoon,Heavy Rainfall,0.35,0.1,0.45,0.149,1536.9,0.133,1,0,0.1424,28.474212,77.537474,0.102,33.9,37.1,235,3,0.367,0.136,0,1,0,0.1458,0.0292,67.49,3,450,67,MANUAL_REVIEW,1
C004465,W00262,EVT0199,27,Faridabad,BigBasket,EV Scooter,22,4236.69,9.3,0,Summer,Flooding,0.32,0.2,0.52,0.473,504.8,0.052,1,1,0.4187,28.300831,77.345276,0.015,0.1,35.2,56,4,0.771,0.338,0,0,0,0.4583,0.0917,67.48,1,150,71,AUTO_REJECT,1
C004469,W00201,EVT0210,38,Dwarka,Swiggy,Bike,31,2943.07,6.5,0,Winter,Flooding,0.22,0.05,0.27,0.086,964.9,0.223,1,1,0.212,28.107767,77.451106,0.098,17.8,36.8,218,5,0.667,0.303,0,0,0,0.6458,0.1292,55.25,3,450,82,AUTO_REJECT,1
C004471,W01174,EVT0386,21,Gurgaon,Swiggy,Bicycle,19,3506.68,9.6,1,Summer,Severe Pollution,0.3,0.2,0.5,0.243,985.7,0.018,0,0,0.3511,28.356412,77.076858,0.36,5.1,29.6,199,5,0.616,0.053,1,1,1,0.3958,0.0792,70.34,4,600,57,MANUAL_REVIEW,1
C004480,W01411,EVT0367,31,Noida,Zepto,EV Scooter,42,5339.34,10.5,1,Monsoon,Social Disruption,0.28,0.3,0.58,0.097,359.5,0.16,1,0,0.3009,28.897133,76.64125,0.09,7.5,30.4,65,2,0.717,0.216,0,0,0,0.875,0.175,61.67,2,300,73,AUTO_REJECT,1
C004491,W00290,EVT0187,33,North Delhi,Zepto,Bicycle,10,2740.86,9.5,0,Summer,Heavy Rainfall,0.2,0.2,0.4,0.511,688.6,0.073,1,0,0.4084,28.942819,76.722394,0.505,12.6,35.0,120,5,0.708,0.201,1,1,0,0.2083,0.0417,64.23,3,450,57,MANUAL_REVIEW,1
C004492,W00737,EVT0483,36,West Delhi,BigBasket,Bike,21,4328.15,9.0,0,Winter,Heavy Rainfall,0.25,0.05,0.3,0.052,1003.0,0.049,1,0,0.1752,28.16098,76.87019,0.465,33.3,27.6,144,0,0.585,0.007,1,0,0,0.4375,0.0875,61.89,1,150,64,MANUAL_REVIEW,1
C004497,W00192,EVT0033,24,Noida,Instamart,Bike,5,4599.61,8.5,0,Winter,Severe Pollution,0.28,0.05,0.33,0.387,1591.6,0.018,0,1,0.3179,28.288349,76.772666,0.378,6.1,29.9,263,5,0.808,0.038,1,1,0,0.1042,0.0208,63.44,3,450,61,MANUAL_REVIEW,1
C004501,W00776,EVT0161,20,Gurgaon,Zomato,Bike,47,3897.65,9.0,0,Winter,Social Disruption,0.3,0.05,0.35,0.549,1298.7,0.096,0,0,0.4344,28.866744,76.633339,0.001,16.4,30.9,250,1,0.484,0.287,1,0,0,0.9792,0.1958,56.07,5,750,50,MANUAL_REVIEW,1
C004508,W00919,EVT0406,20,Noida,Zepto,Bicycle,7,2498.33,9.7,0,Summer,Flooding,0.28,0.2,0.48,0.255,1774.5,0.189,1,0,0.1547,28.580358,77.529743,0.159,22.9,25.8,340,4,0.585,0.217,0,0,0,0.1458,0.0292,70.73,1,150,68,MANUAL_REVIEW,1
C004513,W01949,EVT0208,28,Connaught Place,Zepto,Bicycle,6,4108.29,8.5,0,Monsoon,Severe Pollution,0.15,0.3,0.45,0.185,1618.0,0.207,0,0,0.252,28.693955,76.779622,0.125,22.1,41.1,109,6,0.772,0.216,1,0,0,0.125,0.025,68.84,1,150,75,AUTO_REJECT,1
C004516,W01022,EVT0329,40,Noida,Instamart,Bicycle,15,3688.89,7.0,0,Winter,Extreme Heat,0.28,0.05,0.33,0.147,844.2,0.126,1,0,0.2448,28.394712,77.45493,0.216,3.9,35.3,249,4,0.77,0.02,0,0,0,0.3125,0.0625,62.28,4,600,73,AUTO_REJECT,1
C004527,W01160,EVT0174,39,Dwarka,Zepto,Bike,18,6224.11,8.0,0,Summer,Extreme Heat,0.22,0.2,0.42,0.421,902.2,0.265,1,0,0.3596,28.885023,77.278611,0.406,3.5,42.8,173,4,0.461,0.035,0,0,0,0.375,0.075,59.41,6,900,54,MANUAL_REVIEW,1
C004537,W01363,EVT0275,22,Gurgaon,Blinkit,Bike,37,4244.75,7.4,0,Monsoon,Flooding,0.3,0.3,0.6,0.027,494.2,0.152,1,1,0.2519,28.022059,77.217433,0.568,23.4,31.5,135,5,0.879,0.335,0,0,0,0.7708,0.1542,68.3,4,600,71,AUTO_REJECT,1
C004544,W01954,EVT0213,22,East Delhi,Blinkit,Bike,16,3414.0,10.0,0,Winter,Extreme Heat,0.35,0.05,0.4,0.349,1950.9,0.117,1,0,0.1587,28.585861,77.071632,0.156,3.8,35.9,197,1,0.385,0.116,1,1,0,0.3333,0.0667,60.41,2,300,51,MANUAL_REVIEW,1
C004549,W01290,EVT0092,40,South Delhi,BigBasket,EV Scooter,26,3623.06,7.8,1,Summer,Flooding,0.1,0.2,0.3,0.358,1913.5,0.264,0,0,0.2826,28.196636,76.694148,0.367,21.1,37.9,80,1,0.499,0.117,0,0,1,0.5417,0.1083,56.64,1,150,48,MANUAL_REVIEW,1
C004555,W00534,EVT0190,26,Saket,BigBasket,Bike,33,4442.74,9.3,0,Monsoon,Heavy Rainfall,0.14,0.3,0.44,0.176,1684.8,0.255,0,0,0.2432,28.372275,77.51178,0.17,35.4,32.8,234,2,0.641,0.169,1,1,0,0.6875,0.1375,60.41,3,450,66,MANUAL_REVIEW,1
C004558,W00038,EVT0419,29,East Delhi,Swiggy,EV Scooter,18,3461.67,9.3,0,Summer,Extreme Heat,0.35,0.2,0.55,0.2,301.2,0.219,1,0,0.3567,28.959323,76.978206,0.468,2.8,29.8,136,6,0.553,0.298,0,0,0,0.375,0.075,67.17,1,150,67,MANUAL_REVIEW,1
C004571,W01201,EVT0374,36,Dwarka,BigBasket,Bike,30,3945.18,8.3,1,Post-Monsoon,Extreme Heat,0.22,0.1,0.32,0.177,1909.6,0.053,1,0,0.0897,28.335484,77.213697,0.131,3.2,35.0,140,1,0.836,0.055,0,0,0,0.625,0.125,52.64,3,450,64,MANUAL_REVIEW,1
C004573,W00224,EVT0403,24,Saket,Blinkit,Bike,35,3409.37,10.0,0,Monsoon,Flooding,0.14,0.3,0.44,0.079,1198.9,0.003,1,1,0.1521,28.044582,76.67379,0.507,11.4,26.6,174,4,0.489,0.255,1,0,0,0.7292,0.1458,60.91,4,600,59,MANUAL_REVIEW,1
C004587,W01458,EVT0344,22,Dwarka,BigBasket,Bike,10,4881.44,9.4,0,Post-Monsoon,Heavy Rainfall,0.22,0.1,0.32,0.359,1531.3,0.239,0,1,0.3378,28.729685,77.478437,0.246,26.8,31.2,119,6,0.633,0.152,0,0,0,0.2083,0.0417,60.49,2,300,59,MANUAL_REVIEW,1
C004597,W01827,EVT0323,25,Rohini,Zomato,Bicycle,6,4716.26,9.5,0,Post-Monsoon,Extreme Heat,0.18,0.1,0.28,0.004,1534.3,0.218,1,1,0.0933,28.564411,77.51413,0.048,0.5,37.7,240,2,0.727,0.267,1,0,0,0.125,0.025,62.58,3,450,80,AUTO_REJECT,1
C004608,W00926,EVT0383,23,Dwarka,BigBasket,Bike,45,3116.89,9.8,0,Post-Monsoon,Severe Pollution,0.22,0.1,0.32,0.508,1506.5,0.041,1,1,0.2813,28.314791,77.315004,0.432,3.3,30.9,147,2,0.362,0.339,1,1,0,0.9375,0.1875,50.17,3,450,45,MANUAL_REVIEW,1
C004619,W00270,EVT0022,38,Dwarka,Zomato,Bike,37,4320.58,12.0,0,Summer,Social Disruption,0.22,0.2,0.42,0.007,1603.6,0.016,1,1,0.0639,28.514024,77.135415,0.12,1.1,33.6,129,3,0.744,0.192,1,1,0,0.7708,0.1542,58.08,2,300,76,AUTO_REJECT,1
C004622,W01547,EVT0190,41,Noida,Swiggy,EV Scooter,16,3647.36,8.8,0,Summer,Flooding,0.28,0.2,0.48,0.198,1387.9,0.177,0,1,0.2887,28.96576,76.640027,0.007,18.5,40.3,123,2,0.697,0.188,1,1,0,0.3333,0.0667,67.06,3,450,63,MANUAL_REVIEW,1
C004626,W01286,EVT0140,30,East Delhi,Zepto,Bike,13,4570.31,9.3,0,Summer,Heavy Rainfall,0.35,0.2,0.55,0.497,682.5,0.196,0,1,0.516,28.892943,77.545413,0.414,9.5,27.0,101,1,0.811,0.114,0,0,0,0.2708,0.0542,71.84,5,750,47,MANUAL_REVIEW,1
C004627,W01315,EVT0246,36,South Delhi,Instamart,Bike,1,3245.57,8.3,0,Monsoon,Severe Pollution,0.1,0.3,0.4,0.481,395.4,0.224,0,1,0.5555,28.574003,77.179792,0.006,25.4,42.0,172,1,0.469,0.179,0,0,0,0.0208,0.0042,69.47,4,600,50,MANUAL_REVIEW,1
C004628,W01529,EVT0099,33,Gurgaon,Zepto,Bicycle,32,3953.17,8.2,0,Monsoon,Social Disruption,0.3,0.3,0.6,0.415,1382.5,0.068,0,0,0.3654,28.155622,77.507121,0.216,15.4,40.0,283,2,0.781,0.276,1,1,0,0.6667,0.1333,67.77,1,150,52,MANUAL_REVIEW,1
C004629,W01835,EVT0218,40,Lajpat Nagar,Blinkit,Bicycle,42,4679.85,9.5,0,Monsoon,Severe Pollution,0.12,0.3,0.42,0.234,1393.6,0.04,0,0,0.2886,28.758474,77.400718,0.272,7.5,36.4,282,3,0.813,0.284,1,1,0,0.875,0.175,53.47,3,450,64,MANUAL_REVIEW,1
C004632,W00918,EVT0110,32,Rohini,Blinkit,Bike,41,4265.35,9.2,0,Monsoon,Severe Pollution,0.18,0.3,0.48,0.453,1167.6,0.264,1,0,0.3325,28.963146,77.463856,0.022,18.2,25.6,157,2,0.588,0.348,1,0,0,0.8542,0.1708,57.01,6,900,64,MANUAL_REVIEW,1
C004641,W01537,EVT0221,38,Lajpat Nagar,Zepto,Bike,40,3647.32,7.6,0,Post-Monsoon,Flooding,0.12,0.1,0.22,0.049,680.8,0.246,1,1,0.2421,28.921193,76.989636,0.386,6.2,35.6,117,4,0.577,0.07,1,0,0,0.8333,0.1667,51.63,3,450,71,AUTO_REJECT,1
C004647,W01665,EVT0030,38,Gurgaon,Blinkit,EV Scooter,40,3494.34,9.1,0,Winter,Extreme Heat,0.3,0.05,0.35,0.535,1218.5,0.136,1,0,0.3448,28.43786,77.258056,0.238,0.8,28.1,237,2,0.497,0.053,0,0,0,0.8333,0.1667,57.84,3,450,47,MANUAL_REVIEW,1
C004653,W01339,EVT0385,22,East Delhi,Zomato,Bike,20,2679.43,9.4,0,Post-Monsoon,Heavy Rainfall,0.35,0.1,0.45,0.357,1020.5,0.168,1,1,0.3065,28.431173,77.479311,0.333,2.9,32.1,129,3,0.759,0.151,0,1,0,0.4167,0.0833,63.73,3,450,61,MANUAL_REVIEW,1
C004663,W00508,EVT0058,43,South Delhi,Swiggy,Bike,40,4095.16,7.5,1,Winter,Flooding,0.1,0.05,0.15,0.13,1002.3,0.068,0,1,0.3085,28.947304,77.466255,0.232,6.9,35.1,322,3,0.737,0.117,1,1,1,0.8333,0.1667,47.51,2,300,63,MANUAL_REVIEW,1
C004678,W01760,EVT0125,26,Lajpat Nagar,Zepto,Bicycle,28,3885.71,8.6,0,Summer,Extreme Heat,0.12,0.2,0.32,0.157,388.3,0.118,1,1,0.3164,28.965038,77.374165,0.01,1.6,39.3,221,4,0.618,0.027,1,0,0,0.5833,0.1167,55.88,3,450,72,AUTO_REJECT,1
C004679,W00983,EVT0489,35,Noida,Swiggy,Bike,35,5328.73,6.5,1,Monsoon,Flooding,0.28,0.3,0.58,0.303,692.5,0.253,0,1,0.4426,28.655943,76.808568,0.559,20.2,39.5,152,3,0.787,0.074,0,1,1,0.7292,0.1458,67.9,3,450,53,MANUAL_REVIEW,1
C004684,W00147,EVT0115,41,Lajpat Nagar,Zepto,Bike,32,3890.4,9.7,1,Summer,Social Disruption,0.12,0.2,0.32,0.424,705.9,0.264,1,1,0.3901,28.172312,77.342524,0.416,17.1,25.9,329,0,0.545,0.068,0,0,1,0.6667,0.1333,57.75,4,600,46,MANUAL_REVIEW,1
C004691,W00351,EVT0057,35,North Delhi,Swiggy,Bicycle,21,2361.12,11.2,0,Winter,Flooding,0.2,0.05,0.25,0.054,1000.4,0.154,0,0,0.2869,28.878443,76.841634,0.199,6.7,40.1,92,4,0.395,0.279,1,0,0,0.4375,0.0875,57.65,2,300,65,MANUAL_REVIEW,1
C004696,W00050,EVT0028,33,North Delhi,Zepto,Bike,43,3702.76,6.4,0,Post-Monsoon,Heavy Rainfall,0.2,0.1,0.3,0.304,1210.7,0.094,1,0,0.2494,28.02926,76.628516,0.237,23.1,37.6,95,3,0.554,0.193,1,0,0,0.8958,0.1792,53.09,4,600,63,MANUAL_REVIEW,1
C004702,W00840,EVT0034,32,Connaught Place,Swiggy,EV Scooter,18,3866.71,9.3,1,Winter,Heavy Rainfall,0.15,0.05,0.2,0.291,325.3,0.209,1,1,0.3885,28.364943,76.654967,0.059,22.8,29.4,109,1,0.662,0.065,1,0,1,0.375,0.075,51.36,5,750,60,MANUAL_REVIEW,1
C004704,W00578,EVT0075,37,Faridabad,Zepto,Bike,2,3676.13,7.0,0,Monsoon,Social Disruption,0.32,0.3,0.62,0.275,1057.7,0.059,1,0,0.2572,28.871806,76.673729,0.127,20.5,30.5,194,4,0.674,0.045,1,0,0,0.0417,0.0083,79.16,3,450,69,MANUAL_REVIEW,1
C004716,W00403,EVT0239,33,Noida,Blinkit,Bicycle,22,4615.46,6.0,0,Winter,Social Disruption,0.28,0.05,0.33,0.039,472.7,0.048,0,1,0.3495,28.929701,77.110914,0.09,5.8,38.7,329,1,0.779,0.315,0,1,0,0.4583,0.0917,55.94,3,450,68,MANUAL_REVIEW,1
C004727,W00102,EVT0119,33,Rohini,Zomato,Bike,25,4667.69,9.6,0,Post-Monsoon,Severe Pollution,0.18,0.1,0.28,0.34,361.3,0.217,1,1,0.4035,28.448456,77.269281,0.366,11.7,40.4,84,2,0.557,0.215,1,0,0,0.5208,0.1042,57.52,4,600,57,MANUAL_REVIEW,1
C004730,W01456,EVT0141,22,Gurgaon,Zomato,Bike,15,3443.56,7.8,0,Monsoon,Extreme Heat,0.3,0.3,0.6,0.121,1560.9,0.174,0,1,0.2317,28.383649,77.060708,0.034,2.7,34.9,220,1,0.389,0.24,1,1,0,0.3125,0.0625,74.69,6,900,64,MANUAL_REVIEW,1
C004735,W01156,EVT0432,43,Noida,Blinkit,Bike,14,3373.76,9.5,1,Summer,Heavy Rainfall,0.28,0.2,0.48,0.259,1926.0,0.003,1,1,0.115,28.335182,77.431755,0.403,41.8,25.7,229,5,0.714,0.277,1,0,1,0.2917,0.0583,70.05,2,300,66,MANUAL_REVIEW,1
C004737,W01438,EVT0221,34,Gurgaon,Blinkit,Bicycle,18,3186.31,12.4,0,Monsoon,Flooding,0.3,0.3,0.6,0.003,1022.7,0.263,1,0,0.1741,28.498194,77.378767,0.387,26.9,32.8,335,4,0.488,0.172,0,1,0,0.375,0.075,68.77,3,450,71,AUTO_REJECT,1
C004738,W00186,EVT0405,20,Lajpat Nagar,Zomato,Bike,27,3065.55,10.9,0,Post-Monsoon,Heavy Rainfall,0.12,0.1,0.22,0.515,413.5,0.185,0,0,0.5625,28.922981,76.793575,0.559,25.1,28.7,185,2,0.69,0.086,1,0,0,0.5625,0.1125,47.86,6,900,42,MANUAL_REVIEW,1
C004741,W01030,EVT0339,31,Saket,Zomato,Bike,18,3270.1,9.8,0,Summer,Heavy Rainfall,0.14,0.2,0.34,0.043,1760.3,0.043,0,0,0.1575,28.593223,77.020721,0.494,6.5,25.1,108,1,0.711,0.099,0,0,0,0.375,0.075,61.7,2,300,63,MANUAL_REVIEW,1
C004746,W01888,EVT0255,37,West Delhi,BigBasket,EV Scooter,16,3007.61,10.2,1,Winter,Severe Pollution,0.25,0.05,0.3,0.2,1980.3,0.065,1,0,0.0895,28.934465,77.210366,0.176,16.4,34.8,261,2,0.837,0.267,1,0,0,0.3333,0.0667,59.44,2,300,66,MANUAL_REVIEW,1
C004749,W01124,EVT0237,44,East Delhi,Instamart,Bicycle,3,3854.41,9.8,1,Winter,Heavy Rainfall,0.35,0.05,0.4,0.266,986.3,0.132,1,1,0.2717,28.018249,77.135031,0.333,21.0,29.7,71,2,0.352,0.29,1,0,1,0.0625,0.0125,69.05,3,450,51,MANUAL_REVIEW,1
C004761,W01392,EVT0116,33,North Delhi,BigBasket,EV Scooter,14,4223.42,10.5,0,Summer,Social Disruption,0.2,0.2,0.4,0.279,721.1,0.098,1,0,0.3132,28.347466,77.266269,0.422,5.1,31.7,322,2,0.444,0.054,1,0,0,0.2917,0.0583,64.63,3,450,52,MANUAL_REVIEW,1
C004763,W00612,EVT0343,38,Rohini,Zepto,Bicycle,20,3404.4,10.7,0,Summer,Flooding,0.18,0.2,0.38,0.469,751.4,0.233,0,0,0.4982,28.220485,76.77753,0.139,15.1,41.4,253,4,0.587,0.206,0,0,0,0.4167,0.0833,61.49,3,450,50,MANUAL_REVIEW,1
C004767,W01971,EVT0293,44,Lajpat Nagar,Swiggy,EV Scooter,39,2154.13,9.0,0,Monsoon,Severe Pollution,0.12,0.3,0.42,0.082,1304.6,0.067,0,0,0.2438,28.90013,76.750052,0.324,15.1,38.6,305,4,0.369,0.274,1,1,0,0.8125,0.1625,58.07,2,300,62,MANUAL_REVIEW,1
C004769,W01582,EVT0057,20,South Delhi,Instamart,Bike,26,2792.02,10.3,0,Monsoon,Heavy Rainfall,0.1,0.3,0.4,0.504,1073.3,0.238,1,1,0.3644,28.232223,76.967329,0.294,25.4,34.5,103,4,0.871,0.008,0,0,0,0.5417,0.1083,61.9,2,300,53,MANUAL_REVIEW,1
C004778,W01169,EVT0015,31,West Delhi,Swiggy,EV Scooter,41,4606.87,8.8,0,Winter,Flooding,0.25,0.05,0.3,0.198,691.2,0.231,1,1,0.2986,28.138457,77.053738,0.2,27.1,29.2,76,3,0.532,0.111,1,0,0,0.8542,0.1708,53.32,5,750,67,MANUAL_REVIEW,1
C004792,W00236,EVT0032,33,Connaught Place,Zomato,Bike,6,3511.76,8.9,0,Monsoon,Flooding,0.15,0.3,0.45,0.304,1992.7,0.048,1,1,0.1275,28.781534,77.081908,0.475,11.7,40.5,75,2,0.516,0.074,1,0,0,0.125,0.025,65.79,6,900,53,MANUAL_REVIEW,1
C004795,W01517,EVT0122,40,South Delhi,Swiggy,Bike,19,3841.88,7.8,0,Monsoon,Severe Pollution,0.1,0.3,0.4,0.405,527.9,0.221,1,0,0.4049,28.695527,77.044634,0.346,27.4,36.3,180,7,0.611,0.329,1,0,0,0.3958,0.0792,63.84,5,750,68,MANUAL_REVIEW,1
C004797,W01062,EVT0423,25,West Delhi,BigBasket,Bike,12,3290.04,9.7,0,Post-Monsoon,Social Disruption,0.25,0.1,0.35,0.453,1886.3,0.02,0,0,0.3003,28.709186,77.407793,0.123,5.4,29.6,307,3,0.712,0.237,1,1,0,0.25,0.05,61.21,2,300,59,MANUAL_REVIEW,1
C004812,W00806,EVT0141,41,Gurgaon,Instamart,Bike,6,2930.16,10.0,1,Post-Monsoon,Heavy Rainfall,0.3,0.1,0.4,0.523,485.1,0.187,1,1,0.4551,28.47592,76.844646,0.07,29.0,28.4,107,3,0.43,0.336,1,1,1,0.125,0.025,68.99,3,450,60,MANUAL_REVIEW,1
C004817,W01752,EVT0132,33,Gurgaon,Zepto,Bike,4,2888.42,8.2,0,Monsoon,Social Disruption,0.3,0.3,0.6,0.128,1836.8,0.052,0,0,0.1809,28.049167,77.375088,0.009,26.3,40.0,139,1,0.466,0.245,1,0,0,0.0833,0.0167,77.06,3,450,59,MANUAL_REVIEW,1
C004831,W00769,EVT0352,41,Dwarka,Zepto,Bike,5,3855.34,9.4,0,Post-Monsoon,Severe Pollution,0.22,0.1,0.32,0.054,1280.4,0.259,1,1,0.1554,28.084054,76.816414,0.311,11.0,34.7,103,4,0.643,0.257,1,0,0,0.1042,0.0208,63.44,3,450,68,MANUAL_REVIEW,1
C004843,W01450,EVT0354,20,South Delhi,Swiggy,EV Scooter,21,3296.82,8.2,0,Monsoon,Severe Pollution,0.1,0.3,0.4,0.275,1689.9,0.123,1,1,0.1688,28.485813,77.455559,0.451,19.6,25.0,135,4,0.71,0.169,1,0,0,0.4375,0.0875,63.39,5,750,63,MANUAL_REVIEW,1
C004850,W01156,EVT0074,43,Noida,Blinkit,Bike,14,3373.76,9.5,1,Summer,Social Disruption,0.28,0.2,0.48,0.498,762.7,0.106,1,1,0.3954,28.20257,77.116875,0.32,1.8,26.8,88,6,0.887,0.132,0,1,1,0.2917,0.0583,66.14,4,600,66,MANUAL_REVIEW,1
C004855,W01732,EVT0255,31,Lajpat Nagar,Swiggy,Bike,20,3441.7,6.8,0,Summer,Flooding,0.12,0.2,0.32,0.424,1161.6,0.076,0,0,0.403,28.516446,77.250445,0.36,21.9,34.4,316,2,0.42,0.033,1,0,0,0.4167,0.0833,58.42,4,600,49,MANUAL_REVIEW,1
C004856,W01641,EVT0000,25,Lajpat Nagar,Zepto,Bike,1,3731.74,11.6,0,Winter,Heavy Rainfall,0.12,0.05,0.17,0.527,1276.5,0.059,1,1,0.3252,28.743409,77.470291,0.062,6.2,26.8,194,4,0.592,0.109,1,0,0,0.0208,0.0042,57.92,4,600,67,MANUAL_REVIEW,1
C004860,W00371,EVT0467,34,Dwarka,Blinkit,Bike,37,3060.49,8.9,0,Post-Monsoon,Extreme Heat,0.22,0.1,0.32,0.356,1329.6,0.194,0,0,0.3624,28.134609,77.58579,0.324,0.4,28.3,233,4,0.769,0.348,1,0,0,0.7708,0.1542,60.78,3,450,56,MANUAL_REVIEW,1
C004863,W00447,EVT0381,34,Saket,Instamart,Bike,1,3427.45,7.6,0,Summer,Heavy Rainfall,0.14,0.2,0.34,0.308,863.4,0.032,0,1,0.3969,28.023883,76.969042,0.101,7.0,32.8,178,3,0.439,0.011,1,0,0,0.0208,0.0042,65.78,3,450,64,MANUAL_REVIEW,1
C004864,W00030,EVT0489,33,Saket,Zepto,Bicycle,45,3727.83,12.2,0,Post-Monsoon,Severe Pollution,0.14,0.1,0.24,0.223,362.9,0.108,0,0,0.4456,28.443727,76.89869,0.371,0.8,29.8,258,5,0.526,0.274,0,0,0,0.9375,0.1875,46.95,4,600,55,MANUAL_REVIEW,1
C004884,W01075,EVT0448,27,Saket,Zomato,Bike,46,4829.67,10.3,0,Post-Monsoon,Flooding,0.14,0.1,0.24,0.146,309.6,0.085,1,1,0.3205,28.555786,77.519105,0.387,28.7,33.1,230,1,0.453,0.308,1,0,0,0.9583,0.1917,47.36,2,300,63,MANUAL_REVIEW,1
C004886,W01169,EVT0106,31,West Delhi,Swiggy,EV Scooter,41,4606.87,8.8,0,Winter,Severe Pollution,0.25,0.05,0.3,0.106,1926.1,0.128,0,1,0.1663,28.016324,77.54208,0.237,8.7,31.2,336,4,0.852,0.161,1,0,0,0.8542,0.1708,49.89,2,300,68,MANUAL_REVIEW,1
C004892,W01327,EVT0167,24,Connaught Place,Zomato,Bike,40,4209.9,6.5,0,Post-Monsoon,Extreme Heat,0.15,0.1,0.25,0.184,893.2,0.207,1,1,0.2603,28.024013,77.110255,0.297,3.2,37.8,120,1,0.357,0.236,1,1,0,0.8333,0.1667,51.5,3,450,60,MANUAL_REVIEW,1
C004896,W00109,EVT0354,28,East Delhi,Zomato,Bike,36,4026.49,8.9,0,Summer,Heavy Rainfall,0.35,0.2,0.55,0.399,1397.9,0.259,0,1,0.3758,28.056564,77.079355,0.1,3.5,28.3,73,4,0.822,0.043,1,1,0,0.75,0.15,62.89,5,750,65,MANUAL_REVIEW,1
C004904,W00182,EVT0495,42,Connaught Place,Swiggy,Bike,41,2956.67,8.0,0,Summer,Severe Pollution,0.15,0.2,0.35,0.178,331.9,0.209,1,0,0.3423,28.359716,76.752189,0.284,24.7,39.1,54,4,0.625,0.297,1,1,0,0.8542,0.1708,53.87,4,600,73,AUTO_REJECT,1
C004906,W01624,EVT0438,29,Gurgaon,Blinkit,Bike,40,3977.7,9.0,0,Post-Monsoon,Flooding,0.3,0.1,0.4,0.524,1214.3,0.069,1,0,0.3344,28.676682,76.996478,0.156,26.9,38.8,213,4,0.615,0.127,0,0,0,0.8333,0.1667,58.75,3,450,59,MANUAL_REVIEW,1
C004910,W01741,EVT0274,33,Lajpat Nagar,Zomato,Bicycle,43,4691.79,7.3,0,Winter,Extreme Heat,0.12,0.05,0.17,0.172,1100.3,0.068,1,0,0.2106,28.673877,77.590062,0.158,4.5,41.6,219,1,0.666,0.041,0,0,0,0.8958,0.1792,48.27,6,900,65,MANUAL_REVIEW,1
C004917,W01817,EVT0095,21,East Delhi,Instamart,Bike,17,3920.29,12.8,0,Winter,Social Disruption,0.35,0.05,0.4,0.2,321.8,0.267,1,1,0.3584,28.75161,77.236666,0.226,26.0,30.4,200,5,0.814,0.058,0,0,0,0.3542,0.0708,62.47,3,450,72,AUTO_REJECT,1
C004926,W00247,EVT0369,42,North Delhi,Zomato,Bike,8,3241.77,8.9,0,Summer,Flooding,0.2,0.2,0.4,0.364,1543.8,0.103,1,1,0.2243,28.542792,77.390741,0.319,22.0,35.5,379,2,0.863,0.348,1,1,0,0.1667,0.0333,64.1,2,300,57,MANUAL_REVIEW,1
C004933,W01711,EVT0128,33,Noida,BigBasket,Bike,26,2903.92,10.8,0,Monsoon,Social Disruption,0.28,0.3,0.58,0.506,454.8,0.019,1,0,0.4361,28.812695,76.697342,0.227,15.6,35.8,143,3,0.866,0.237,0,0,0,0.5417,0.1083,66.72,4,600,60,MANUAL_REVIEW,1
C004938,W01789,EVT0188,39,West Delhi,Blinkit,EV Scooter,34,3367.74,7.6,0,Post-Monsoon,Extreme Heat,0.25,0.1,0.35,0.427,1197.1,0.16,0,1,0.4072,28.471505,76.895596,0.479,1.8,36.6,258,4,0.49,0.069,1,0,0,0.7083,0.1417,54.2,3,450,47,MANUAL_REVIEW,1
C004940,W01098,EVT0477,33,Gurgaon,Swiggy,Bicycle,10,3570.49,6.2,0,Winter,Severe Pollution,0.3,0.05,0.35,0.209,1848.0,0.157,0,0,0.2221,28.130927,77.202209,0.181,29.2,25.1,74,0,0.432,0.29,0,0,0,0.2083,0.0417,59.28,2,300,59,MANUAL_REVIEW,1
C004947,W00842,EVT0494,38,Saket,Zomato,Bike,22,4116.01,10.1,0,Summer,Heavy Rainfall,0.14,0.2,0.34,0.109,1184.1,0.278,1,1,0.1938,28.325507,77.534798,0.102,18.4,29.8,123,0,0.73,0.301,1,0,0,0.4583,0.0917,55.14,4,600,62,MANUAL_REVIEW,1
C004965,W01358,EVT0102,41,West Delhi,Zomato,Bike,32,3808.89,9.7,0,Summer,Extreme Heat,0.25,0.2,0.45,0.267,1807.2,0.078,1,1,0.1435,28.289901,77.25571,0.517,2.3,30.5,97,2,0.86,0.303,1,0,0,0.6667,0.1333,61.66,1,150,58,MANUAL_REVIEW,1
C004966,W00220,EVT0042,20,Lajpat Nagar,Instamart,Bicycle,6,3608.06,9.7,0,Summer,Extreme Heat,0.12,0.2,0.32,0.004,1528.7,0.195,1,1,0.0918,28.04903,76.980993,0.141,2.1,29.9,127,4,0.358,0.286,0,0,0,0.125,0.025,63.38,3,450,73,AUTO_REJECT,1
C004968,W00747,EVT0417,42,West Delhi,Swiggy,Bike,18,4570.73,9.8,0,Monsoon,Flooding,0.25,0.3,0.55,0.235,1200.5,0.242,1,1,0.2381,28.579184,77.135898,0.347,27.2,37.9,125,4,0.643,0.064,1,0,0,0.375,0.075,67.06,4,600,63,MANUAL_REVIEW,1
C004969,W01357,EVT0038,37,East Delhi,Instamart,Bike,25,4780.9,9.7,0,Monsoon,Severe Pollution,0.35,0.3,0.65,0.004,1846.3,0.023,0,1,0.127,28.638581,77.059244,0.072,3.9,41.0,331,5,0.416,0.297,1,0,0,0.5208,0.1042,73.79,1,150,73,AUTO_REJECT,1
C004971,W00906,EVT0043,42,South Delhi,Zepto,Bicycle,32,3157.05,7.2,0,Monsoon,Severe Pollution,0.1,0.3,0.4,0.127,1309.4,0.181,0,1,0.2725,28.942996,77.544136,0.058,2.8,25.9,335,2,0.619,0.099,1,1,0,0.6667,0.1333,62.07,2,300,69,MANUAL_REVIEW,1
C004977,W01635,EVT0044,35,Lajpat Nagar,Zomato,Bike,45,4802.38,9.4,0,Summer,Severe Pollution,0.12,0.2,0.32,0.076,876.9,0.276,1,0,0.2265,28.06177,76.771387,0.578,9.7,31.0,166,5,0.73,0.345,0,0,0,0.9375,0.1875,52.18,3,450,69,MANUAL_REVIEW,1
C004986,W00687,EVT0392,40,Dwarka,Zomato,Bike,41,3501.55,9.7,0,Summer,Flooding,0.22,0.2,0.42,0.307,1260.6,0.162,1,1,0.2499,28.808411,77.282401,0.44,0.3,26.0,118,2,0.801,0.186,0,1,0,0.8542,0.1708,60.11,5,750,61,MANUAL_REVIEW,1
C004993,W00407,EVT0459,39,Faridabad,Swiggy,EV Scooter,12,3858.94,8.7,0,Monsoon,Flooding,0.32,0.3,0.62,0.505,1111.4,0.276,1,0,0.3629,28.373279,77.069408,0.459,3.9,27.4,315,3,0.789,0.014,1,0,0,0.25,0.05,75.71,3,450,56,MANUAL_REVIEW,1
C004998,W01526,EVT0380,37,Gurgaon,Swiggy,EV Scooter,43,4251.17,9.4,1,Summer,Severe Pollution,0.3,0.2,0.5,0.161,797.3,0.197,1,1,0.2645,28.436147,77.258441,0.382,21.6,27.4,316,2,0.688,0.308,1,0,0,0.8958,0.1792,62.67,5,750,68,MANUAL_REVIEW,1
C005000,W01652,EVT0455,38,East Delhi,Blinkit,Bike,28,2924.12,9.6,0,Monsoon,Severe Pollution,0.35,0.3,0.65,0.051,637.9,0.095,1,0,0.2342,28.637117,76.845452,0.382,1.4,27.1,222,3,0.643,0.292,0,0,0,0.5833,0.1167,75.51,3,450,70,MANUAL_REVIEW,1
C005006,W01415,EVT0223,35,West Delhi,Swiggy,Bike,36,4427.39,9.8,0,Post-Monsoon,Flooding,0.25,0.1,0.35,0.476,626.5,0.198,1,0,0.4162,28.966644,77.003829,0.354,26.0,38.1,320,5,0.819,0.13,1,1,0,0.75,0.15,55.98,3,450,61,MANUAL_REVIEW,1
C005035,W01174,EVT0117,21,Gurgaon,Swiggy,Bicycle,19,3506.68,9.6,1,Winter,Severe Pollution,0.3,0.05,0.35,0.413,1163.9,0.244,1,1,0.315,28.94915,77.518715,0.026,19.3,38.5,198,6,0.892,0.113,1,1,1,0.3958,0.0792,60.16,2,300,80,AUTO_REJECT,1
C005036,W00795,EVT0027,43,Noida,Instamart,Bike,32,4439.31,10.6,1,Post-Monsoon,Flooding,0.28,0.1,0.38,0.495,501.2,0.168,0,1,0.5396,28.104596,77.276289,0.207,29.1,37.8,307,0,0.703,0.097,1,0,0,0.6667,0.1333,59.86,5,750,51,MANUAL_REVIEW,1
C005039,W01653,EVT0275,42,Faridabad,BigBasket,Bike,30,4250.24,9.3,0,Summer,Flooding,0.32,0.2,0.52,0.486,1924.0,0.253,1,0,0.2311,28.39558,76.974189,0.531,11.0,27.6,81,2,0.563,0.258,1,1,0,0.625,0.125,61.68,4,600,45,MANUAL_REVIEW,1
C005046,W00624,EVT0402,32,Lajpat Nagar,BigBasket,Bike,15,3948.25,10.2,0,Summer,Heavy Rainfall,0.12,0.2,0.32,0.401,1436.5,0.111,0,0,0.356,28.778013,76.784424,0.223,34.5,27.3,150,4,0.851,0.194,1,0,0,0.3125,0.0625,61.0,3,450,62,MANUAL_REVIEW,1
C005055,W01155,EVT0149,23,Noida,BigBasket,Bike,25,3743.93,11.6,1,Summer,Severe Pollution,0.28,0.2,0.48,0.384,1002.1,0.124,0,0,0.4157,28.252743,77.403562,0.298,15.5,25.1,185,3,0.764,0.202,0,1,0,0.5208,0.1042,64.91,3,450,59,MANUAL_REVIEW,1
C005058,W01665,EVT0003,38,Gurgaon,Blinkit,EV Scooter,40,3494.34,9.1,0,Post-Monsoon,Social Disruption,0.3,0.1,0.4,0.273,1946.0,0.063,0,0,0.2236,28.365353,76.862275,0.467,18.0,38.7,182,3,0.841,0.284,0,0,0,0.8333,0.1667,55.66,4,600,57,MANUAL_REVIEW,1
C005063,W00785,EVT0010,37,Rohini,Instamart,Bike,27,3220.34,8.7,1,Summer,Social Disruption,0.18,0.2,0.38,0.281,1975.2,0.254,1,1,0.1415,28.564878,77.524282,0.075,22.0,25.7,174,1,0.788,0.249,1,0,1,0.5625,0.1125,58.68,4,600,67,MANUAL_REVIEW,1
C005079,W00493,EVT0345,20,East Delhi,BigBasket,Bicycle,14,2410.65,9.3,0,Post-Monsoon,Severe Pollution,0.35,0.1,0.45,0.339,722.4,0.057,0,0,0.4329,28.804624,77.383547,0.555,10.6,38.7,126,3,0.733,0.136,1,1,0,0.2917,0.0583,69.45,3,450,58,MANUAL_REVIEW,1
C005081,W00788,EVT0230,35,Gurgaon,Zepto,Bike,25,3305.99,7.4,0,Winter,Social Disruption,0.3,0.05,0.35,0.4,873.7,0.041,1,1,0.333,28.57682,76.717517,0.286,5.8,39.5,121,4,0.726,0.189,1,1,0,0.5208,0.1042,58.48,5,750,60,MANUAL_REVIEW,1
C005110,W00324,EVT0389,28,East Delhi,Zomato,Bike,10,2663.34,7.7,0,Summer,Extreme Heat,0.35,0.2,0.55,0.007,644.5,0.245,1,0,0.2306,28.13741,77.161158,0.454,2.7,37.1,176,5,0.642,0.149,1,1,0,0.2083,0.0417,73.87,2,300,77,AUTO_REJECT,1
C005112,W00083,EVT0488,31,West Delhi,Zepto,Bike,20,3740.89,8.4,0,Monsoon,Flooding,0.25,0.3,0.55,0.544,358.7,0.0,0,1,0.5638,28.926757,77.591906,0.143,25.7,31.1,309,3,0.527,0.124,1,1,0,0.4167,0.0833,71.59,4,600,54,MANUAL_REVIEW,1
C005114,W01827,EVT0434,25,Rohini,Zomato,Bicycle,6,4716.26,9.5,0,Post-Monsoon,Flooding,0.18,0.1,0.28,0.422,1013.8,0.091,1,1,0.3258,28.74579,77.492835,0.103,10.1,32.2,195,3,0.492,0.205,0,1,0,0.125,0.025,64.12,2,300,61,MANUAL_REVIEW,1
C005116,W00304,EVT0312,42,Noida,Instamart,Bike,35,4291.32,9.2,1,Summer,Severe Pollution,0.28,0.2,0.48,0.027,539.0,0.008,1,0,0.2307,28.904044,76.720362,0.124,0.5,37.0,237,3,0.748,0.25,1,0,0,0.7292,0.1458,64.81,3,450,74,AUTO_REJECT,1
C005119,W01269,EVT0102,41,North Delhi,Blinkit,Bicycle,3,3926.73,7.4,0,Monsoon,Extreme Heat,0.2,0.3,0.5,0.105,1296.2,0.007,0,1,0.2483,28.821049,77.148095,0.152,0.1,39.4,236,1,0.897,0.076,0,1,0,0.0625,0.0125,71.25,2,300,68,MANUAL_REVIEW,1
C005122,W01462,EVT0449,36,Lajpat Nagar,Blinkit,EV Scooter,30,3607.08,9.3,0,Post-Monsoon,Social Disruption,0.12,0.1,0.22,0.136,1062.1,0.068,1,1,0.2019,28.78728,76.652231,0.254,12.5,40.2,61,5,0.607,0.321,1,1,0,0.625,0.125,54.21,3,450,68,MANUAL_REVIEW,1
C005127,W01590,EVT0054,28,North Delhi,Blinkit,Bike,4,2810.29,9.4,0,Summer,Social Disruption,0.2,0.2,0.4,0.198,1074.3,0.08,1,1,0.2261,28.604932,77.037585,0.056,5.2,28.7,85,5,0.751,0.01,1,0,0,0.0833,0.0167,66.37,5,750,81,AUTO_REJECT,1
C005132,W01559,EVT0260,30,West Delhi,Zepto,Bike,45,4636.61,9.5,0,Winter,Social Disruption,0.25,0.05,0.3,0.081,739.9,0.214,0,1,0.3428,28.453591,76.834804,0.346,27.9,41.8,366,2,0.865,0.201,1,0,0,0.9375,0.1875,51.11,4,600,66,MANUAL_REVIEW,1
C005133,W00451,EVT0413,28,West Delhi,Swiggy,Bicycle,41,3610.48,9.0,0,Post-Monsoon,Flooding,0.25,0.1,0.35,0.32,689.8,0.015,1,1,0.326,28.105672,76.964537,0.303,29.8,40.7,77,2,0.543,0.245,0,1,0,0.8542,0.1708,56.39,2,300,58,MANUAL_REVIEW,1
C005141,W01795,EVT0252,34,Saket,Blinkit,Bike,6,4160.94,9.8,0,Post-Monsoon,Extreme Heat,0.14,0.1,0.24,0.155,685.8,0.268,1,0,0.2859,28.681738,77.249568,0.529,2.9,36.5,192,4,0.446,0.194,1,0,0,0.125,0.025,58.99,2,300,61,MANUAL_REVIEW,1
C005143,W00072,EVT0199,30,North Delhi,Zepto,Bike,38,3108.24,8.0,0,Winter,Social Disruption,0.2,0.05,0.25,0.354,350.1,0.105,1,1,0.3996,28.136207,76.947868,0.498,14.9,40.2,119,3,0.9,0.092,0,0,0,0.7917,0.1583,49.86,4,600,64,MANUAL_REVIEW,1
C005157,W01778,EVT0277,42,Noida,Zomato,Bicycle,39,5287.55,9.4,0,Winter,Social Disruption,0.28,0.05,0.33,0.376,853.1,0.213,0,0,0.4437,28.516024,77.145371,0.063,15.2,29.7,219,0,0.606,0.309,1,0,0,0.8125,0.1625,56.17,3,450,52,MANUAL_REVIEW,1
C005161,W01493,EVT0189,26,South Delhi,Blinkit,Bicycle,32,4780.38,9.8,0,Winter,Severe Pollution,0.1,0.05,0.15,0.153,1184.1,0.063,1,0,0.1899,28.436239,76.954687,0.013,8.1,36.5,158,7,0.554,0.269,1,0,0,0.6667,0.1333,51.71,4,600,84,AUTO_REJECT,1
C005162,W01874,EVT0000,42,Connaught Place,Zepto,Bicycle,21,4056.32,7.0,0,Monsoon,Flooding,0.15,0.3,0.45,0.183,535.6,0.219,1,0,0.3148,28.818012,77.365754,0.573,10.8,28.4,121,1,0.432,0.171,0,0,0,0.4375,0.0875,65.48,3,450,43,MANUAL_REVIEW,1
C005167,W01089,EVT0279,35,Saket,Blinkit,Bike,33,3135.74,8.5,0,Post-Monsoon,Extreme Heat,0.14,0.1,0.24,0.125,780.8,0.256,1,1,0.2585,28.200974,77.253376,0.024,4.0,37.4,208,3,0.433,0.246,1,1,0,0.6875,0.1375,55.37,3,450,74,AUTO_REJECT,1
C005196,W00117,EVT0345,41,Faridabad,Zepto,Bike,8,4588.57,9.5,0,Winter,Flooding,0.32,0.05,0.37,0.121,280.1,0.129,1,1,0.3193,28.180917,76.989687,0.484,25.5,30.3,207,6,0.61,0.052,1,1,0,0.1667,0.0333,61.42,4,600,65,MANUAL_REVIEW,1
C005200,W00600,EVT0289,33,South Delhi,Zomato,Bike,38,3116.1,9.1,0,Monsoon,Extreme Heat,0.1,0.3,0.4,0.171,986.3,0.053,0,0,0.3258,28.904961,77.234883,0.035,0.1,42.4,104,4,0.588,0.132,1,0,0,0.7917,0.1583,56.07,2,300,68,MANUAL_REVIEW,1
C005206,W01055,EVT0212,36,Gurgaon,Zepto,Bike,32,6067.21,8.0,0,Post-Monsoon,Flooding,0.3,0.1,0.4,0.412,1477.2,0.018,0,0,0.345,28.523901,76.689823,0.192,8.1,27.3,51,5,0.624,0.266,1,0,0,0.6667,0.1333,57.92,6,900,59,MANUAL_REVIEW,1
C005207,W01660,EVT0315,38,Faridabad,Blinkit,Bicycle,31,3999.11,9.8,0,Post-Monsoon,Flooding,0.32,0.1,0.42,0.211,954.5,0.254,0,0,0.3666,28.438645,76.651184,0.254,13.4,31.5,139,4,0.388,0.135,0,0,0,0.6458,0.1292,61.59,4,600,62,MANUAL_REVIEW,1
C005209,W01712,EVT0065,37,Dwarka,Instamart,Bike,20,3216.17,9.1,0,Post-Monsoon,Severe Pollution,0.22,0.1,0.32,0.349,586.3,0.13,1,0,0.3647,28.687104,76.973262,0.206,8.9,33.8,160,3,0.492,0.285,1,0,0,0.4167,0.0833,59.09,2,300,59,MANUAL_REVIEW,1
C005213,W00431,EVT0235,39,Noida,Swiggy,EV Scooter,10,3021.06,12.2,0,Post-Monsoon,Flooding,0.28,0.1,0.38,0.356,1861.1,0.182,0,1,0.2814,28.499946,77.165229,0.255,4.1,33.3,143,0,0.757,0.178,0,0,0,0.2083,0.0417,61.29,2,300,53,MANUAL_REVIEW,1
C005216,W00391,EVT0057,40,Noida,Blinkit,EV Scooter,31,2925.75,8.3,1,Monsoon,Heavy Rainfall,0.28,0.3,0.58,0.443,1544.2,0.243,1,0,0.2699,28.310366,77.540896,0.529,11.0,35.9,96,2,0.37,0.34,1,0,1,0.6458,0.1292,65.08,3,450,45,MANUAL_REVIEW,1
C005220,W01569,EVT0004,30,Saket,Instamart,Bicycle,10,4390.44,8.1,0,Post-Monsoon,Heavy Rainfall,0.14,0.1,0.24,0.175,1558.2,0.154,1,1,0.1517,28.296471,77.286648,0.219,24.3,25.7,234,1,0.391,0.337,0,1,0,0.2083,0.0417,56.89,4,600,59,MANUAL_REVIEW,1
C005221,W01558,EVT0355,41,North Delhi,Zomato,Bike,14,3275.03,8.5,0,Summer,Flooding,0.2,0.2,0.4,0.107,597.1,0.089,1,1,0.2621,28.997381,77.110111,0.406,21.5,36.0,253,4,0.819,0.181,0,1,0,0.2917,0.0583,63.2,4,600,66,MANUAL_REVIEW,1
C005227,W00485,EVT0295,24,South Delhi,Instamart,Bike,4,3284.15,9.5,1,Post-Monsoon,Extreme Heat,0.1,0.1,0.2,0.425,952.2,0.166,1,0,0.3438,28.36555,76.83186,0.47,4.6,37.1,211,2,0.779,0.166,1,1,0,0.0833,0.0167,57.82,3,450,57,MANUAL_REVIEW,1
C005233,W00861,EVT0364,36,Gurgaon,Zomato,Bike,19,3832.36,7.2,0,Winter,Social Disruption,0.3,0.05,0.35,0.087,534.9,0.128,1,1,0.2674,28.390927,77.409449,0.27,16.1,37.9,226,4,0.812,0.304,1,1,0,0.3958,0.0792,58.58,6,900,76,AUTO_REJECT,1
C005244,W00907,EVT0434,20,Gurgaon,BigBasket,Bike,26,3234.57,9.4,0,Summer,Flooding,0.3,0.2,0.5,0.15,1881.0,0.147,0,1,0.1925,28.836925,76.709387,0.342,29.3,35.5,59,0,0.424,0.281,1,1,0,0.5417,0.1083,66.51,4,600,54,MANUAL_REVIEW,1
C005248,W01582,EVT0286,20,South Delhi,Instamart,Bike,26,2792.02,10.3,0,Winter,Social Disruption,0.1,0.05,0.15,0.387,1096.1,0.237,1,0,0.3141,28.618258,76.984423,0.349,25.6,31.9,329,5,0.549,0.046,1,0,0,0.5417,0.1083,53.21,2,300,61,MANUAL_REVIEW,1
C005250,W00351,EVT0448,35,North Delhi,Swiggy,Bicycle,21,2361.12,11.2,0,Summer,Severe Pollution,0.2,0.2,0.4,0.455,1354.1,0.085,1,0,0.2874,28.311169,77.489407,0.418,19.5,25.2,304,5,0.392,0.104,0,0,0,0.4375,0.0875,63.62,3,450,54,MANUAL_REVIEW,1
C005252,W01045,EVT0473,38,Gurgaon,Swiggy,Bicycle,13,3676.99,8.0,0,Winter,Heavy Rainfall,0.3,0.05,0.35,0.213,1920.6,0.017,1,1,0.0988,28.057659,77.192079,0.424,0.7,31.9,80,4,0.642,0.154,0,0,0,0.2708,0.0542,61.3,1,150,70,MANUAL_REVIEW,1
C005263,W00131,EVT0210,27,Gurgaon,Zomato,EV Scooter,34,4103.02,9.6,0,Summer,Flooding,0.3,0.2,0.5,0.327,1722.4,0.069,1,1,0.1793,28.854388,77.268485,0.419,24.9,32.1,256,5,0.804,0.004,1,0,0,0.7083,0.1417,62.77,3,450,62,MANUAL_REVIEW,1
C005274,W00155,EVT0178,41,West Delhi,Swiggy,Bike,42,4583.89,9.6,0,Winter,Extreme Heat,0.25,0.05,0.3,0.095,1412.2,0.007,0,0,0.2269,28.374885,77.345818,0.549,1.0,40.6,243,3,0.483,0.046,0,1,0,0.875,0.175,50.87,2,300,50,MANUAL_REVIEW,1
C005276,W01742,EVT0394,33,Rohini,BigBasket,Bike,1,3782.99,7.8,0,Post-Monsoon,Extreme Heat,0.18,0.1,0.28,0.032,1749.6,0.172,1,1,0.0676,28.228716,77.319702,0.406,0.8,38.3,244,6,0.416,0.234,0,1,0,0.0208,0.0042,59.15,3,450,69,MANUAL_REVIEW,1
C005278,W00321,EVT0305,36,North Delhi,Zepto,Bike,45,5256.62,8.5,0,Post-Monsoon,Extreme Heat,0.2,0.1,0.3,0.454,1871.5,0.027,0,0,0.3036,28.678317,77.024532,0.013,4.6,37.8,134,4,0.51,0.202,0,0,0,0.9375,0.1875,52.32,4,600,58,MANUAL_REVIEW,1
C005287,W01681,EVT0113,31,East Delhi,Zepto,Bike,47,3727.27,8.1,0,Summer,Flooding,0.35,0.2,0.55,0.215,1043.5,0.267,1,0,0.2562,28.599127,76.683056,0.168,28.8,37.8,173,4,0.813,0.057,1,1,0,0.9792,0.1958,64.0,3,450,75,AUTO_REJECT,1
C005298,W00428,EVT0337,32,East Delhi,Blinkit,Bicycle,16,4645.06,10.3,0,Post-Monsoon,Social Disruption,0.35,0.1,0.45,0.076,732.4,0.14,1,1,0.2345,28.466575,76.852892,0.258,5.1,26.7,253,5,0.737,0.124,0,1,0,0.3333,0.0667,69.8,3,450,77,AUTO_REJECT,1
C005300,W01677,EVT0275,36,North Delhi,Blinkit,Bike,35,3554.69,6.3,1,Monsoon,Flooding,0.2,0.3,0.5,0.079,1019.2,0.045,1,1,0.1832,28.624503,77.016428,0.129,8.0,33.5,193,1,0.382,0.16,0,1,0,0.7292,0.1458,61.46,3,450,67,MANUAL_REVIEW,1
C005301,W01668,EVT0330,20,South Delhi,Instamart,Bike,1,3897.64,7.3,0,Summer,Heavy Rainfall,0.1,0.2,0.3,0.367,1459.2,0.134,1,0,0.2413,28.678364,77.075881,0.069,29.5,37.5,96,2,0.351,0.057,0,1,0,0.0208,0.0042,63.49,4,600,58,MANUAL_REVIEW,1
C005302,W01852,EVT0250,25,South Delhi,Instamart,Bike,30,4309.28,11.0,1,Winter,Heavy Rainfall,0.1,0.05,0.15,0.476,1715.0,0.137,0,0,0.3468,28.943269,76.628459,0.458,38.8,29.8,116,3,0.711,0.274,0,1,1,0.625,0.125,45.32,3,450,54,MANUAL_REVIEW,1
C005305,W00014,EVT0435,24,Dwarka,BigBasket,Bike,18,4194.47,9.2,1,Winter,Flooding,0.22,0.05,0.27,0.323,1853.1,0.231,1,1,0.1743,28.206919,76.88721,0.234,25.5,31.7,361,2,0.625,0.023,1,0,1,0.375,0.075,58.73,4,600,60,MANUAL_REVIEW,1
C005316,W00924,EVT0345,40,West Delhi,Blinkit,Bike,2,3044.03,9.0,1,Summer,Extreme Heat,0.25,0.2,0.45,0.514,474.0,0.125,1,1,0.447,28.367711,76.65916,0.031,0.4,31.8,141,1,0.811,0.085,1,0,0,0.0417,0.0083,72.8,4,600,62,MANUAL_REVIEW,1
C005323,W00777,EVT0255,44,Faridabad,Blinkit,Bike,20,4461.34,10.1,0,Summer,Extreme Heat,0.32,0.2,0.52,0.419,1578.8,0.276,0,1,0.3584,28.250597,77.205035,0.075,2.5,34.2,241,2,0.657,0.068,1,0,0,0.4167,0.0833,67.67,2,300,55,MANUAL_REVIEW,1
C005324,W01169,EVT0203,31,West Delhi,Swiggy,EV Scooter,41,4606.87,8.8,0,Winter,Heavy Rainfall,0.25,0.05,0.3,0.074,1675.3,0.078,0,1,0.1861,28.751794,77.195222,0.093,37.1,33.0,244,5,0.351,0.184,0,0,0,0.8542,0.1708,56.37,3,450,75,AUTO_REJECT,1
C005326,W00681,EVT0466,35,East Delhi,Swiggy,Bike,27,3801.76,10.5,0,Monsoon,Extreme Heat,0.35,0.3,0.65,0.406,1790.1,0.276,0,0,0.3215,28.407241,76.67986,0.458,3.5,35.5,129,4,0.861,0.249,1,0,0,0.5625,0.1125,70.96,1,150,54,MANUAL_REVIEW,1
C005330,W01654,EVT0466,42,Lajpat Nagar,Zepto,Bike,9,3683.88,9.6,0,Summer,Extreme Heat,0.12,0.2,0.32,0.416,1418.4,0.176,1,1,0.2712,28.185317,77.011221,0.386,2.5,30.3,101,2,0.479,0.234,1,0,0,0.1875,0.0375,63.24,1,150,49,MANUAL_REVIEW,1
C005331,W00300,EVT0141,36,East Delhi,BigBasket,Bicycle,3,4705.28,11.6,0,Monsoon,Social Disruption,0.35,0.3,0.65,0.087,1149.9,0.044,0,1,0.2667,28.352443,76.883971,0.566,11.0,33.0,249,5,0.429,0.197,1,0,0,0.0625,0.0125,78.89,5,750,62,MANUAL_REVIEW,1
C005343,W00908,EVT0332,21,Rohini,Instamart,Bike,16,3643.95,7.8,1,Winter,Heavy Rainfall,0.18,0.05,0.23,0.033,710.4,0.217,1,1,0.2283,28.457665,77.267224,0.161,39.1,28.1,106,3,0.701,0.3,0,0,0,0.3333,0.0667,59.1,2,300,82,AUTO_REJECT,1
C005352,W00711,EVT0489,38,East Delhi,Zepto,Bike,18,5631.28,7.4,0,Monsoon,Heavy Rainfall,0.35,0.3,0.65,0.009,757.8,0.027,0,0,0.2926,28.556998,77.524085,0.2,8.0,36.0,179,5,0.526,0.227,0,0,0,0.375,0.075,74.18,4,600,72,AUTO_REJECT,1
C005356,W00602,EVT0377,20,Rohini,Zomato,Bicycle,26,4801.32,9.5,0,Summer,Flooding,0.18,0.2,0.38,0.438,1614.5,0.117,1,0,0.2447,28.782633,77.317533,0.282,9.1,26.5,195,0,0.573,0.317,0,0,0,0.5417,0.1083,58.47,4,600,47,MANUAL_REVIEW,1
C005361,W00444,EVT0430,28,Dwarka,Zomato,Bicycle,21,3406.43,9.4,0,Post-Monsoon,Heavy Rainfall,0.22,0.1,0.32,0.012,680.4,0.161,1,0,0.2188,28.24041,77.216437,0.357,12.7,37.5,150,2,0.814,0.051,1,0,0,0.4375,0.0875,57.05,3,450,75,AUTO_REJECT,1
C005362,W00612,EVT0058,38,Rohini,Zepto,Bicycle,20,3404.4,10.7,0,Winter,Severe Pollution,0.18,0.05,0.23,0.142,465.8,0.209,1,1,0.3078,28.818206,77.401175,0.46,13.2,27.4,351,5,0.619,0.32,1,0,0,0.4167,0.0833,52.52,3,450,69,MANUAL_REVIEW,1
C005381,W01369,EVT0316,44,Connaught Place,Instamart,Bicycle,31,3853.75,11.7,0,Winter,Flooding,0.15,0.05,0.2,0.276,430.1,0.088,0,0,0.4547,28.311335,76.959102,0.55,14.8,40.8,271,6,0.54,0.261,1,1,0,0.6458,0.1292,49.23,4,600,58,MANUAL_REVIEW,1
C005386,W00796,EVT0490,30,East Delhi,Zomato,Bike,5,4557.12,9.8,1,Post-Monsoon,Severe Pollution,0.35,0.1,0.45,0.168,1568.9,0.257,0,0,0.2576,28.275726,76.944526,0.508,4.1,30.7,55,2,0.832,0.323,1,0,1,0.1042,0.0208,69.75,3,450,54,MANUAL_REVIEW,1
C005387,W00241,EVT0149,34,Lajpat Nagar,BigBasket,EV Scooter,17,4200.77,8.7,0,Monsoon,Flooding,0.12,0.3,0.42,0.347,285.5,0.189,1,0,0.4149,28.909362,77.484879,0.13,29.3,34.7,269,1,0.639,0.259,1,0,0,0.3542,0.0708,65.9,2,300,62,MANUAL_REVIEW,1
C005391,W00384,EVT0498,22,Faridabad,Instamart,Bike,4,3546.6,8.7,0,Post-Monsoon,Social Disruption,0.32,0.1,0.42,0.549,962.2,0.115,1,1,0.3868,28.370513,77.297214,0.206,11.8,35.4,105,1,0.868,0.252,0,0,0,0.0833,0.0167,67.09,2,300,55,MANUAL_REVIEW,1
C005395,W01558,EVT0101,41,North Delhi,Zomato,Bike,14,3275.03,8.5,0,Summer,Flooding,0.2,0.2,0.4,0.253,1663.7,0.025,0,0,0.2541,28.173771,76.767371,0.325,3.9,36.1,108,5,0.854,0.181,0,0,0,0.2917,0.0583,65.3,2,300,68,MANUAL_REVIEW,1
C005412,W01415,EVT0137,35,West Delhi,Swiggy,Bike,36,4427.39,9.8,0,Winter,Severe Pollution,0.25,0.05,0.3,0.382,1750.3,0.006,1,1,0.1909,28.909049,77.251253,0.54,7.6,34.5,292,6,0.369,0.186,0,0,0,0.75,0.15,51.53,4,600,60,MANUAL_REVIEW,1
C005421,W01985,EVT0228,38,Saket,Zepto,Bike,11,3120.45,9.4,1,Summer,Extreme Heat,0.14,0.2,0.34,0.418,1479.4,0.21,1,0,0.2663,28.233484,76.721445,0.362,4.3,37.0,141,4,0.736,0.065,1,1,0,0.2292,0.0458,60.62,1,150,64,MANUAL_REVIEW,1
C005422,W00564,EVT0165,33,East Delhi,BigBasket,Bike,23,3842.48,7.6,0,Post-Monsoon,Extreme Heat,0.35,0.1,0.45,0.088,1142.7,0.168,1,1,0.1806,28.428982,77.459924,0.041,3.3,32.0,219,4,0.673,0.044,0,0,0,0.4792,0.0958,65.25,4,600,77,AUTO_REJECT,1
C005423,W01883,EVT0099,42,Rohini,Blinkit,Bike,11,2505.18,7.7,0,Post-Monsoon,Extreme Heat,0.18,0.1,0.28,0.347,483.4,0.064,1,0,0.3727,28.708215,76.8882,0.135,2.4,35.0,90,0,0.581,0.194,1,0,0,0.2292,0.0458,62.88,3,450,55,MANUAL_REVIEW,1
C005428,W00909,EVT0497,21,Saket,Blinkit,Bike,25,3451.94,9.6,0,Winter,Flooding,0.14,0.05,0.19,0.548,548.4,0.109,1,1,0.4478,28.625971,77.034454,0.534,2.0,37.3,207,0,0.54,0.128,1,0,0,0.5208,0.1042,52.37,4,600,33,MANUAL_REVIEW,1
C005431,W00043,EVT0057,21,East Delhi,Instamart,Bike,44,5104.85,10.0,0,Summer,Social Disruption,0.35,0.2,0.55,0.039,1655.5,0.161,1,0,0.0834,28.183364,76.761343,0.294,19.8,39.5,360,1,0.65,0.064,1,0,0,0.9167,0.1833,63.39,2,300,68,MANUAL_REVIEW,1
C005433,W01937,EVT0190,27,West Delhi,Swiggy,Bike,36,3528.29,9.7,0,Post-Monsoon,Social Disruption,0.25,0.1,0.35,0.186,712.4,0.253,0,1,0.3928,28.29866,77.520122,0.303,12.2,29.1,335,2,0.754,0.055,1,1,0,0.75,0.15,51.49,6,900,58,MANUAL_REVIEW,1
C005435,W01173,EVT0046,36,Lajpat Nagar,Zepto,Bike,22,3648.47,7.9,0,Monsoon,Extreme Heat,0.12,0.3,0.42,0.284,710.4,0.122,1,0,0.3192,28.913005,76.740677,0.472,1.2,36.9,107,6,0.667,0.343,1,0,0,0.4583,0.0917,60.88,4,600,67,MANUAL_REVIEW,1
C005449,W01838,EVT0278,22,South Delhi,Zomato,Bicycle,12,4877.35,9.0,1,Post-Monsoon,Flooding,0.1,0.1,0.2,0.479,1049.7,0.044,0,1,0.4385,28.831278,76.967135,0.056,29.7,25.4,154,5,0.388,0.112,1,0,1,0.25,0.05,57.77,2,300,57,MANUAL_REVIEW,1
C005453,W00038,EVT0203,29,East Delhi,Swiggy,EV Scooter,18,3461.67,9.3,0,Post-Monsoon,Heavy Rainfall,0.35,0.1,0.45,0.341,1452.9,0.142,1,0,0.2327,28.911562,77.326439,0.198,13.9,36.3,158,8,0.46,0.255,0,0,0,0.375,0.075,64.45,3,450,69,MANUAL_REVIEW,1
C005464,W00926,EVT0283,23,Dwarka,BigBasket,Bike,45,3116.89,9.8,0,Summer,Heavy Rainfall,0.22,0.2,0.42,0.245,1200.4,0.153,0,0,0.3332,28.557936,76.875548,0.039,5.1,34.3,243,6,0.476,0.329,0,0,0,0.9375,0.1875,56.88,3,450,70,MANUAL_REVIEW,1
C005472,W01930,EVT0158,26,Saket,Zomato,Bike,10,2728.52,8.3,1,Winter,Social Disruption,0.14,0.05,0.19,0.471,1233.8,0.043,0,1,0.4076,28.184674,77.332648,0.547,16.9,26.3,349,3,0.874,0.283,0,1,1,0.2083,0.0417,55.22,5,750,51,MANUAL_REVIEW,1
C005476,W00724,EVT0054,22,Rohini,BigBasket,Bike,46,5561.41,10.4,0,Summer,Flooding,0.18,0.2,0.38,0.393,1921.5,0.136,0,1,0.2826,28.572498,77.209009,0.466,6.5,39.4,242,3,0.579,0.039,0,1,0,0.9583,0.1917,52.96,2,300,51,MANUAL_REVIEW,1
C005477,W00374,EVT0225,27,East Delhi,Zomato,Bike,47,4163.94,7.6,0,Summer,Flooding,0.35,0.2,0.55,0.027,737.6,0.091,1,0,0.2093,28.015171,76.680265,0.011,15.5,28.4,100,5,0.431,0.312,1,1,0,0.9792,0.1958,60.55,3,450,80,AUTO_REJECT,1
C005486,W01795,EVT0110,34,Saket,Blinkit,Bike,6,4160.94,9.8,0,Post-Monsoon,Extreme Heat,0.14,0.1,0.24,0.546,1866.1,0.096,1,1,0.2481,28.362191,76.901186,0.211,3.9,40.4,210,5,0.426,0.108,0,1,0,0.125,0.025,58.51,4,600,55,MANUAL_REVIEW,1
C005487,W01844,EVT0135,38,Lajpat Nagar,Zepto,Bike,9,3698.84,11.4,1,Winter,Extreme Heat,0.12,0.05,0.17,0.082,431.4,0.049,1,0,0.273,28.601138,76.928662,0.101,2.0,30.2,226,1,0.473,0.122,0,1,0,0.1875,0.0375,58.42,4,600,66,MANUAL_REVIEW,1
C005488,W00376,EVT0019,29,South Delhi,Zomato,Bike,27,2853.23,12.0,0,Monsoon,Heavy Rainfall,0.1,0.3,0.4,0.178,776.8,0.16,1,1,0.2707,28.642944,76.937157,0.213,35.1,32.5,174,3,0.854,0.017,1,1,0,0.5625,0.1125,63.4,2,300,76,AUTO_REJECT,1
C005492,W01144,EVT0100,30,Lajpat Nagar,Zomato,Bicycle,46,3954.52,10.2,0,Summer,Extreme Heat,0.12,0.2,0.32,0.086,1091.0,0.256,1,1,0.1964,28.095801,76.981074,0.243,0.4,32.6,165,4,0.492,0.061,0,0,0,0.9583,0.1917,49.03,3,450,70,MANUAL_REVIEW,1
C005495,W00720,EVT0471,22,Noida,Blinkit,EV Scooter,1,1858.08,11.4,0,Monsoon,Severe Pollution,0.28,0.3,0.58,0.422,1873.5,0.191,0,0,0.3069,28.407533,76.60878,0.229,12.9,37.7,116,4,0.507,0.063,0,0,0,0.0208,0.0042,78.79,2,300,57,MANUAL_REVIEW,1
C005496,W00731,EVT0038,27,Dwarka,Blinkit,Bike,39,2805.28,8.2,0,Monsoon,Social Disruption,0.22,0.3,0.52,0.104,1541.6,0.19,1,1,0.1294,28.169052,77.085063,0.107,25.0,33.1,157,4,0.583,0.18,1,1,0,0.8125,0.1625,64.62,3,450,77,AUTO_REJECT,1
C005498,W01588,EVT0400,21,Faridabad,BigBasket,Bike,12,3483.36,7.8,0,Winter,Social Disruption,0.32,0.05,0.37,0.031,755.6,0.01,1,1,0.2001,28.722977,76.948338,0.244,17.4,41.1,81,2,0.664,0.142,1,0,0,0.25,0.05,60.88,3,450,71,AUTO_REJECT,1
C005501,W00062,EVT0143,35,Saket,Instamart,Bicycle,2,3960.86,9.7,0,Summer,Severe Pollution,0.14,0.2,0.34,0.065,609.4,0.063,0,1,0.3409,28.004554,76.918062,0.489,13.9,34.2,109,4,0.746,0.277,0,1,0,0.0417,0.0083,65.09,5,750,66,MANUAL_REVIEW,1
C005503,W01109,EVT0257,26,Connaught Place,Blinkit,Bike,21,3221.97,12.1,0,Summer,Flooding,0.15,0.2,0.35,0.443,1516.9,0.176,0,0,0.3673,28.867062,77.19093,0.269,17.0,25.8,113,1,0.758,0.073,1,1,0,0.4375,0.0875,57.45,5,750,47,MANUAL_REVIEW,1
C005505,W00955,EVT0269,32,Faridabad,Blinkit,Bike,3,3391.76,10.3,0,Post-Monsoon,Flooding,0.32,0.1,0.42,0.087,1570.9,0.182,1,1,0.1174,28.766362,77.412439,0.444,27.4,33.9,235,7,0.85,0.172,1,1,0,0.0625,0.0125,69.08,2,300,82,AUTO_REJECT,1
C005512,W00447,EVT0023,34,Saket,Instamart,Bike,1,3427.45,7.6,0,Post-Monsoon,Social Disruption,0.14,0.1,0.24,0.027,1298.7,0.194,1,1,0.1354,28.554499,77.22864,0.019,9.6,31.4,135,4,0.74,0.247,0,1,0,0.0208,0.0042,60.69,4,600,82,AUTO_REJECT,1
C005520,W01324,EVT0342,21,Connaught Place,Blinkit,Bike,25,3373.42,4.0,0,Post-Monsoon,Heavy Rainfall,0.15,0.1,0.25,0.083,1619.4,0.235,1,1,0.1138,28.450839,77.429463,0.208,30.7,28.2,64,4,0.481,0.225,0,0,0,0.5208,0.1042,57.02,5,750,70,MANUAL_REVIEW,1
C005529,W00866,EVT0166,21,Faridabad,Swiggy,Bicycle,43,4369.3,9.6,0,Summer,Flooding,0.32,0.2,0.52,0.177,1637.2,0.042,1,0,0.1294,28.15949,77.433925,0.391,2.1,28.5,58,4,0.363,0.307,0,0,0,0.8958,0.1792,63.3,4,600,62,MANUAL_REVIEW,1
C005530,W01834,EVT0134,29,Noida,Instamart,Bike,13,3599.87,8.2,1,Winter,Extreme Heat,0.28,0.05,0.33,0.443,555.1,0.02,1,1,0.3959,28.336617,76.626805,0.207,2.2,28.1,83,0,0.387,0.126,0,0,1,0.2708,0.0542,64.32,3,450,49,MANUAL_REVIEW,1
C005534,W00054,EVT0334,21,North Delhi,BigBasket,Bicycle,44,4754.78,8.8,0,Post-Monsoon,Social Disruption,0.2,0.1,0.3,0.279,1733.7,0.023,1,0,0.1538,28.466922,76.739462,0.067,29.3,29.6,176,4,0.419,0.081,0,1,0,0.9167,0.1833,51.52,2,300,65,MANUAL_REVIEW,1
C005536,W01856,EVT0295,28,North Delhi,Instamart,Bike,45,3227.19,7.7,1,Monsoon,Severe Pollution,0.2,0.3,0.5,0.259,1797.0,0.156,0,1,0.2497,28.718885,76.903126,0.469,19.8,32.5,282,5,0.731,0.243,1,1,0,0.9375,0.1875,59.7,4,600,59,MANUAL_REVIEW,1
C005539,W01036,EVT0190,39,East Delhi,Zepto,Bike,3,3512.31,9.3,1,Monsoon,Extreme Heat,0.35,0.3,0.65,0.413,1057.2,0.124,1,0,0.319,28.341279,76.868077,0.009,3.5,28.2,133,5,0.881,0.152,1,1,0,0.0625,0.0125,77.71,3,450,72,AUTO_REJECT,1
C005542,W00677,EVT0125,28,Faridabad,BigBasket,Bike,15,2460.83,9.3,0,Monsoon,Social Disruption,0.32,0.3,0.62,0.223,933.4,0.248,1,0,0.274,28.567186,77.213356,0.415,20.3,41.0,223,2,0.497,0.17,0,1,0,0.3125,0.0625,75.1,4,600,60,MANUAL_REVIEW,1
C005546,W01066,EVT0087,22,South Delhi,Zomato,Bike,1,3531.86,10.5,0,Summer,Social Disruption,0.1,0.2,0.3,0.367,952.6,0.262,1,1,0.3301,28.317078,76.83076,0.567,27.7,26.7,78,3,0.543,0.07,1,0,0,0.0208,0.0042,66.25,6,900,47,MANUAL_REVIEW,1
C005549,W00089,EVT0216,33,Gurgaon,Zepto,Bike,28,2226.44,8.1,0,Summer,Extreme Heat,0.3,0.2,0.5,0.246,1243.9,0.066,1,1,0.2184,28.682729,76.855062,0.045,2.0,32.5,153,1,0.719,0.345,1,0,0,0.5833,0.1167,61.66,3,450,67,MANUAL_REVIEW,1
C005552,W00329,EVT0086,42,South Delhi,Zepto,Bike,1,3855.87,8.4,0,Summer,Social Disruption,0.1,0.2,0.3,0.46,1259.2,0.195,1,1,0.3146,28.873868,77.551322,0.421,1.2,32.2,125,3,0.86,0.015,1,0,0,0.0208,0.0042,64.95,6,900,59,MANUAL_REVIEW,1
C005558,W00688,EVT0316,39,Rohini,Zomato,Bicycle,42,3728.65,9.2,0,Monsoon,Extreme Heat,0.18,0.3,0.48,0.549,1558.6,0.133,1,1,0.2991,28.207482,77.08214,0.115,0.2,28.1,290,5,0.737,0.04,1,1,0,0.875,0.175,58.89,4,600,60,MANUAL_REVIEW,1
C005564,W00873,EVT0336,31,Noida,Zomato,Bike,10,2839.21,10.5,1,Monsoon,Social Disruption,0.28,0.3,0.58,0.264,1865.4,0.113,0,1,0.2371,28.655527,76.916313,0.502,26.0,25.0,66,5,0.659,0.245,0,0,1,0.2083,0.0417,76.85,4,600,61,MANUAL_REVIEW,1
C005567,W01663,EVT0170,36,Noida,Swiggy,Bike,1,4559.95,10.6,1,Winter,Heavy Rainfall,0.28,0.05,0.33,0.39,967.1,0.12,0,0,0.4229,28.996379,77.104851,0.537,30.2,29.2,237,4,0.693,0.082,0,1,0,0.0208,0.0042,66.81,2,300,52,MANUAL_REVIEW,1
C005571,W00519,EVT0247,42,Faridabad,Zomato,EV Scooter,4,3696.77,8.7,1,Winter,Heavy Rainfall,0.32,0.05,0.37,0.236,425.2,0.08,1,0,0.3386,28.019007,77.511253,0.365,6.2,33.8,117,3,0.613,0.058,0,0,0,0.0833,0.0167,66.3,3,450,64,MANUAL_REVIEW,1
C005573,W00042,EVT0160,40,Rohini,Zepto,Bike,44,2474.54,6.8,0,Winter,Extreme Heat,0.18,0.05,0.23,0.462,1224.4,0.064,0,1,0.4075,28.462078,77.27973,0.07,3.3,30.0,284,4,0.351,0.012,0,0,0,0.9167,0.1833,51.15,3,450,52,MANUAL_REVIEW,1
C005578,W00574,EVT0207,39,Rohini,Zepto,Bike,26,4650.55,7.2,1,Summer,Flooding,0.18,0.2,0.38,0.053,1892.4,0.046,0,1,0.1419,28.063608,77.420258,0.233,6.6,31.8,197,5,0.764,0.225,0,0,1,0.5417,0.1083,56.22,3,450,73,AUTO_REJECT,1
C005586,W00868,EVT0426,28,Saket,Instamart,Bike,47,3858.06,9.8,0,Monsoon,Social Disruption,0.14,0.3,0.44,0.174,460.5,0.009,1,0,0.3014,28.603797,77.020202,0.028,14.2,29.8,145,5,0.511,0.118,0,0,0,0.9792,0.1958,55.58,3,450,79,AUTO_REJECT,1
C005589,W00712,EVT0124,26,East Delhi,Zomato,Bike,38,2836.97,9.8,0,Winter,Heavy Rainfall,0.35,0.05,0.4,0.229,443.2,0.271,1,0,0.3522,28.909197,77.559229,0.361,0.5,28.7,142,5,0.603,0.184,0,1,0,0.7917,0.1583,59.7,6,900,68,MANUAL_REVIEW,1
C005594,W00267,EVT0382,34,West Delhi,BigBasket,EV Scooter,37,3298.48,12.0,1,Monsoon,Flooding,0.25,0.3,0.55,0.148,286.8,0.043,1,0,0.3205,28.627856,76.795217,0.355,7.7,40.2,137,1,0.855,0.028,1,0,1,0.7708,0.1542,66.15,4,600,65,MANUAL_REVIEW,1
C005597,W01066,EVT0007,22,South Delhi,Zomato,Bike,1,3531.86,10.5,0,Monsoon,Social Disruption,0.1,0.3,0.4,0.438,1669.2,0.205,0,1,0.3453,28.445812,76.899798,0.359,12.3,37.3,230,4,0.486,0.043,0,0,0,0.0208,0.0042,72.26,4,600,46,MANUAL_REVIEW,1
C005602,W00730,EVT0245,43,Saket,Blinkit,Bicycle,25,2643.65,6.5,0,Post-Monsoon,Flooding,0.14,0.1,0.24,0.087,1553.4,0.221,1,1,0.1239,28.885987,76.790821,0.069,24.8,37.3,118,4,0.863,0.229,1,0,0,0.5208,0.1042,55.04,3,450,88,AUTO_REJECT,1
C005610,W00295,EVT0492,38,Lajpat Nagar,BigBasket,Bike,1,3217.64,10.2,0,Summer,Severe Pollution,0.12,0.2,0.32,0.355,623.1,0.052,1,1,0.3537,28.732167,77.298913,0.181,5.0,27.9,283,2,0.516,0.117,0,1,0,0.0208,0.0042,65.74,4,600,64,MANUAL_REVIEW,1
C005613,W01863,EVT0228,26,Saket,BigBasket,Bike,30,3336.72,10.1,1,Post-Monsoon,Extreme Heat,0.14,0.1,0.24,0.458,1922.0,0.072,1,1,0.2021,28.137404,77.502632,0.182,3.1,39.0,270,5,0.836,0.215,1,1,1,0.625,0.125,51.39,2,300,59,MANUAL_REVIEW,1
C005614,W00349,EVT0324,31,Lajpat Nagar,Zomato,Bike,40,4204.21,8.7,0,Post-Monsoon,Severe Pollution,0.12,0.1,0.22,0.006,926.9,0.028,1,1,0.1662,28.41662,76.662668,0.132,14.0,26.3,139,5,0.667,0.307,0,1,0,0.8333,0.1667,48.52,6,900,85,AUTO_REJECT,1
C005618,W00464,EVT0207,43,East Delhi,Zepto,Bike,34,3700.76,6.5,0,Summer,Flooding,0.35,0.2,0.55,0.136,1442.3,0.239,0,1,0.262,28.117856,76.784232,0.095,14.0,41.2,199,4,0.585,0.033,0,0,0,0.7083,0.1417,62.04,3,450,63,MANUAL_REVIEW,1
C005622,W01133,EVT0142,27,Faridabad,BigBasket,EV Scooter,19,3389.4,7.2,0,Winter,Flooding,0.32,0.05,0.37,0.393,1010.5,0.117,0,1,0.4173,28.267613,76.859282,0.097,23.2,28.2,348,6,0.803,0.297,1,0,0,0.3958,0.0792,62.11,3,450,72,AUTO_REJECT,1
C005630,W01225,EVT0126,24,East Delhi,BigBasket,Bicycle,46,4738.28,8.2,1,Monsoon,Social Disruption,0.35,0.3,0.65,0.378,800.0,0.221,0,0,0.4533,28.654986,77.201566,0.453,27.3,37.0,343,6,0.811,0.003,1,1,1,0.9583,0.1917,65.58,3,450,59,MANUAL_REVIEW,1
C005637,W01788,EVT0302,39,West Delhi,Instamart,EV Scooter,39,4922.46,8.8,1,Summer,Extreme Heat,0.25,0.2,0.45,0.517,733.9,0.178,0,0,0.5145,28.139005,76.96939,0.53,4.0,30.8,152,5,0.624,0.013,1,0,1,0.8125,0.1625,55.02,4,600,49,MANUAL_REVIEW,1
C005646,W01821,EVT0165,39,Faridabad,BigBasket,Bike,17,3017.83,7.6,0,Winter,Severe Pollution,0.32,0.05,0.37,0.47,1932.6,0.277,1,1,0.2258,28.381428,76.657563,0.169,26.2,27.8,321,3,0.766,0.159,1,0,0,0.3542,0.0708,63.67,2,300,58,MANUAL_REVIEW,1
C005649,W01450,EVT0177,20,South Delhi,Swiggy,EV Scooter,21,3296.82,8.2,0,Monsoon,Extreme Heat,0.1,0.3,0.4,0.148,1171.8,0.011,1,0,0.1845,28.58487,76.991055,0.291,3.8,33.3,278,5,0.865,0.153,1,0,0,0.4375,0.0875,64.28,3,450,71,AUTO_REJECT,1
C005650,W01843,EVT0267,38,Gurgaon,BigBasket,EV Scooter,41,5432.08,8.6,0,Winter,Social Disruption,0.3,0.05,0.35,0.213,1148.0,0.225,1,1,0.2355,28.97746,77.076049,0.472,7.4,31.5,233,0,0.613,0.051,0,1,0,0.8542,0.1708,53.99,5,750,53,MANUAL_REVIEW,1
C005655,W01450,EVT0161,20,South Delhi,Swiggy,EV Scooter,21,3296.82,8.2,0,Post-Monsoon,Social Disruption,0.1,0.1,0.2,0.428,1553.3,0.267,1,1,0.2649,28.668214,77.052157,0.314,18.7,28.9,142,6,0.382,0.025,1,0,0,0.4375,0.0875,51.13,4,600,56,MANUAL_REVIEW,1
C005659,W01088,EVT0142,23,Noida,Swiggy,Bike,11,3726.56,8.7,0,Post-Monsoon,Social Disruption,0.28,0.1,0.38,0.088,326.6,0.105,1,0,0.2967,28.883341,76.838851,0.348,9.0,40.6,90,6,0.878,0.046,1,0,0,0.2292,0.0458,64.62,3,450,79,AUTO_REJECT,1
C005662,W01508,EVT0498,28,Noida,BigBasket,Bicycle,24,4434.88,7.9,1,Post-Monsoon,Severe Pollution,0.28,0.1,0.38,0.513,1940.5,0.183,1,0,0.2324,28.030919,77.1089,0.442,14.9,40.9,353,0,0.782,0.309,1,1,0,0.5,0.1,60.39,3,450,47,MANUAL_REVIEW,1
C005665,W01583,EVT0010,25,West Delhi,Zomato,Bicycle,47,4714.26,9.2,0,Summer,Social Disruption,0.25,0.2,0.45,0.155,1663.8,0.232,1,1,0.1356,28.793917,76.873212,0.245,18.5,37.3,348,1,0.644,0.046,1,0,0,0.9792,0.1958,58.0,3,450,69,MANUAL_REVIEW,1
C005671,W01171,EVT0231,20,Faridabad,Zepto,Bicycle,41,4197.12,8.2,0,Winter,Social Disruption,0.32,0.05,0.37,0.364,1295.0,0.196,1,1,0.271,28.758381,76.926904,0.083,24.1,30.4,104,4,0.774,0.037,1,0,0,0.8542,0.1708,54.95,1,150,71,AUTO_REJECT,1
C005673,W01532,EVT0427,38,Dwarka,Zepto,Bike,36,3647.86,8.8,0,Monsoon,Extreme Heat,0.22,0.3,0.52,0.116,378.6,0.261,1,1,0.3157,28.625436,76.827049,0.544,4.1,34.3,232,4,0.839,0.178,1,0,0,0.75,0.15,63.05,6,900,66,MANUAL_REVIEW,1
C005681,W00512,EVT0179,26,Faridabad,Blinkit,Bike,12,4725.77,11.4,1,Winter,Extreme Heat,0.32,0.05,0.37,0.047,1325.3,0.269,1,1,0.1469,28.720822,77.370501,0.354,0.5,32.6,231,3,0.529,0.084,1,0,1,0.25,0.05,63.5,3,450,71,AUTO_REJECT,1
C005687,W00340,EVT0467,20,East Delhi,Instamart,Bike,35,4697.37,11.3,1,Summer,Flooding,0.35,0.2,0.55,0.27,735.2,0.128,1,0,0.3105,28.024922,76.853211,0.254,29.9,31.7,223,1,0.379,0.05,0,0,1,0.7292,0.1458,65.41,5,750,55,MANUAL_REVIEW,1
C005688,W00600,EVT0478,33,South Delhi,Zomato,Bike,38,3116.1,9.1,0,Post-Monsoon,Severe Pollution,0.1,0.1,0.2,0.262,555.2,0.201,1,1,0.3416,28.83937,76.982185,0.381,23.1,39.8,312,5,0.589,0.244,1,0,0,0.7917,0.1583,47.5,4,600,68,MANUAL_REVIEW,1
C005691,W01568,EVT0467,39,East Delhi,Blinkit,Bicycle,40,3914.01,8.7,1,Post-Monsoon,Extreme Heat,0.35,0.1,0.45,0.302,913.8,0.244,0,0,0.4081,28.183819,76.729692,0.525,4.3,31.7,112,6,0.7,0.008,1,1,1,0.8333,0.1667,59.97,4,600,53,MANUAL_REVIEW,1
C005696,W00909,EVT0011,21,Saket,Blinkit,Bike,25,3451.94,9.6,0,Post-Monsoon,Social Disruption,0.14,0.1,0.24,0.31,1845.4,0.214,0,0,0.2686,28.909081,77.260671,0.159,21.3,41.3,60,1,0.567,0.018,1,1,0,0.5208,0.1042,55.32,2,300,50,MANUAL_REVIEW,1
C005717,W00894,EVT0311,22,North Delhi,BigBasket,Bike,26,5113.56,9.2,1,Summer,Heavy Rainfall,0.2,0.2,0.4,0.179,753.1,0.193,1,1,0.2779,28.579644,77.543492,0.465,25.0,30.0,223,2,0.779,0.125,0,0,0,0.5417,0.1083,57.52,2,300,69,MANUAL_REVIEW,1
C005723,W01429,EVT0158,33,Gurgaon,Zepto,EV Scooter,26,5271.31,8.8,0,Summer,Severe Pollution,0.3,0.2,0.5,0.116,1805.4,0.019,0,0,0.1775,28.925871,77.089561,0.574,29.8,27.6,258,1,0.405,0.163,1,1,0,0.5417,0.1083,64.44,5,750,44,MANUAL_REVIEW,1
C005736,W01770,EVT0028,32,South Delhi,Zepto,Bike,31,2279.46,10.4,0,Monsoon,Social Disruption,0.1,0.3,0.4,0.109,517.3,0.235,1,0,0.2895,28.075068,76.601288,0.579,16.1,36.3,61,2,0.647,0.309,1,0,0,0.6458,0.1292,59.3,4,600,57,MANUAL_REVIEW,1
C005744,W01838,EVT0149,22,South Delhi,Zomato,Bicycle,12,4877.35,9.0,1,Summer,Heavy Rainfall,0.1,0.2,0.3,0.509,1326.9,0.254,0,0,0.43,28.604525,76.674759,0.373,22.3,26.1,211,6,0.466,0.229,0,1,1,0.25,0.05,58.72,2,300,54,MANUAL_REVIEW,1
C005747,W00518,EVT0364,29,Faridabad,Zepto,Bike,31,4654.98,10.8,1,Monsoon,Social Disruption,0.32,0.3,0.62,0.229,1026.6,0.254,1,0,0.263,28.762027,76.845801,0.541,9.3,26.8,196,4,0.547,0.239,1,0,1,0.6458,0.1292,68.26,4,600,62,MANUAL_REVIEW,1
C005749,W00624,EVT0339,32,Lajpat Nagar,BigBasket,Bike,15,3948.25,10.2,0,Winter,Severe Pollution,0.12,0.05,0.17,0.177,1282.4,0.231,1,0,0.2015,28.640855,76.669296,0.427,12.9,36.9,89,6,0.865,0.256,1,0,0,0.3125,0.0625,50.16,4,600,71,AUTO_REJECT,1
C005795,W01355,EVT0321,43,Gurgaon,Zepto,Bike,39,3643.46,8.5,1,Summer,Severe Pollution,0.3,0.2,0.5,0.178,687.7,0.045,1,0,0.2725,28.499108,77.025316,0.017,12.4,32.8,62,4,0.494,0.073,0,0,0,0.8125,0.1625,60.95,2,300,64,MANUAL_REVIEW,1
C005808,W01522,EVT0061,29,Saket,Instamart,Bike,37,4129.71,10.3,0,Winter,Severe Pollution,0.14,0.05,0.19,0.102,978.2,0.176,0,1,0.3117,28.681777,77.450289,0.076,1.2,30.0,318,2,0.713,0.05,0,0,0,0.7708,0.1542,49.98,5,750,68,MANUAL_REVIEW,1
C005809,W01683,EVT0205,27,Noida,Zomato,EV Scooter,17,4045.46,7.8,0,Winter,Flooding,0.28,0.05,0.33,0.439,1645.2,0.055,0,0,0.3343,28.967219,77.065335,0.466,1.8,30.3,368,4,0.401,0.037,1,1,0,0.3542,0.0708,60.46,4,600,46,MANUAL_REVIEW,1
C005816,W01259,EVT0169,43,West Delhi,Zomato,Bike,44,3094.99,9.8,0,Winter,Flooding,0.25,0.05,0.3,0.195,1253.6,0.162,1,0,0.2062,28.13236,77.41105,0.342,24.8,34.7,294,1,0.428,0.019,0,0,0,0.9167,0.1833,54.03,2,300,57,MANUAL_REVIEW,1
C005819,W00258,EVT0240,38,Saket,Swiggy,Bike,39,3910.19,10.3,0,Post-Monsoon,Heavy Rainfall,0.14,0.1,0.24,0.413,621.2,0.121,1,0,0.3841,28.948849,77.079405,0.054,40.3,32.0,99,3,0.613,0.182,0,1,0,0.8125,0.1625,49.89,4,600,62,MANUAL_REVIEW,1
C005820,W01669,EVT0441,42,Rohini,Swiggy,Bike,1,4537.64,10.0,0,Post-Monsoon,Extreme Heat,0.18,0.1,0.28,0.118,289.3,0.144,0,1,0.4182,28.347091,77.203181,0.487,4.9,36.8,217,4,0.535,0.337,1,0,0,0.0208,0.0042,63.34,4,600,60,MANUAL_REVIEW,1
C005827,W01589,EVT0191,22,Saket,Instamart,Bicycle,23,3895.49,9.4,0,Summer,Heavy Rainfall,0.14,0.2,0.34,0.431,1141.7,0.193,1,0,0.3204,28.05723,76.718028,0.064,39.0,30.8,80,2,0.861,0.091,0,1,0,0.4792,0.0958,59.48,3,450,64,MANUAL_REVIEW,1
C005829,W00180,EVT0014,38,Saket,Swiggy,Bike,5,3836.82,10.6,1,Monsoon,Flooding,0.14,0.3,0.44,0.41,1502.0,0.061,1,0,0.2448,28.107174,76.816358,0.339,14.6,28.4,227,5,0.713,0.211,0,1,0,0.1042,0.0208,69.9,5,750,66,MANUAL_REVIEW,1
C005831,W01909,EVT0270,24,South Delhi,Zepto,EV Scooter,12,4816.26,12.7,1,Post-Monsoon,Heavy Rainfall,0.1,0.1,0.2,0.355,463.8,0.068,0,0,0.4792,28.784798,77.525186,0.014,12.5,26.7,135,2,0.8,0.086,1,0,1,0.25,0.05,53.31,4,600,66,MANUAL_REVIEW,1
C005834,W00526,EVT0499,23,Dwarka,Swiggy,Bike,7,4225.82,6.4,1,Monsoon,Flooding,0.22,0.3,0.52,0.162,1646.3,0.056,1,1,0.1235,28.537471,77.485637,0.574,23.1,28.7,179,4,0.858,0.017,1,1,0,0.1458,0.0292,76.52,4,600,66,MANUAL_REVIEW,1
C005837,W01550,EVT0218,32,Gurgaon,Blinkit,EV Scooter,44,3134.51,8.0,0,Post-Monsoon,Social Disruption,0.3,0.1,0.4,0.287,1105.7,0.171,1,1,0.266,28.711145,77.35245,0.111,13.3,26.8,258,1,0.794,0.323,1,1,0,0.9167,0.1833,56.41,1,150,63,MANUAL_REVIEW,1
C005844,W01305,EVT0274,40,South Delhi,Swiggy,Bicycle,5,5889.28,8.4,0,Post-Monsoon,Heavy Rainfall,0.1,0.1,0.2,0.083,1820.6,0.134,1,1,0.0735,28.637008,76.943931,0.413,35.7,28.4,218,3,0.826,0.086,0,0,0,0.1042,0.0208,58.95,3,450,71,AUTO_REJECT,1
C005854,W00383,EVT0422,34,Rohini,Zomato,Bike,42,4508.97,10.2,0,Winter,Social Disruption,0.18,0.05,0.23,0.253,310.6,0.223,0,1,0.4769,28.527335,76.973359,0.066,17.4,25.1,82,1,0.791,0.169,1,1,0,0.875,0.175,50.34,3,450,67,MANUAL_REVIEW,1
C005857,W00896,EVT0093,26,East Delhi,BigBasket,EV Scooter,7,3022.59,11.5,1,Winter,Social Disruption,0.35,0.05,0.4,0.042,1889.3,0.051,1,0,0.0385,28.395245,76.619898,0.453,24.0,33.0,275,4,0.53,0.293,0,0,0,0.1458,0.0292,66.64,3,450,65,MANUAL_REVIEW,1
C005864,W00358,EVT0040,31,East Delhi,Blinkit,Bicycle,45,3038.44,9.2,0,Summer,Extreme Heat,0.35,0.2,0.55,0.381,1987.0,0.122,1,0,0.1665,28.036838,77.209184,0.557,3.3,31.5,248,2,0.879,0.252,1,0,0,0.9375,0.1875,66.58,3,450,56,MANUAL_REVIEW,1
C005871,W01325,EVT0411,25,East Delhi,Zepto,Bike,18,3470.04,8.5,0,Monsoon,Social Disruption,0.35,0.3,0.65,0.124,411.6,0.049,1,1,0.2928,28.604277,77.246536,0.137,22.1,41.2,355,5,0.765,0.323,0,0,0,0.375,0.075,73.57,3,450,79,AUTO_REJECT,1
C005873,W00332,EVT0118,33,Dwarka,Instamart,Bike,34,2864.7,7.4,0,Summer,Heavy Rainfall,0.22,0.2,0.42,0.477,739.8,0.099,0,1,0.4897,28.718677,76.992525,0.177,27.1,28.1,138,4,0.576,0.326,1,1,0,0.7083,0.1417,58.83,2,300,60,MANUAL_REVIEW,1
C005885,W00568,EVT0427,23,Faridabad,Swiggy,EV Scooter,29,3030.99,9.8,0,Monsoon,Heavy Rainfall,0.32,0.3,0.62,0.073,1690.1,0.22,1,0,0.0977,28.627511,77.516138,0.235,29.2,32.6,171,4,0.673,0.22,1,0,0,0.6042,0.1208,66.85,1,150,82,AUTO_REJECT,1
C005890,W00033,EVT0452,41,Lajpat Nagar,Blinkit,Bike,9,4074.03,10.1,0,Post-Monsoon,Extreme Heat,0.12,0.1,0.22,0.003,299.6,0.014,0,0,0.3577,28.079753,77.083085,0.437,2.4,36.5,116,4,0.537,0.224,0,0,0,0.1875,0.0375,56.87,6,900,65,MANUAL_REVIEW,1
C005896,W00419,EVT0147,43,Dwarka,Zomato,Bike,14,3450.03,8.7,0,Summer,Extreme Heat,0.22,0.2,0.42,0.122,1994.4,0.117,1,1,0.0613,28.00165,77.347603,0.154,3.8,29.3,270,4,0.882,0.211,0,0,0,0.2917,0.0583,63.95,3,450,80,AUTO_REJECT,1
C005908,W00214,EVT0071,40,East Delhi,BigBasket,Bicycle,11,4422.67,10.3,0,Summer,Flooding,0.35,0.2,0.55,0.15,1224.0,0.093,1,0,0.1857,28.428381,77.548403,0.139,18.3,33.5,285,4,0.853,0.282,0,0,0,0.2292,0.0458,72.29,2,300,81,AUTO_REJECT,1
C005913,W01937,EVT0232,27,West Delhi,Swiggy,Bike,36,3528.29,9.7,0,Winter,Severe Pollution,0.25,0.05,0.3,0.463,1262.7,0.238,0,1,0.4196,28.172411,77.075334,0.313,28.0,33.2,235,4,0.77,0.075,0,1,0,0.75,0.15,53.01,4,600,57,MANUAL_REVIEW,1
C005924,W00718,EVT0035,41,South Delhi,BigBasket,Bicycle,10,3074.71,5.8,0,Post-Monsoon,Heavy Rainfall,0.1,0.1,0.2,0.261,1683.7,0.043,1,1,0.1561,28.239439,76.807384,0.021,16.0,26.3,69,5,0.898,0.051,0,0,0,0.2083,0.0417,56.34,4,600,76,AUTO_REJECT,1
C005927,W01833,EVT0130,30,West Delhi,Zomato,Bike,11,2295.16,9.5,1,Monsoon,Severe Pollution,0.25,0.3,0.55,0.002,1586.8,0.179,1,1,0.0807,28.690245,77.246768,0.287,1.5,28.1,338,1,0.4,0.32,0,1,1,0.2292,0.0458,75.72,3,450,62,MANUAL_REVIEW,1
C005936,W01746,EVT0081,27,Faridabad,Blinkit,Bike,13,2854.01,9.7,0,Post-Monsoon,Social Disruption,0.32,0.1,0.42,0.046,317.2,0.274,1,1,0.2982,28.027966,76.626449,0.402,13.0,25.0,182,3,0.749,0.061,1,0,0,0.2708,0.0542,65.75,3,450,73,AUTO_REJECT,1
C005939,W01578,EVT0332,44,Connaught Place,BigBasket,Bike,35,3452.04,8.4,0,Summer,Severe Pollution,0.15,0.2,0.35,0.36,303.2,0.04,1,0,0.4025,28.846477,77.239376,0.243,19.5,39.3,303,2,0.539,0.255,1,1,0,0.7292,0.1458,56.94,3,450,59,MANUAL_REVIEW,1
C005940,W01950,EVT0106,32,Saket,Blinkit,Bicycle,36,3478.9,7.6,0,Summer,Social Disruption,0.14,0.2,0.34,0.443,416.4,0.159,1,1,0.4306,28.879558,76.768218,0.354,13.4,33.0,358,5,0.455,0.27,0,0,0,0.75,0.15,58.8,6,900,53,MANUAL_REVIEW,1
C005943,W00452,EVT0346,26,Noida,Zepto,Bicycle,24,3084.5,11.3,0,Post-Monsoon,Social Disruption,0.28,0.1,0.38,0.178,1757.9,0.233,0,1,0.2308,28.397908,77.054599,0.567,6.0,34.4,99,3,0.799,0.226,1,0,0,0.5,0.1,62.75,4,600,54,MANUAL_REVIEW,1
C005949,W01171,EVT0400,20,Faridabad,Zepto,Bicycle,41,4197.12,8.2,0,Monsoon,Extreme Heat,0.32,0.3,0.62,0.221,1690.5,0.119,1,1,0.1467,28.392107,76.624736,0.066,4.1,29.6,123,5,0.537,0.164,0,0,0,0.8542,0.1708,66.65,2,300,71,AUTO_REJECT,1
C005961,W01102,EVT0133,42,West Delhi,BigBasket,Bike,35,3040.12,8.3,1,Monsoon,Extreme Heat,0.25,0.3,0.55,0.327,1157.7,0.094,1,1,0.2665,28.436565,76.89652,0.527,2.8,32.1,100,3,0.836,0.026,0,0,1,0.7292,0.1458,65.18,4,600,62,MANUAL_REVIEW,1
C005964,W00191,EVT0402,34,Connaught Place,Zomato,Bike,46,3980.29,9.1,0,Summer,Heavy Rainfall,0.15,0.2,0.35,0.46,314.8,0.115,1,1,0.4483,28.803067,77.590448,0.117,0.9,34.7,224,5,0.797,0.235,0,1,0,0.9583,0.1917,54.35,3,450,65,MANUAL_REVIEW,1
C005970,W00269,EVT0186,41,South Delhi,Swiggy,Bike,36,5555.02,9.3,0,Winter,Social Disruption,0.1,0.05,0.15,0.299,1085.2,0.249,1,1,0.2817,28.800367,77.593418,0.507,2.8,28.8,196,2,0.796,0.334,1,0,0,0.75,0.15,49.52,4,600,61,MANUAL_REVIEW,1
C005971,W00051,EVT0140,24,West Delhi,Blinkit,Bicycle,35,5181.45,9.0,1,Post-Monsoon,Social Disruption,0.25,0.1,0.35,0.228,1399.5,0.272,1,1,0.2085,28.086903,76.621667,0.205,27.4,36.8,148,4,0.615,0.246,1,0,1,0.7292,0.1458,56.77,3,450,69,MANUAL_REVIEW,1
C005973,W01469,EVT0321,25,Dwarka,Zomato,Bike,11,3381.77,10.2,0,Monsoon,Social Disruption,0.22,0.3,0.52,0.072,327.8,0.162,1,1,0.2958,28.823031,77.374174,0.338,15.2,41.3,193,5,0.765,0.171,1,1,0,0.2292,0.0458,72.13,5,750,76,AUTO_REJECT,1
C005975,W00581,EVT0377,30,Dwarka,Zepto,Bike,28,4085.73,9.1,0,Monsoon,Heavy Rainfall,0.22,0.3,0.52,0.023,834.3,0.124,1,0,0.1965,28.881024,76.944184,0.044,17.7,26.3,132,2,0.866,0.226,0,0,0,0.5833,0.1167,65.72,3,450,80,AUTO_REJECT,1
C005976,W01254,EVT0290,37,East Delhi,Zomato,Bike,19,2872.88,9.4,0,Summer,Severe Pollution,0.35,0.2,0.55,0.397,308.2,0.038,1,1,0.4164,28.622602,77.416725,0.209,21.4,32.9,270,0,0.608,0.1,1,1,0,0.3958,0.0792,69.85,4,600,56,MANUAL_REVIEW,1
C005980,W01000,EVT0082,44,West Delhi,Instamart,Bike,26,5102.02,9.1,0,Winter,Extreme Heat,0.25,0.05,0.3,0.35,707.7,0.258,0,0,0.4596,28.276954,76.976933,0.353,4.4,34.5,258,2,0.837,0.14,1,1,0,0.5417,0.1083,56.71,2,300,51,MANUAL_REVIEW,1
C005986,W01112,EVT0454,20,Noida,Zepto,Bike,35,3929.03,7.7,0,Post-Monsoon,Flooding,0.28,0.1,0.38,0.245,526.7,0.219,1,1,0.3409,28.305494,77.532588,0.339,28.0,40.3,374,4,0.614,0.266,1,0,0,0.7292,0.1458,58.91,5,750,67,MANUAL_REVIEW,1
C005991,W00094,EVT0248,34,Rohini,Blinkit,Bike,30,3400.91,11.7,0,Summer,Heavy Rainfall,0.18,0.2,0.38,0.383,457.9,0.144,0,0,0.4989,28.218714,76.986194,0.406,13.2,29.2,175,2,0.516,0.044,1,0,0,0.625,0.125,57.3,3,450,54,MANUAL_REVIEW,1
C005992,W00313,EVT0364,22,Noida,Swiggy,Bike,29,4377.44,7.8,1,Post-Monsoon,Extreme Heat,0.28,0.1,0.38,0.149,344.9,0.192,1,1,0.3271,28.813673,77.097147,0.446,2.8,29.3,103,4,0.351,0.227,1,1,0,0.6042,0.1208,57.2,3,450,58,MANUAL_REVIEW,1
C005995,W00680,EVT0125,33,Connaught Place,Instamart,Bike,9,5892.38,7.4,0,Post-Monsoon,Social Disruption,0.15,0.1,0.25,0.135,448.2,0.264,1,1,0.3132,28.080358,77.03776,0.514,18.4,35.6,229,3,0.833,0.112,1,0,0,0.1875,0.0375,60.88,3,450,65,MANUAL_REVIEW,1
C005996,W01797,EVT0121,36,South Delhi,Zepto,Bike,44,3890.47,6.9,1,Monsoon,Social Disruption,0.1,0.3,0.4,0.204,465.5,0.093,1,1,0.3211,28.210166,76.818519,0.559,22.2,25.7,177,7,0.761,0.098,0,0,0,0.9167,0.1833,54.56,5,750,69,MANUAL_REVIEW,1
C006006,W00302,EVT0210,33,West Delhi,BigBasket,Bicycle,20,5595.62,7.6,0,Post-Monsoon,Social Disruption,0.25,0.1,0.35,0.332,1303.5,0.254,1,1,0.2627,28.518956,76.865501,0.471,4.0,34.3,343,1,0.863,0.07,1,0,0,0.4167,0.0833,60.84,3,450,55,MANUAL_REVIEW,1
C006013,W01670,EVT0335,39,East Delhi,BigBasket,Bike,42,4724.11,7.7,0,Summer,Extreme Heat,0.35,0.2,0.55,0.436,803.3,0.278,0,1,0.4817,28.246926,76.973367,0.483,2.7,37.3,149,5,0.628,0.127,0,0,0,0.875,0.175,66.08,1,150,53,MANUAL_REVIEW,1
C006025,W01538,EVT0463,40,Faridabad,Zomato,Bike,28,3277.29,10.2,1,Monsoon,Severe Pollution,0.32,0.3,0.62,0.035,1125.7,0.077,0,0,0.2528,28.459911,77.008237,0.237,14.7,32.8,238,2,0.633,0.333,0,1,0,0.5833,0.1167,70.2,6,900,68,MANUAL_REVIEW,1
C006030,W01132,EVT0466,44,Dwarka,Blinkit,Bike,29,2303.13,7.8,0,Monsoon,Heavy Rainfall,0.22,0.3,0.52,0.499,1329.3,0.194,1,1,0.3196,28.0855,76.668803,0.25,10.0,33.5,76,4,0.361,0.076,0,0,0,0.6042,0.1208,62.61,5,750,53,MANUAL_REVIEW,1
C006044,W01106,EVT0091,33,North Delhi,Swiggy,Bicycle,13,3928.74,9.9,0,Post-Monsoon,Flooding,0.2,0.1,0.3,0.416,1436.9,0.055,0,0,0.3564,28.907005,76.790877,0.553,8.5,28.3,331,5,0.639,0.295,1,1,0,0.2708,0.0542,56.87,2,300,50,MANUAL_REVIEW,1
C006051,W01104,EVT0417,29,Faridabad,Instamart,Bike,15,3368.03,7.7,1,Winter,Severe Pollution,0.32,0.05,0.37,0.258,1941.9,0.184,1,1,0.1303,28.31973,76.635461,0.199,15.8,25.1,226,3,0.444,0.279,0,1,0,0.3125,0.0625,62.12,6,900,65,MANUAL_REVIEW,1
C006052,W01088,EVT0094,23,Noida,Swiggy,Bike,11,3726.56,8.7,0,Monsoon,Heavy Rainfall,0.28,0.3,0.58,0.211,551.2,0.014,1,0,0.3031,28.476953,77.480051,0.483,11.5,26.4,220,7,0.577,0.309,0,0,0,0.2292,0.0458,73.9,5,750,66,MANUAL_REVIEW,1
C006054,W00485,EVT0035,24,South Delhi,Instamart,Bike,4,3284.15,9.5,1,Monsoon,Heavy Rainfall,0.1,0.3,0.4,0.206,777.0,0.02,0,1,0.3679,28.774406,77.188142,0.053,6.4,27.0,242,5,0.716,0.327,1,0,0,0.0833,0.0167,65.62,5,750,75,AUTO_REJECT,1
C006058,W00984,EVT0196,37,West Delhi,Blinkit,Bike,37,3801.7,9.3,1,Monsoon,Social Disruption,0.25,0.3,0.55,0.135,1916.6,0.041,1,0,0.0706,28.574682,76.862547,0.019,29.0,28.9,314,6,0.669,0.199,0,0,1,0.7708,0.1542,62.62,4,600,81,AUTO_REJECT,1
C006066,W01104,EVT0297,29,Faridabad,Instamart,Bike,15,3368.03,7.7,1,Monsoon,Severe Pollution,0.32,0.3,0.62,0.475,1992.7,0.188,0,1,0.3099,28.377473,76.773743,0.469,2.1,25.9,201,4,0.451,0.042,1,1,1,0.3125,0.0625,76.26,3,450,46,MANUAL_REVIEW,1
C006071,W00368,EVT0236,38,Saket,Swiggy,Bike,4,4103.66,6.4,0,Monsoon,Heavy Rainfall,0.14,0.3,0.44,0.359,379.4,0.055,0,0,0.4922,28.188904,76.640304,0.065,16.7,33.8,107,3,0.818,0.269,1,1,0,0.0833,0.0167,70.51,1,150,65,MANUAL_REVIEW,1
C006080,W01477,EVT0378,26,West Delhi,Swiggy,EV Scooter,45,3533.82,9.2,0,Post-Monsoon,Flooding,0.25,0.1,0.35,0.202,1410.3,0.11,0,0,0.2803,28.843065,77.507151,0.388,5.0,36.0,64,5,0.839,0.32,1,0,0,0.9375,0.1875,54.04,3,450,65,MANUAL_REVIEW,1
C006082,W00380,EVT0175,30,South Delhi,Zepto,Bike,29,4198.19,6.9,0,Winter,Heavy Rainfall,0.1,0.05,0.15,0.14,1128.0,0.085,0,1,0.2953,28.670608,77.37614,0.455,3.4,25.1,152,4,0.546,0.216,0,0,0,0.6042,0.1208,48.71,5,750,57,MANUAL_REVIEW,1
C006085,W01055,EVT0021,36,Gurgaon,Zepto,Bike,32,6067.21,8.0,0,Summer,Heavy Rainfall,0.3,0.2,0.5,0.474,592.0,0.05,0,1,0.5058,28.944185,77.310577,0.123,40.7,27.9,238,7,0.766,0.15,0,1,0,0.6667,0.1333,62.2,3,450,61,MANUAL_REVIEW,1
C006087,W00600,EVT0421,33,South Delhi,Zomato,Bike,38,3116.1,9.1,0,Post-Monsoon,Social Disruption,0.1,0.1,0.2,0.031,1105.5,0.118,1,1,0.1584,28.406046,77.149896,0.116,29.5,31.5,109,6,0.677,0.201,0,1,0,0.7917,0.1583,47.37,3,450,78,AUTO_REJECT,1
C006095,W00720,EVT0453,22,Noida,Blinkit,EV Scooter,1,1858.08,11.4,0,Post-Monsoon,Severe Pollution,0.28,0.1,0.38,0.022,1602.8,0.143,0,1,0.1827,28.414063,76.979774,0.228,1.2,38.9,352,5,0.843,0.125,0,0,0,0.0208,0.0042,68.5,3,450,77,AUTO_REJECT,1
C006098,W00573,EVT0122,32,West Delhi,Zepto,Bike,8,4522.11,10.1,0,Monsoon,Social Disruption,0.25,0.3,0.55,0.278,1444.4,0.156,1,0,0.2101,28.902196,76.807446,0.005,13.5,26.9,141,5,0.495,0.125,1,0,0,0.1667,0.0333,72.95,3,450,72,AUTO_REJECT,1
C006099,W00781,EVT0365,33,Lajpat Nagar,Zomato,Bike,5,2102.16,7.8,1,Monsoon,Social Disruption,0.12,0.3,0.42,0.203,456.8,0.012,1,1,0.3139,28.101219,77.261572,0.191,29.7,29.8,144,3,0.687,0.065,1,1,0,0.1042,0.0208,69.67,3,450,68,MANUAL_REVIEW,1
C006108,W00703,EVT0113,42,Saket,Blinkit,Bicycle,11,2134.78,9.0,0,Summer,Heavy Rainfall,0.14,0.2,0.34,0.51,864.4,0.207,1,0,0.395,28.813286,76.731768,0.481,17.8,34.3,79,4,0.684,0.238,0,0,0,0.2292,0.0458,65.21,2,300,51,MANUAL_REVIEW,1
C006110,W01085,EVT0265,35,East Delhi,BigBasket,Bike,18,3612.83,9.8,0,Summer,Social Disruption,0.35,0.2,0.55,0.166,1065.2,0.215,1,1,0.2281,28.772262,76.616456,0.414,23.4,38.5,351,4,0.45,0.197,1,0,0,0.375,0.075,72.75,5,750,65,MANUAL_REVIEW,1
C006111,W01328,EVT0228,39,Lajpat Nagar,Instamart,Bicycle,17,4153.89,8.3,0,Summer,Severe Pollution,0.12,0.2,0.32,0.164,524.6,0.236,1,1,0.3105,28.176754,77.046525,0.268,8.0,27.4,344,0,0.893,0.099,1,1,0,0.3542,0.0708,61.72,3,450,61,MANUAL_REVIEW,1
C006116,W00364,EVT0337,29,Saket,Blinkit,Bike,46,3932.34,8.8,0,Post-Monsoon,Extreme Heat,0.14,0.1,0.24,0.524,1091.7,0.213,1,1,0.3671,28.776337,76.807912,0.233,1.8,28.4,156,2,0.866,0.205,0,0,0,0.9583,0.1917,47.83,3,450,55,MANUAL_REVIEW,1
C006117,W01169,EVT0402,31,West Delhi,Swiggy,EV Scooter,41,4606.87,8.8,0,Post-Monsoon,Heavy Rainfall,0.25,0.1,0.35,0.046,1844.4,0.26,0,1,0.1677,28.762768,76.957344,0.304,14.3,33.9,141,7,0.666,0.306,1,0,0,0.8542,0.1708,55.32,1,150,70,MANUAL_REVIEW,1
C006120,W00271,EVT0464,41,Connaught Place,Zepto,Bike,28,3686.75,10.0,1,Post-Monsoon,Heavy Rainfall,0.15,0.1,0.25,0.284,867.0,0.099,1,0,0.2934,28.823204,76.900493,0.23,4.1,27.7,202,4,0.468,0.037,1,1,0,0.5833,0.1167,51.75,4,600,62,MANUAL_REVIEW,1
C006126,W00776,EVT0250,20,Gurgaon,Zomato,Bike,47,3897.65,9.0,0,Summer,Severe Pollution,0.3,0.2,0.5,0.006,1133.3,0.118,1,1,0.1442,28.107364,76.787922,0.167,29.5,33.6,144,2,0.605,0.28,1,1,0,0.9792,0.1958,62.61,1,150,76,AUTO_REJECT,1
C006128,W01789,EVT0091,39,West Delhi,Blinkit,EV Scooter,34,3367.74,7.6,0,Winter,Severe Pollution,0.25,0.05,0.3,0.018,1344.4,0.038,1,0,0.1093,28.111026,76.66802,0.375,14.5,35.6,238,5,0.423,0.191,1,0,0,0.7083,0.1417,54.01,2,300,76,AUTO_REJECT,1
C006131,W01860,EVT0489,27,Dwarka,Instamart,Bike,14,3984.78,7.3,0,Winter,Heavy Rainfall,0.22,0.05,0.27,0.395,522.5,0.022,0,0,0.4818,28.150971,77.062194,0.449,28.0,25.6,214,3,0.676,0.015,1,0,0,0.2917,0.0583,59.97,4,600,52,MANUAL_REVIEW,1
C006133,W01055,EVT0488,36,Gurgaon,Zepto,Bike,32,6067.21,8.0,0,Post-Monsoon,Social Disruption,0.3,0.1,0.4,0.534,390.6,0.013,1,0,0.4563,28.784088,77.402665,0.433,27.3,36.2,338,8,0.664,0.315,1,1,0,0.6667,0.1333,57.41,3,450,60,MANUAL_REVIEW,1
C006134,W01639,EVT0476,39,Dwarka,Swiggy,Bike,9,4697.53,10.4,0,Monsoon,Extreme Heat,0.22,0.3,0.52,0.182,1708.6,0.069,1,1,0.1234,28.536084,76.957094,0.07,1.8,35.3,199,5,0.857,0.103,0,1,0,0.1875,0.0375,73.02,2,300,80,AUTO_REJECT,1
C006136,W01859,EVT0181,40,Rohini,Blinkit,Bicycle,10,2341.25,9.7,0,Winter,Flooding,0.18,0.05,0.23,0.387,651.4,0.094,0,1,0.4665,28.173045,77.121521,0.156,29.6,37.5,267,1,0.466,0.224,0,0,0,0.2083,0.0417,56.96,3,450,57,MANUAL_REVIEW,1
C006137,W00389,EVT0373,35,Dwarka,Zomato,Bicycle,45,3502.68,8.5,0,Post-Monsoon,Social Disruption,0.22,0.1,0.32,0.042,1120.1,0.099,1,0,0.1587,28.600816,77.109404,0.164,5.3,36.6,322,5,0.854,0.167,1,0,0,0.9375,0.1875,52.12,4,600,88,AUTO_REJECT,1
C006141,W00626,EVT0356,35,West Delhi,Instamart,Bike,10,4181.58,7.3,0,Post-Monsoon,Extreme Heat,0.25,0.1,0.35,0.325,966.5,0.001,1,0,0.2851,28.660124,76.903664,0.138,0.1,30.9,147,3,0.575,0.224,0,0,0,0.2083,0.0417,63.0,6,900,64,MANUAL_REVIEW,1
C006152,W00301,EVT0437,27,East Delhi,Zepto,Bike,20,2857.04,7.9,0,Summer,Severe Pollution,0.35,0.2,0.55,0.495,1789.3,0.246,0,0,0.3542,28.085354,77.494465,0.132,24.3,33.4,180,4,0.767,0.275,1,0,0,0.4167,0.0833,68.45,5,750,57,MANUAL_REVIEW,1
C006153,W01431,EVT0218,23,Rohini,Zepto,Bicycle,13,3615.09,8.9,0,Monsoon,Severe Pollution,0.18,0.3,0.48,0.466,1558.0,0.254,0,1,0.3781,28.108783,77.57067,0.401,4.3,25.1,99,4,0.748,0.02,1,1,0,0.2708,0.0542,69.0,2,300,53,MANUAL_REVIEW,1
C006158,W01360,EVT0451,41,North Delhi,Zepto,Bicycle,13,2563.61,8.7,0,Winter,Severe Pollution,0.2,0.05,0.25,0.326,1028.6,0.127,0,0,0.3888,28.785324,76.755305,0.083,13.4,32.8,235,4,0.734,0.007,1,0,0,0.2708,0.0542,59.82,3,450,66,MANUAL_REVIEW,1
C006165,W01620,EVT0471,34,North Delhi,BigBasket,Bicycle,21,3575.91,7.6,0,Summer,Extreme Heat,0.2,0.2,0.4,0.123,662.5,0.062,1,1,0.256,28.939474,76.92675,0.372,1.6,40.4,136,0,0.755,0.256,1,1,0,0.4375,0.0875,67.8,4,600,60,MANUAL_REVIEW,1
C006169,W01244,EVT0119,23,Connaught Place,Instamart,Bike,31,2325.63,7.0,0,Winter,Severe Pollution,0.15,0.05,0.2,0.474,1303.0,0.192,1,0,0.3134,28.367336,77.09832,0.328,28.4,26.6,167,4,0.863,0.168,0,0,0,0.6458,0.1292,49.73,5,750,53,MANUAL_REVIEW,1
C006170,W00836,EVT0010,31,Gurgaon,Instamart,Bike,2,3347.47,8.2,0,Summer,Social Disruption,0.3,0.2,0.5,0.3,627.2,0.219,1,1,0.3478,28.955138,77.398885,0.175,25.4,27.4,179,1,0.596,0.115,1,1,0,0.0417,0.0083,72.53,1,150,64,MANUAL_REVIEW,1
C006178,W01843,EVT0426,38,Gurgaon,BigBasket,EV Scooter,41,5432.08,8.6,0,Summer,Flooding,0.3,0.2,0.5,0.356,1056.5,0.264,1,0,0.3103,28.407817,76.692982,0.171,17.3,40.0,268,2,0.899,0.133,1,1,0,0.8542,0.1708,62.8,3,450,64,MANUAL_REVIEW,1
C006186,W00140,EVT0389,43,Gurgaon,BigBasket,EV Scooter,40,3780.87,7.9,0,Summer,Severe Pollution,0.3,0.2,0.5,0.306,1342.6,0.014,0,0,0.3224,28.732035,77.033931,0.485,20.8,34.3,273,5,0.406,0.245,0,1,0,0.8333,0.1667,60.19,4,600,51,MANUAL_REVIEW,1
C006190,W01596,EVT0132,40,Connaught Place,BigBasket,Bike,3,3876.2,7.2,0,Winter,Extreme Heat,0.15,0.05,0.2,0.129,1272.3,0.009,0,1,0.2617,28.397005,76.617406,0.541,4.2,34.9,242,2,0.551,0.224,1,0,0,0.0625,0.0125,59.64,3,450,52,MANUAL_REVIEW,1
C006208,W00526,EVT0085,23,Dwarka,Swiggy,Bike,7,4225.82,6.4,1,Winter,Extreme Heat,0.22,0.05,0.27,0.051,1221.0,0.188,1,1,0.156,28.245896,77.167138,0.362,3.5,39.8,120,5,0.367,0.293,1,0,1,0.1458,0.0292,60.77,3,450,75,AUTO_REJECT,1
C006213,W00859,EVT0086,41,East Delhi,Zomato,Bike,39,4069.72,8.8,0,Summer,Heavy Rainfall,0.35,0.2,0.55,0.098,1383.7,0.127,1,0,0.1443,28.504526,77.161891,0.185,3.2,36.7,153,6,0.43,0.348,1,0,0,0.8125,0.1625,64.16,2,300,77,AUTO_REJECT,1
C006214,W01887,EVT0418,42,West Delhi,Instamart,Bike,26,3867.68,7.9,0,Winter,Social Disruption,0.25,0.05,0.3,0.462,1526.1,0.137,1,0,0.2696,28.012798,77.289868,0.12,2.8,39.7,90,3,0.567,0.154,0,0,0,0.5417,0.1083,54.63,3,450,55,MANUAL_REVIEW,1
C006232,W00984,EVT0322,37,West Delhi,Blinkit,Bike,37,3801.7,9.3,1,Winter,Severe Pollution,0.25,0.05,0.3,0.205,605.7,0.159,1,0,0.307,28.488246,77.144878,0.067,26.0,25.1,344,7,0.637,0.017,0,1,1,0.7708,0.1542,56.37,3,450,77,AUTO_REJECT,1
C006234,W01787,EVT0247,42,Noida,BigBasket,Bike,29,2471.76,7.0,0,Winter,Severe Pollution,0.28,0.05,0.33,0.088,1999.7,0.028,1,1,0.038,28.337945,77.03778,0.466,25.7,28.0,269,5,0.378,0.324,0,0,0,0.6042,0.1208,58.07,3,450,67,MANUAL_REVIEW,1
C006237,W00700,EVT0167,22,Gurgaon,Zepto,Bike,43,4115.57,9.7,0,Summer,Flooding,0.3,0.2,0.5,0.394,341.3,0.246,1,1,0.431,28.565389,77.263842,0.278,5.7,28.3,113,7,0.353,0.025,1,0,0,0.8958,0.1792,63.29,4,600,63,MANUAL_REVIEW,1
C006240,W01404,EVT0252,30,West Delhi,Blinkit,Bike,21,4466.03,8.3,0,Monsoon,Severe Pollution,0.25,0.3,0.55,0.1,1024.1,0.234,0,1,0.3098,28.534206,76.90706,0.289,28.2,35.3,144,5,0.64,0.07,0,0,0,0.4375,0.0875,71.97,3,450,69,MANUAL_REVIEW,1
C006247,W00707,EVT0390,33,Lajpat Nagar,Zepto,Bike,16,3256.29,9.0,0,Winter,Heavy Rainfall,0.12,0.05,0.17,0.19,763.0,0.091,1,1,0.2707,28.826285,77.326336,0.262,28.3,32.9,70,5,0.405,0.114,0,1,0,0.3333,0.0667,53.7,5,750,67,MANUAL_REVIEW,1
C006248,W00835,EVT0444,34,Gurgaon,BigBasket,Bike,21,3967.44,9.4,0,Monsoon,Heavy Rainfall,0.3,0.3,0.6,0.477,1397.3,0.072,0,0,0.3884,28.698064,76.89852,0.024,18.2,35.2,71,1,0.371,0.181,1,1,0,0.4375,0.0875,73.77,3,450,52,MANUAL_REVIEW,1
C006253,W01325,EVT0012,25,East Delhi,Zepto,Bike,18,3470.04,8.5,0,Post-Monsoon,Extreme Heat,0.35,0.1,0.45,0.351,1676.1,0.078,1,1,0.1968,28.150119,76.89182,0.578,3.0,36.7,153,6,0.621,0.028,1,0,0,0.375,0.075,65.66,5,750,59,MANUAL_REVIEW,1
C006255,W00039,EVT0239,25,Saket,Zepto,Bike,3,3530.57,11.0,0,Winter,Social Disruption,0.14,0.05,0.19,0.495,1067.3,0.081,1,0,0.346,28.365454,77.226811,0.466,20.5,39.8,78,3,0.817,0.319,0,0,0,0.0625,0.0125,53.91,2,300,55,MANUAL_REVIEW,1
C006259,W01750,EVT0153,23,Saket,Instamart,EV Scooter,15,3549.91,9.2,0,Winter,Severe Pollution,0.14,0.05,0.19,0.2,1021.9,0.275,1,0,0.2542,28.035268,76.656624,0.148,19.4,40.4,228,5,0.804,0.349,1,1,0,0.3125,0.0625,53.71,5,750,72,AUTO_REJECT,1
C006261,W00837,EVT0299,40,North Delhi,Zepto,Bike,37,2620.75,9.8,1,Summer,Heavy Rainfall,0.2,0.2,0.4,0.334,281.9,0.051,1,0,0.3964,28.164332,76.792577,0.071,28.1,33.9,229,7,0.596,0.055,1,0,1,0.7708,0.1542,55.7,3,450,71,AUTO_REJECT,1
C006263,W01011,EVT0030,29,Dwarka,Zepto,Bike,8,4734.45,8.3,0,Winter,Heavy Rainfall,0.22,0.05,0.27,0.367,1396.9,0.187,0,1,0.356,28.991996,77.451658,0.42,40.6,28.1,182,2,0.754,0.191,0,1,0,0.1667,0.0333,59.68,5,750,50,MANUAL_REVIEW,1
C006267,W01246,EVT0014,29,Lajpat Nagar,Zepto,Bike,46,2444.98,7.4,0,Winter,Social Disruption,0.12,0.05,0.17,0.196,1030.5,0.161,0,0,0.3399,28.14948,76.80493,0.523,8.7,39.5,132,0,0.66,0.177,1,0,0,0.9583,0.1917,48.19,1,150,48,MANUAL_REVIEW,1
C006268,W00969,EVT0254,26,East Delhi,BigBasket,Bike,9,3235.34,7.0,1,Monsoon,Flooding,0.35,0.3,0.65,0.248,1999.3,0.021,1,1,0.1014,28.247101,77.400363,0.575,0.8,26.1,278,3,0.452,0.037,0,0,0,0.1875,0.0375,78.7,3,450,58,MANUAL_REVIEW,1
C006271,W01979,EVT0474,20,Rohini,BigBasket,Bike,32,3016.79,11.1,0,Summer,Extreme Heat,0.18,0.2,0.38,0.455,847.5,0.196,1,1,0.3745,28.248242,76.776118,0.218,4.6,34.7,115,5,0.543,0.243,1,0,0,0.6667,0.1333,58.11,3,450,56,MANUAL_REVIEW,1
C006274,W00895,EVT0160,36,Faridabad,Instamart,Bicycle,3,2767.34,7.6,0,Summer,Social Disruption,0.32,0.2,0.52,0.185,1392.2,0.214,0,1,0.2866,28.422853,76.668975,0.29,14.6,32.2,105,4,0.543,0.108,1,0,0,0.0625,0.0125,74.49,4,600,57,MANUAL_REVIEW,1
C006277,W00481,EVT0080,27,Noida,Swiggy,Bike,15,2940.86,6.7,0,Post-Monsoon,Extreme Heat,0.28,0.1,0.38,0.009,1884.4,0.003,1,1,0.0212,28.682192,76.7791,0.356,4.1,32.7,132,5,0.409,0.161,1,0,0,0.3125,0.0625,67.88,1,150,69,MANUAL_REVIEW,1
C006280,W00374,EVT0039,27,East Delhi,Zomato,Bike,47,4163.94,7.6,0,Summer,Flooding,0.35,0.2,0.55,0.274,1320.6,0.171,1,0,0.2286,28.948529,77.474434,0.39,20.5,36.9,175,7,0.81,0.173,1,0,0,0.9792,0.1958,62.1,3,450,70,MANUAL_REVIEW,1
C006293,W01837,EVT0357,29,East Delhi,Zepto,Bike,9,4397.91,9.2,1,Winter,Severe Pollution,0.35,0.05,0.4,0.291,910.0,0.225,1,0,0.3024,28.608225,77.390925,0.192,6.7,35.9,370,3,0.574,0.264,0,1,0,0.1875,0.0375,62.46,4,600,66,MANUAL_REVIEW,1
C006311,W01692,EVT0035,24,Dwarka,Zepto,Bike,35,4017.57,7.9,1,Winter,Social Disruption,0.22,0.05,0.27,0.053,1031.1,0.128,0,1,0.2793,28.8672,76.945472,0.111,15.9,35.5,110,1,0.733,0.036,1,0,1,0.7292,0.1458,54.54,3,450,69,MANUAL_REVIEW,1
C006315,W00891,EVT0355,30,East Delhi,Swiggy,EV Scooter,7,3030.5,9.2,0,Winter,Heavy Rainfall,0.35,0.05,0.4,0.079,1307.0,0.28,1,0,0.1636,28.610538,77.043256,0.417,29.9,34.1,143,2,0.556,0.265,1,0,0,0.1458,0.0292,64.5,1,150,60,MANUAL_REVIEW,1
C006318,W01404,EVT0449,30,West Delhi,Blinkit,Bike,21,4466.03,8.3,0,Winter,Flooding,0.25,0.05,0.3,0.422,900.0,0.023,1,0,0.3361,28.219474,76.907384,0.525,30.0,37.4,123,6,0.739,0.334,1,0,0,0.4375,0.0875,58.54,1,150,57,MANUAL_REVIEW,1
C006319,W01275,EVT0023,26,Rohini,BigBasket,Bike,23,4295.18,7.9,0,Winter,Severe Pollution,0.18,0.05,0.23,0.168,313.7,0.041,1,0,0.3242,28.774992,77.130316,0.424,19.7,37.2,350,3,0.524,0.126,0,1,0,0.4792,0.0958,56.12,1,150,63,MANUAL_REVIEW,1
C006323,W00393,EVT0397,27,North Delhi,Swiggy,Bike,6,2781.94,9.3,0,Monsoon,Heavy Rainfall,0.2,0.3,0.5,0.157,1448.2,0.071,1,0,0.1527,28.682176,77.48152,0.396,13.9,30.6,182,4,0.534,0.132,0,0,0,0.125,0.025,69.47,4,600,64,MANUAL_REVIEW,1
C006340,W00482,EVT0168,20,Rohini,Zomato,EV Scooter,36,2886.43,10.4,0,Winter,Social Disruption,0.18,0.05,0.23,0.141,1713.9,0.238,0,1,0.2231,28.565984,76.783359,0.454,23.4,34.2,373,4,0.568,0.022,1,0,0,0.75,0.15,52.33,5,750,55,MANUAL_REVIEW,1
C006341,W00896,EVT0374,26,East Delhi,BigBasket,EV Scooter,7,3022.59,11.5,1,Summer,Extreme Heat,0.35,0.2,0.55,0.486,417.6,0.093,1,0,0.4411,28.449977,77.008574,0.089,4.9,35.3,157,5,0.509,0.102,1,1,1,0.1458,0.0292,74.14,5,750,64,MANUAL_REVIEW,1
C006346,W00679,EVT0222,39,East Delhi,BigBasket,Bike,29,3622.31,9.5,0,Monsoon,Heavy Rainfall,0.35,0.3,0.65,0.172,1399.4,0.27,0,0,0.2859,28.87621,76.861728,0.463,21.3,33.1,71,5,0.362,0.277,1,0,0,0.6042,0.1208,72.32,4,600,59,MANUAL_REVIEW,1
C006355,W00073,EVT0446,34,Noida,BigBasket,EV Scooter,17,3449.7,10.3,0,Summer,Flooding,0.28,0.2,0.48,0.036,1755.3,0.187,1,0,0.0698,28.073812,77.269293,0.015,17.5,42.0,97,4,0.836,0.145,1,0,0,0.3542,0.0708,68.77,3,450,85,AUTO_REJECT,1
C006357,W00785,EVT0240,37,Rohini,Instamart,Bike,27,3220.34,8.7,1,Monsoon,Heavy Rainfall,0.18,0.3,0.48,0.513,1651.0,0.219,1,1,0.2794,28.489714,77.415547,0.361,0.7,30.5,144,2,0.611,0.243,0,1,0,0.5625,0.1125,60.85,3,450,55,MANUAL_REVIEW,1
C006363,W01219,EVT0247,38,Noida,Swiggy,Bike,40,4236.87,9.6,0,Summer,Severe Pollution,0.28,0.2,0.48,0.364,1306.6,0.001,1,0,0.2497,28.274656,77.295592,0.346,16.8,41.6,218,5,0.647,0.05,1,0,0,0.8333,0.1667,60.32,6,900,66,MANUAL_REVIEW,1
C006366,W00707,EVT0062,33,Lajpat Nagar,Zepto,Bike,16,3256.29,9.0,0,Winter,Flooding,0.12,0.05,0.17,0.157,1057.5,0.151,0,1,0.3193,28.545862,77.01337,0.291,12.0,32.4,344,6,0.751,0.323,1,0,0,0.3333,0.0667,51.58,3,450,72,AUTO_REJECT,1
C006367,W01082,EVT0273,39,North Delhi,Zomato,EV Scooter,40,3483.88,10.2,0,Post-Monsoon,Flooding,0.2,0.1,0.3,0.166,1859.5,0.262,0,0,0.2137,28.495355,77.524991,0.356,5.7,35.8,346,3,0.836,0.009,0,1,0,0.8333,0.1667,52.7,3,450,69,MANUAL_REVIEW,1
C006369,W01887,EVT0427,42,West Delhi,Instamart,Bike,26,3867.68,7.9,0,Summer,Extreme Heat,0.25,0.2,0.45,0.465,1827.9,0.13,1,0,0.2248,28.809895,77.09355,0.559,4.9,40.3,264,4,0.574,0.125,0,0,0,0.5417,0.1083,64.37,4,600,55,MANUAL_REVIEW,1
C006381,W00247,EVT0358,42,North Delhi,Zomato,Bike,8,3241.77,8.9,0,Summer,Flooding,0.2,0.2,0.4,0.091,1072.6,0.275,0,1,0.303,28.337993,76.783037,0.123,26.6,39.4,268,4,0.481,0.052,1,0,0,0.1667,0.0333,69.01,4,600,65,MANUAL_REVIEW,1
C006389,W01094,EVT0423,24,Saket,Swiggy,EV Scooter,43,4389.51,10.2,1,Winter,Heavy Rainfall,0.14,0.05,0.19,0.338,1231.4,0.043,1,0,0.2548,28.861258,77.503968,0.042,37.2,25.9,187,2,0.869,0.162,1,1,0,0.8958,0.1792,47.0,6,900,66,MANUAL_REVIEW,1
C006392,W01037,EVT0278,35,West Delhi,Blinkit,Bike,30,3480.68,8.4,0,Summer,Social Disruption,0.25,0.2,0.45,0.251,1426.9,0.079,0,1,0.2943,28.985205,76.732067,0.27,15.3,30.9,201,2,0.771,0.207,0,0,0,0.625,0.125,64.93,3,450,62,MANUAL_REVIEW,1
C006398,W00701,EVT0328,20,Noida,Blinkit,Bike,34,4800.32,7.0,0,Post-Monsoon,Extreme Heat,0.28,0.1,0.38,0.46,1986.6,0.098,1,0,0.1958,28.711253,77.174753,0.198,4.3,42.5,163,4,0.506,0.043,1,0,0,0.7083,0.1417,58.44,3,450,64,MANUAL_REVIEW,1
C006400,W01930,EVT0019,26,Saket,Zomato,Bike,10,2728.52,8.3,1,Summer,Social Disruption,0.14,0.2,0.34,0.126,816.5,0.199,1,1,0.2478,28.234906,77.290719,0.424,28.5,38.8,171,5,0.737,0.037,1,1,1,0.2083,0.0417,59.57,4,600,71,AUTO_REJECT,1
C006419,W00191,EVT0202,34,Connaught Place,Zomato,Bike,46,3980.29,9.1,0,Winter,Social Disruption,0.15,0.05,0.2,0.26,597.7,0.052,1,1,0.3195,28.100225,77.408998,0.223,7.1,36.0,153,6,0.362,0.056,0,1,0,0.9583,0.1917,46.5,3,450,64,MANUAL_REVIEW,1
C006421,W00404,EVT0354,33,Connaught Place,Zepto,Bicycle,47,2299.41,9.5,0,Winter,Severe Pollution,0.15,0.05,0.2,0.078,1110.9,0.126,1,1,0.1772,28.07196,76.985184,0.359,16.7,41.5,334,4,0.816,0.221,1,1,0,0.9792,0.1958,43.03,3,450,73,AUTO_REJECT,1
C006432,W01152,EVT0367,20,Lajpat Nagar,Swiggy,Bicycle,42,4322.81,8.7,0,Summer,Heavy Rainfall,0.12,0.2,0.32,0.53,314.8,0.252,0,0,0.59,28.492608,77.402568,0.314,11.9,28.4,73,6,0.573,0.267,0,0,0,0.875,0.175,55.72,6,900,51,MANUAL_REVIEW,1
C006435,W01491,EVT0260,29,Rohini,Zomato,Bike,17,3286.95,10.6,1,Summer,Heavy Rainfall,0.18,0.2,0.38,0.455,1831.1,0.182,1,1,0.2255,28.543211,77.096437,0.402,3.2,26.7,121,2,0.486,0.136,1,0,0,0.3542,0.0708,64.87,4,600,49,MANUAL_REVIEW,1
C006440,W01447,EVT0435,42,Saket,BigBasket,Bike,18,3633.89,8.5,0,Post-Monsoon,Flooding,0.14,0.1,0.24,0.12,580.1,0.17,1,1,0.278,28.310589,76.637715,0.134,13.2,31.1,368,4,0.384,0.19,0,0,0,0.375,0.075,56.17,4,600,74,AUTO_REJECT,1
C006441,W01454,EVT0191,41,East Delhi,Swiggy,Bike,40,3491.19,6.7,1,Monsoon,Extreme Heat,0.35,0.3,0.65,0.037,288.2,0.131,0,1,0.3847,28.049543,76.628442,0.526,1.6,32.3,162,5,0.54,0.078,1,1,0,0.8333,0.1667,67.57,4,600,62,MANUAL_REVIEW,1
C006444,W00735,EVT0379,27,Faridabad,Swiggy,Bicycle,9,4097.19,7.3,0,Monsoon,Heavy Rainfall,0.32,0.3,0.62,0.158,726.7,0.062,1,1,0.2604,28.371083,77.280198,0.331,33.6,28.1,94,0,0.674,0.107,1,1,0,0.1875,0.0375,82.95,4,600,63,MANUAL_REVIEW,1
C006449,W00941,EVT0180,26,Connaught Place,Zomato,Bike,40,4669.41,10.3,0,Post-Monsoon,Extreme Heat,0.15,0.1,0.25,0.54,1197.9,0.197,1,1,0.356,28.602606,77.453797,0.497,3.6,37.2,118,6,0.804,0.049,1,0,0,0.8333,0.1667,50.33,4,600,54,MANUAL_REVIEW,1
C006451,W00142,EVT0291,37,South Delhi,BigBasket,Bike,5,3190.55,11.4,0,Monsoon,Extreme Heat,0.1,0.3,0.4,0.439,1759.0,0.194,1,0,0.2312,28.98727,76.989085,0.299,1.0,28.5,101,5,0.641,0.053,1,0,0,0.1042,0.0208,70.77,1,150,60,MANUAL_REVIEW,1
C006452,W01352,EVT0428,26,Connaught Place,Instamart,Bicycle,35,5134.68,11.9,0,Summer,Flooding,0.15,0.2,0.35,0.218,1561.2,0.045,1,0,0.1575,28.678822,77.12647,0.137,15.2,26.0,369,4,0.834,0.08,1,0,0,0.7292,0.1458,53.3,4,600,76,AUTO_REJECT,1
C006454,W00845,EVT0237,36,North Delhi,Blinkit,Bike,17,3233.59,7.3,0,Winter,Flooding,0.2,0.05,0.25,0.137,1918.6,0.029,1,0,0.0699,28.080605,76.717392,0.512,0.5,35.6,83,4,0.798,0.203,0,0,0,0.3542,0.0708,57.39,3,450,71,AUTO_REJECT,1
C006456,W01837,EVT0258,29,East Delhi,Zepto,Bike,9,4397.91,9.2,1,Winter,Heavy Rainfall,0.35,0.05,0.4,0.3,444.5,0.006,1,1,0.3539,28.149867,77.539388,0.214,35.2,37.9,161,4,0.399,0.244,0,0,1,0.1875,0.0375,63.57,3,450,66,MANUAL_REVIEW,1
C006460,W00144,EVT0363,32,Faridabad,Zomato,Bike,20,3787.52,12.3,0,Post-Monsoon,Flooding,0.32,0.1,0.42,0.396,1846.3,0.058,1,0,0.1873,28.888748,77.508971,0.199,7.9,37.7,317,5,0.373,0.315,1,0,0,0.4167,0.0833,60.0,3,450,65,MANUAL_REVIEW,1
C006466,W01360,EVT0387,41,North Delhi,Zepto,Bicycle,13,2563.61,8.7,0,Winter,Flooding,0.2,0.05,0.25,0.312,317.6,0.092,1,0,0.3864,28.644247,76.689435,0.391,20.4,31.9,111,5,0.707,0.239,1,1,0,0.2708,0.0542,58.7,1,150,61,MANUAL_REVIEW,1
C006481,W01357,EVT0386,37,East Delhi,Instamart,Bike,25,4780.9,9.7,0,Post-Monsoon,Heavy Rainfall,0.35,0.1,0.45,0.137,1403.6,0.142,1,0,0.1585,28.455356,77.332916,0.126,32.3,36.0,53,8,0.728,0.119,1,1,0,0.5208,0.1042,62.72,6,900,83,AUTO_REJECT,1
C006483,W00921,EVT0164,42,Lajpat Nagar,Blinkit,Bike,29,3723.85,9.1,1,Post-Monsoon,Heavy Rainfall,0.12,0.1,0.22,0.367,573.1,0.143,1,0,0.3751,28.531158,77.226091,0.558,6.4,34.9,80,4,0.602,0.109,1,0,1,0.6042,0.1208,53.02,3,450,54,MANUAL_REVIEW,1
C006487,W01154,EVT0020,43,South Delhi,Blinkit,EV Scooter,38,2232.86,8.2,0,Post-Monsoon,Severe Pollution,0.1,0.1,0.2,0.309,701.0,0.095,1,1,0.328,28.865711,76.613741,0.365,14.7,30.3,212,5,0.627,0.288,0,0,0,0.7917,0.1583,51.78,6,900,65,MANUAL_REVIEW,1
C006489,W00287,EVT0014,20,West Delhi,BigBasket,Bike,44,3795.56,8.5,0,Post-Monsoon,Extreme Heat,0.25,0.1,0.35,0.375,1090.7,0.108,1,1,0.2972,28.747701,77.555969,0.45,2.8,32.5,276,4,0.749,0.083,1,0,0,0.9167,0.1833,54.07,5,750,62,MANUAL_REVIEW,1
C006495,W00700,EVT0159,22,Gurgaon,Zepto,Bike,43,4115.57,9.7,0,Monsoon,Flooding,0.3,0.3,0.6,0.472,739.9,0.244,1,1,0.4022,28.335734,76.797255,0.067,2.0,25.9,253,8,0.735,0.09,0,0,0,0.8958,0.1792,64.13,1,150,73,AUTO_REJECT,1
C006499,W01490,EVT0214,41,Rohini,Zomato,Bike,31,3940.32,12.2,0,Post-Monsoon,Social Disruption,0.18,0.1,0.28,0.361,746.3,0.17,1,1,0.3495,28.448791,76.707944,0.354,20.6,36.0,308,6,0.657,0.123,1,0,0,0.6458,0.1292,52.66,2,300,62,MANUAL_REVIEW,1
C006505,W00687,EVT0080,40,Dwarka,Zomato,Bike,41,3501.55,9.7,0,Winter,Heavy Rainfall,0.22,0.05,0.27,0.404,1889.4,0.068,1,1,0.185,28.789334,77.051063,0.262,17.4,34.5,100,4,0.584,0.226,1,0,0,0.8542,0.1708,53.44,4,600,61,MANUAL_REVIEW,1
C006507,W01188,EVT0281,39,North Delhi,BigBasket,Bike,14,4351.86,10.7,0,Summer,Extreme Heat,0.2,0.2,0.4,0.073,670.6,0.202,1,0,0.2488,28.99929,77.55731,0.002,3.8,30.7,168,5,0.554,0.225,1,0,0,0.2917,0.0583,65.26,4,600,80,AUTO_REJECT,1
C006511,W00095,EVT0387,34,Saket,Instamart,EV Scooter,41,1823.71,8.8,0,Monsoon,Social Disruption,0.14,0.3,0.44,0.051,858.2,0.268,1,0,0.2185,28.584536,77.468367,0.045,1.3,33.9,364,4,0.796,0.014,1,0,0,0.8542,0.1708,59.37,1,150,79,AUTO_REJECT,1
C006513,W00666,EVT0444,44,Connaught Place,Zepto,Bicycle,32,3888.64,8.4,0,Monsoon,Flooding,0.15,0.3,0.45,0.338,1972.5,0.154,1,0,0.1547,28.676383,77.472319,0.299,9.2,30.9,58,5,0.586,0.081,1,0,0,0.6667,0.1333,57.56,3,450,63,MANUAL_REVIEW,1
C006528,W00370,EVT0260,42,Gurgaon,Zomato,Bicycle,35,2925.45,10.5,0,Winter,Severe Pollution,0.3,0.05,0.35,0.178,658.3,0.058,1,0,0.2783,28.963131,77.407962,0.229,18.1,38.7,298,1,0.483,0.184,0,1,0,0.7292,0.1458,56.63,3,450,63,MANUAL_REVIEW,1
C006533,W00412,EVT0412,36,Saket,Zomato,Bike,5,3394.08,8.0,0,Winter,Flooding,0.14,0.05,0.19,0.495,1968.0,0.058,1,1,0.2086,28.438476,77.0041,0.131,19.5,33.2,353,5,0.394,0.082,0,0,0,0.1042,0.0208,53.95,2,300,66,MANUAL_REVIEW,1
C006534,W01396,EVT0341,35,Dwarka,Zepto,Bike,3,4054.93,11.9,1,Monsoon,Social Disruption,0.22,0.3,0.52,0.462,703.7,0.217,1,1,0.4009,28.963119,76.651014,0.341,1.3,38.1,355,7,0.83,0.024,1,1,1,0.0625,0.0125,72.66,2,300,63,MANUAL_REVIEW,1
C006540,W00708,EVT0492,26,Saket,BigBasket,Bicycle,18,2925.88,10.3,0,Monsoon,Heavy Rainfall,0.14,0.3,0.44,0.013,1082.3,0.138,1,0,0.1567,28.558467,76.713341,0.511,29.6,33.0,233,4,0.844,0.331,0,1,0,0.375,0.075,65.66,3,450,72,AUTO_REJECT,1
C006543,W01896,EVT0402,31,Gurgaon,BigBasket,Bike,13,2700.5,4.5,0,Summer,Heavy Rainfall,0.3,0.2,0.5,0.209,813.7,0.139,1,1,0.2754,28.900186,77.437897,0.401,4.9,36.8,121,3,0.542,0.229,0,0,0,0.2708,0.0542,64.14,3,450,58,MANUAL_REVIEW,1
C006544,W01925,EVT0484,38,West Delhi,Instamart,EV Scooter,37,3533.01,9.3,0,Post-Monsoon,Heavy Rainfall,0.25,0.1,0.35,0.151,1446.9,0.247,1,0,0.1681,28.02037,77.037137,0.524,8.9,34.0,74,5,0.709,0.279,1,1,0,0.7708,0.1542,56.46,1,150,66,MANUAL_REVIEW,1
C006547,W01124,EVT0074,44,East Delhi,Instamart,Bicycle,3,3854.41,9.8,1,Monsoon,Extreme Heat,0.35,0.3,0.65,0.326,1559.1,0.199,1,0,0.2164,28.2153,77.401192,0.307,0.9,37.6,253,4,0.362,0.349,1,1,1,0.0625,0.0125,79.84,2,300,62,MANUAL_REVIEW,1
C006554,W00405,EVT0484,22,Faridabad,Swiggy,Bike,4,2903.11,12.1,0,Summer,Flooding,0.32,0.2,0.52,0.17,1144.6,0.163,1,1,0.2126,28.073799,76.609539,0.21,14.9,37.1,271,4,0.698,0.113,1,0,0,0.0833,0.0167,72.33,3,450,71,AUTO_REJECT,1
C006568,W00985,EVT0185,41,Faridabad,Instamart,Bike,19,2416.27,8.6,0,Post-Monsoon,Severe Pollution,0.32,0.1,0.42,0.179,1835.1,0.248,1,1,0.1211,28.067542,76.922764,0.115,20.2,29.5,84,5,0.787,0.071,1,0,0,0.3958,0.0792,64.94,2,300,81,AUTO_REJECT,1
C006569,W01096,EVT0397,27,Gurgaon,Instamart,Bike,27,3753.6,11.1,0,Winter,Social Disruption,0.3,0.05,0.35,0.251,1238.0,0.127,0,0,0.3274,28.266664,76.98982,0.496,12.9,39.3,332,2,0.615,0.174,0,1,0,0.5625,0.1125,57.58,6,900,47,MANUAL_REVIEW,1
C006573,W01768,EVT0419,26,North Delhi,Blinkit,Bike,15,2880.29,7.1,1,Winter,Social Disruption,0.2,0.05,0.25,0.208,1668.8,0.109,0,0,0.2438,28.878127,77.368492,0.001,8.4,31.1,171,5,0.802,0.217,1,1,1,0.3125,0.0625,56.42,2,300,82,AUTO_REJECT,1
C006578,W00449,EVT0087,24,Gurgaon,Instamart,Bike,36,3118.93,7.7,1,Post-Monsoon,Social Disruption,0.3,0.1,0.4,0.125,1678.5,0.039,0,1,0.2021,28.706384,77.032566,0.069,10.2,33.1,107,1,0.774,0.069,0,0,1,0.75,0.15,59.38,4,600,62,MANUAL_REVIEW,1
C006582,W01332,EVT0038,27,Gurgaon,Zomato,Bike,15,2541.76,7.5,0,Summer,Extreme Heat,0.3,0.2,0.5,0.534,861.1,0.154,0,0,0.4998,28.57324,77.46129,0.482,2.8,32.1,134,0,0.853,0.282,1,0,0,0.3125,0.0625,67.68,3,450,42,MANUAL_REVIEW,1
C006583,W01949,EVT0160,28,Connaught Place,Zepto,Bicycle,6,4108.29,8.5,0,Winter,Social Disruption,0.15,0.05,0.2,0.07,561.9,0.186,0,1,0.3623,28.257481,77.48727,0.437,21.4,29.0,290,8,0.472,0.083,1,0,0,0.125,0.025,60.71,4,600,64,MANUAL_REVIEW,1
C006584,W00948,EVT0476,38,Noida,Instamart,Bike,13,5045.21,7.6,1,Monsoon,Heavy Rainfall,0.28,0.3,0.58,0.054,1365.3,0.056,1,1,0.1224,28.340173,77.431718,0.19,37.0,37.3,164,4,0.85,0.143,0,0,0,0.2708,0.0542,75.1,4,600,81,AUTO_REJECT,1
C006586,W00422,EVT0215,23,Connaught Place,Zomato,Bike,39,2754.66,9.8,0,Monsoon,Flooding,0.15,0.3,0.45,0.191,875.2,0.249,1,0,0.27,28.691005,76.990873,0.322,15.3,37.0,167,3,0.494,0.127,1,1,0,0.8125,0.1625,59.73,3,450,66,MANUAL_REVIEW,1
C006589,W00510,EVT0243,22,Connaught Place,Blinkit,Bike,35,3413.91,7.7,0,Summer,Heavy Rainfall,0.15,0.2,0.35,0.538,401.9,0.11,0,0,0.5659,28.658299,76.977069,0.236,36.2,37.2,173,5,0.82,0.067,1,1,0,0.7292,0.1458,58.14,1,150,57,MANUAL_REVIEW,1
C006593,W01256,EVT0085,44,Dwarka,Blinkit,Bike,11,4252.16,8.8,0,Summer,Flooding,0.22,0.2,0.42,0.451,1936.8,0.072,0,1,0.2971,28.030247,76.878278,0.12,4.7,30.3,118,4,0.492,0.242,0,1,0,0.2292,0.0458,67.26,4,600,54,MANUAL_REVIEW,1
C006601,W00292,EVT0001,21,Saket,Blinkit,EV Scooter,9,3002.26,8.9,0,Monsoon,Social Disruption,0.14,0.3,0.44,0.041,1750.7,0.074,1,0,0.0612,28.825182,76.651451,0.35,0.3,32.1,265,1,0.79,0.297,1,1,0,0.1875,0.0375,70.9,4,600,67,MANUAL_REVIEW,1
C006607,W01875,EVT0240,34,East Delhi,Instamart,Bicycle,22,4301.19,9.2,1,Winter,Severe Pollution,0.35,0.05,0.4,0.05,1477.9,0.109,1,1,0.1092,28.508303,76.889266,0.091,0.5,36.5,111,3,0.476,0.253,1,0,0,0.4583,0.0917,60.07,3,450,69,MANUAL_REVIEW,1
C006613,W01695,EVT0061,36,Saket,Zomato,Bike,47,3342.67,9.7,0,Winter,Social Disruption,0.14,0.05,0.19,0.429,1497.1,0.192,0,1,0.3662,28.272328,77.369021,0.179,17.0,31.0,333,3,0.809,0.008,0,0,0,0.9792,0.1958,45.06,5,750,58,MANUAL_REVIEW,1
C006616,W01132,EVT0148,44,Dwarka,Blinkit,Bike,29,2303.13,7.8,0,Monsoon,Social Disruption,0.22,0.3,0.52,0.016,704.1,0.142,1,0,0.215,28.957985,77.083318,0.423,28.9,33.0,316,5,0.708,0.025,0,0,0,0.6042,0.1208,65.58,4,600,74,AUTO_REJECT,1
C006621,W00385,EVT0478,34,Noida,BigBasket,Bike,3,3783.09,9.0,0,Winter,Severe Pollution,0.28,0.05,0.33,0.072,637.8,0.033,0,0,0.3364,28.825042,77.427633,0.186,9.0,39.3,196,5,0.771,0.193,0,0,0,0.0625,0.0125,62.36,2,300,77,AUTO_REJECT,1
C006625,W01444,EVT0212,39,Saket,Zomato,Bike,29,4374.95,9.0,0,Summer,Heavy Rainfall,0.14,0.2,0.34,0.323,784.4,0.026,0,1,0.4141,28.165472,76.644811,0.042,30.4,37.3,220,4,0.494,0.05,1,0,0,0.6042,0.1208,56.7,2,300,55,MANUAL_REVIEW,1
C006628,W00804,EVT0187,20,East Delhi,Instamart,Bike,21,4695.09,9.6,0,Monsoon,Severe Pollution,0.35,0.3,0.65,0.43,1930.4,0.212,1,0,0.2036,28.978964,77.007376,0.108,1.9,40.2,352,6,0.727,0.282,1,1,0,0.4375,0.0875,73.89,2,300,68,MANUAL_REVIEW,1
C006634,W01666,EVT0153,20,Noida,BigBasket,Bike,37,2910.7,9.6,0,Winter,Extreme Heat,0.28,0.05,0.33,0.535,1004.6,0.051,1,0,0.3684,28.111686,77.145279,0.132,0.1,28.0,253,5,0.646,0.018,0,0,0,0.7708,0.1542,53.32,3,450,60,MANUAL_REVIEW,1
C006637,W00341,EVT0143,36,Noida,BigBasket,Bike,12,3094.11,10.2,0,Post-Monsoon,Heavy Rainfall,0.28,0.1,0.38,0.461,1729.0,0.271,0,0,0.3521,28.645674,77.590985,0.198,18.2,30.8,169,3,0.672,0.264,0,0,0,0.25,0.05,65.29,6,900,60,MANUAL_REVIEW,1
C006642,W00706,EVT0019,40,Gurgaon,Zomato,Bicycle,11,3623.01,9.7,0,Summer,Social Disruption,0.3,0.2,0.5,0.17,1342.3,0.15,1,0,0.1817,28.990367,77.59666,0.351,28.1,35.7,185,4,0.668,0.317,1,1,0,0.2292,0.0458,66.94,5,750,69,MANUAL_REVIEW,1
C006651,W00887,EVT0348,26,Dwarka,Zepto,Bike,39,3595.99,6.6,0,Winter,Heavy Rainfall,0.22,0.05,0.27,0.214,866.3,0.163,1,0,0.272,28.435757,77.20417,0.258,35.6,32.7,124,2,0.651,0.296,1,1,0,0.8125,0.1625,46.28,6,900,67,MANUAL_REVIEW,1
C006655,W00110,EVT0383,34,South Delhi,Instamart,Bike,13,2487.84,8.4,0,Summer,Flooding,0.1,0.2,0.3,0.544,1924.7,0.125,0,0,0.3414,28.857449,76.819788,0.438,4.9,25.4,138,2,0.424,0.05,1,0,0,0.2708,0.0542,59.39,3,450,39,MANUAL_REVIEW,1
C006659,W00783,EVT0130,29,South Delhi,Instamart,EV Scooter,4,3219.62,10.5,0,Summer,Heavy Rainfall,0.1,0.2,0.3,0.543,888.7,0.248,0,0,0.5087,28.336143,76.728082,0.097,16.3,34.4,150,6,0.396,0.142,0,1,0,0.0833,0.0167,64.0,2,300,53,MANUAL_REVIEW,1
C006660,W01369,EVT0375,44,Connaught Place,Instamart,Bicycle,31,3853.75,11.7,0,Summer,Severe Pollution,0.15,0.2,0.35,0.016,450.6,0.032,1,1,0.242,28.29618,77.536165,0.473,19.2,39.3,194,7,0.615,0.296,1,1,0,0.6458,0.1292,55.27,6,900,76,AUTO_REJECT,1
C006661,W00271,EVT0203,41,Connaught Place,Zepto,Bike,28,3686.75,10.0,1,Post-Monsoon,Extreme Heat,0.15,0.1,0.25,0.221,926.2,0.234,0,0,0.3729,28.041668,76.679717,0.121,1.1,38.0,190,5,0.45,0.324,0,1,1,0.5833,0.1167,56.95,6,900,64,MANUAL_REVIEW,1
C006663,W01699,EVT0336,28,North Delhi,BigBasket,Bike,13,2362.27,8.0,0,Winter,Heavy Rainfall,0.2,0.05,0.25,0.039,1949.7,0.269,1,0,0.05,28.738115,77.008957,0.027,24.1,34.7,50,4,0.652,0.255,1,0,0,0.2708,0.0542,55.31,2,300,78,AUTO_REJECT,1
C006668,W00141,EVT0205,34,East Delhi,Blinkit,Bicycle,9,4078.95,8.9,0,Summer,Flooding,0.35,0.2,0.55,0.381,1444.1,0.064,1,1,0.2422,28.116842,77.531622,0.178,16.6,41.0,190,1,0.388,0.343,0,0,0,0.1875,0.0375,74.38,4,600,53,MANUAL_REVIEW,1
C006670,W00281,EVT0042,28,Faridabad,Zepto,Bike,27,3415.22,10.7,0,Monsoon,Flooding,0.32,0.3,0.62,0.35,1705.8,0.056,1,1,0.1897,28.080305,76.608297,0.402,14.2,25.6,251,6,0.386,0.277,1,0,0,0.5625,0.1125,66.33,2,300,65,MANUAL_REVIEW,1
C006672,W00840,EVT0088,32,Connaught Place,Swiggy,EV Scooter,18,3866.71,9.3,1,Winter,Social Disruption,0.15,0.05,0.2,0.529,1918.5,0.175,1,0,0.2413,28.214414,76.810864,0.143,9.2,28.7,173,2,0.649,0.066,1,0,0,0.375,0.075,56.27,2,300,58,MANUAL_REVIEW,1
C006673,W01563,EVT0237,38,Lajpat Nagar,Blinkit,EV Scooter,24,3222.92,9.6,0,Summer,Extreme Heat,0.12,0.2,0.32,0.011,770.7,0.216,1,1,0.2104,28.686617,77.036988,0.548,0.3,37.3,217,4,0.429,0.307,1,1,0,0.5,0.1,56.79,4,600,65,MANUAL_REVIEW,1
C006694,W01960,EVT0041,44,Connaught Place,Zepto,Bike,19,4418.92,9.5,0,Summer,Social Disruption,0.15,0.2,0.35,0.44,1439.9,0.097,1,1,0.2697,28.57706,77.355824,0.386,21.7,40.2,72,4,0.725,0.325,1,1,0,0.3958,0.0792,58.3,6,900,60,MANUAL_REVIEW,1
C006695,W00538,EVT0385,40,South Delhi,Swiggy,Bike,27,4360.14,9.1,0,Monsoon,Social Disruption,0.1,0.3,0.4,0.091,1883.5,0.167,1,1,0.0706,28.014794,77.58029,0.457,24.8,33.1,57,4,0.768,0.084,1,0,0,0.5625,0.1125,63.75,5,750,68,MANUAL_REVIEW,1
C006697,W00547,EVT0211,39,Dwarka,Zomato,Bicycle,33,3882.89,8.2,1,Summer,Severe Pollution,0.22,0.2,0.42,0.007,1201.4,0.238,1,1,0.1464,28.130721,77.466531,0.019,4.8,26.9,248,2,0.734,0.332,1,0,1,0.6875,0.1375,59.86,3,450,75,AUTO_REJECT,1
C006698,W00667,EVT0402,35,Rohini,BigBasket,Bike,6,2984.98,9.7,0,Winter,Social Disruption,0.18,0.05,0.23,0.042,1357.1,0.107,1,1,0.1239,28.427637,77.05331,0.49,27.3,36.3,206,4,0.613,0.056,1,0,0,0.125,0.025,56.75,2,300,69,MANUAL_REVIEW,1
C006710,W01059,EVT0373,33,North Delhi,Swiggy,Bike,20,3487.51,5.1,0,Winter,Social Disruption,0.2,0.05,0.25,0.382,1061.8,0.187,1,1,0.3122,28.042324,77.31335,0.404,7.1,26.3,256,4,0.689,0.043,0,1,0,0.4167,0.0833,57.57,2,300,67,MANUAL_REVIEW,1
C006715,W01718,EVT0254,44,Gurgaon,Blinkit,Bike,14,3846.69,8.0,0,Monsoon,Heavy Rainfall,0.3,0.3,0.6,0.429,1748.7,0.085,1,0,0.2178,28.585249,77.101478,0.32,38.7,31.2,139,4,0.778,0.278,0,0,0,0.2917,0.0583,75.55,4,600,59,MANUAL_REVIEW,1
C006716,W00298,EVT0199,44,Rohini,Swiggy,Bike,29,4542.16,9.3,0,Winter,Social Disruption,0.18,0.05,0.23,0.441,1206.4,0.015,0,0,0.3969,28.566636,77.4209,0.195,23.2,37.2,136,2,0.468,0.248,0,0,0,0.6042,0.1208,52.37,5,750,52,MANUAL_REVIEW,1
C006724,W01495,EVT0235,42,Rohini,Zomato,Bicycle,21,3311.87,10.0,0,Summer,Extreme Heat,0.18,0.2,0.38,0.297,1795.3,0.203,0,0,0.2698,28.782527,76.79546,0.455,3.8,32.2,235,4,0.484,0.189,1,0,0,0.4375,0.0875,65.83,2,300,54,MANUAL_REVIEW,1
C006731,W01132,EVT0323,44,Dwarka,Blinkit,Bike,29,2303.13,7.8,0,Winter,Heavy Rainfall,0.22,0.05,0.27,0.04,653.4,0.244,1,0,0.2424,28.261077,76.726253,0.463,19.9,25.5,134,6,0.513,0.163,1,1,0,0.6042,0.1208,55.11,3,450,69,MANUAL_REVIEW,1
C006747,W01510,EVT0026,25,Saket,BigBasket,Bicycle,2,3099.7,11.9,0,Monsoon,Social Disruption,0.14,0.3,0.44,0.522,487.1,0.084,0,1,0.5441,28.876167,77.127698,0.398,7.5,28.7,133,2,0.641,0.063,1,0,0,0.0417,0.0083,70.0,6,900,44,MANUAL_REVIEW,1
C006749,W00316,EVT0121,34,East Delhi,Zepto,Bicycle,18,4660.99,7.0,0,Winter,Extreme Heat,0.35,0.05,0.4,0.238,398.8,0.257,0,0,0.4611,28.753103,77.108352,0.224,2.6,34.2,137,3,0.888,0.307,0,0,0,0.375,0.075,64.01,1,150,60,MANUAL_REVIEW,1
C006750,W01747,EVT0170,23,West Delhi,BigBasket,Bike,6,3611.1,7.6,0,Summer,Heavy Rainfall,0.25,0.2,0.45,0.17,1614.7,0.156,1,1,0.1414,28.949094,76.663763,0.021,23.3,27.1,205,5,0.609,0.108,1,1,0,0.125,0.025,68.55,4,600,81,AUTO_REJECT,1
C006753,W01768,EVT0193,26,North Delhi,Blinkit,Bike,15,2880.29,7.1,1,Summer,Flooding,0.2,0.2,0.4,0.317,675.0,0.212,0,1,0.4467,28.335588,77.26925,0.1,6.9,31.7,201,6,0.861,0.276,1,1,0,0.3125,0.0625,67.26,1,150,70,MANUAL_REVIEW,1
C006755,W01211,EVT0145,30,Noida,Blinkit,Bike,8,4631.9,8.4,0,Winter,Heavy Rainfall,0.28,0.05,0.33,0.516,914.2,0.053,0,0,0.4746,28.400051,77.25308,0.424,3.9,29.6,202,1,0.829,0.092,1,0,0,0.1667,0.0333,60.56,3,450,47,MANUAL_REVIEW,1
C006763,W00640,EVT0217,29,Lajpat Nagar,Blinkit,Bike,10,4391.21,10.2,0,Post-Monsoon,Severe Pollution,0.12,0.1,0.22,0.478,1529.4,0.164,1,1,0.2782,28.994594,77.356034,0.396,22.5,25.3,265,2,0.796,0.117,1,0,0,0.2083,0.0417,61.49,1,150,52,MANUAL_REVIEW,1
C006769,W00013,EVT0423,32,West Delhi,BigBasket,Bike,13,3324.67,9.1,1,Winter,Heavy Rainfall,0.25,0.05,0.3,0.389,612.4,0.168,1,1,0.3805,28.527404,77.256629,0.497,39.2,32.3,134,3,0.864,0.021,0,0,1,0.2708,0.0542,61.5,4,600,57,MANUAL_REVIEW,1
C006770,W01606,EVT0071,25,Dwarka,Zepto,Bike,15,3865.04,8.5,1,Winter,Social Disruption,0.22,0.05,0.27,0.087,445.9,0.097,0,0,0.3776,28.389178,77.297383,0.083,7.3,31.6,278,7,0.353,0.197,1,1,1,0.3125,0.0625,58.69,6,900,73,AUTO_REJECT,1
C006780,W01746,EVT0312,27,Faridabad,Blinkit,Bike,13,2854.01,9.7,0,Summer,Severe Pollution,0.32,0.2,0.52,0.411,1014.8,0.156,1,0,0.3278,28.493311,76.76719,0.484,25.2,25.9,284,4,0.468,0.267,0,1,0,0.2708,0.0542,70.39,2,300,52,MANUAL_REVIEW,1
C006783,W01208,EVT0471,26,East Delhi,Instamart,Bike,36,4208.78,11.2,0,Monsoon,Social Disruption,0.35,0.3,0.65,0.357,962.5,0.061,1,0,0.3045,28.220678,77.252038,0.286,14.8,38.7,334,3,0.527,0.173,1,0,0,0.75,0.15,67.73,4,600,61,MANUAL_REVIEW,1
C006787,W00941,EVT0390,26,Connaught Place,Zomato,Bike,40,4669.41,10.3,0,Monsoon,Extreme Heat,0.15,0.3,0.45,0.206,1826.2,0.058,0,0,0.2143,28.311102,76.876465,0.503,4.7,39.3,239,7,0.899,0.136,1,1,0,0.8333,0.1667,54.07,2,300,68,MANUAL_REVIEW,1
C006800,W01127,EVT0461,38,Noida,BigBasket,EV Scooter,21,4189.08,7.8,0,Monsoon,Flooding,0.28,0.3,0.58,0.398,1314.2,0.194,1,0,0.2815,28.774019,77.360258,0.1,10.6,29.6,266,4,0.58,0.346,0,0,0,0.4375,0.0875,72.37,3,450,67,MANUAL_REVIEW,1
C006811,W00815,EVT0325,26,Saket,BigBasket,Bike,17,3321.66,10.9,0,Monsoon,Severe Pollution,0.14,0.3,0.44,0.214,1957.4,0.068,0,1,0.1988,28.779077,77.369341,0.547,13.5,35.7,171,2,0.533,0.249,1,0,0,0.3542,0.0708,66.86,4,600,52,MANUAL_REVIEW,1
C006812,W01482,EVT0384,31,South Delhi,Swiggy,Bike,12,3999.2,6.4,0,Summer,Extreme Heat,0.1,0.2,0.3,0.247,1692.5,0.106,1,1,0.1555,28.113618,76.618428,0.567,0.8,38.5,224,8,0.44,0.155,0,1,0,0.25,0.05,59.97,5,750,60,MANUAL_REVIEW,1
C006817,W00333,EVT0409,33,Dwarka,Zomato,Bicycle,45,4208.26,11.4,1,Monsoon,Heavy Rainfall,0.22,0.3,0.52,0.01,1131.2,0.204,1,1,0.1547,28.968242,77.00585,0.06,40.2,32.2,163,1,0.887,0.129,1,0,1,0.9375,0.1875,60.8,2,300,87,AUTO_REJECT,1
C006819,W01546,EVT0325,26,Gurgaon,Zomato,Bike,24,2943.01,6.0,0,Post-Monsoon,Extreme Heat,0.3,0.1,0.4,0.259,1697.1,0.127,1,0,0.1617,28.088342,76.718403,0.315,4.0,31.2,144,6,0.779,0.298,0,0,0,0.5,0.1,60.38,3,450,71,AUTO_REJECT,1
C006824,W01127,EVT0264,38,Noida,BigBasket,EV Scooter,21,4189.08,7.8,0,Winter,Heavy Rainfall,0.28,0.05,0.33,0.16,1818.1,0.167,1,1,0.108,28.203026,76.985503,0.345,22.0,26.7,104,5,0.585,0.304,0,0,0,0.4375,0.0875,60.73,1,150,65,MANUAL_REVIEW,1
C006829,W01163,EVT0267,36,West Delhi,Zepto,Bike,23,4445.64,7.4,0,Summer,Social Disruption,0.25,0.2,0.45,0.044,1186.7,0.227,1,1,0.1623,28.875986,77.102119,0.133,28.2,27.8,288,1,0.832,0.348,0,1,0,0.4792,0.0958,65.35,4,600,68,MANUAL_REVIEW,1
C006835,W01857,EVT0092,23,East Delhi,Blinkit,Bicycle,47,4424.16,7.9,0,Summer,Extreme Heat,0.35,0.2,0.55,0.522,1469.2,0.058,1,1,0.2942,28.813403,77.329639,0.172,4.8,30.7,129,4,0.679,0.169,0,0,0,0.9792,0.1958,62.63,3,450,66,MANUAL_REVIEW,1
C006837,W00651,EVT0250,37,Faridabad,Swiggy,EV Scooter,1,3159.09,12.9,0,Post-Monsoon,Heavy Rainfall,0.32,0.1,0.42,0.042,1257.4,0.042,1,0,0.1324,28.917541,77.241665,0.385,36.1,27.2,74,2,0.838,0.062,1,0,0,0.0208,0.0042,68.99,4,600,73,AUTO_REJECT,1
C006841,W01466,EVT0402,22,Noida,BigBasket,Bike,1,3390.82,10.0,0,Post-Monsoon,Flooding,0.28,0.1,0.38,0.37,1045.5,0.049,1,1,0.2961,28.221742,76.776355,0.422,9.8,35.7,132,4,0.89,0.284,1,0,0,0.0208,0.0042,67.23,3,450,64,MANUAL_REVIEW,1
C006842,W01429,EVT0442,33,Gurgaon,Zepto,EV Scooter,26,5271.31,8.8,0,Monsoon,Social Disruption,0.3,0.3,0.6,0.31,1387.8,0.272,1,0,0.243,28.294306,77.089409,0.028,10.2,27.1,81,3,0.426,0.108,1,0,0,0.5417,0.1083,70.63,3,450,71,AUTO_REJECT,1
C006844,W01806,EVT0444,43,North Delhi,Blinkit,Bike,40,5488.36,9.1,0,Monsoon,Severe Pollution,0.2,0.3,0.5,0.341,1697.1,0.233,1,0,0.2051,28.460655,76.642655,0.166,28.3,27.0,266,1,0.666,0.247,0,0,0,0.8333,0.1667,61.6,4,600,63,MANUAL_REVIEW,1
C006859,W01369,EVT0412,44,Connaught Place,Instamart,Bicycle,31,3853.75,11.7,0,Post-Monsoon,Extreme Heat,0.15,0.1,0.25,0.167,1137.3,0.111,0,0,0.3073,28.208759,77.458922,0.291,4.5,35.5,252,8,0.719,0.205,1,0,0,0.6458,0.1292,53.49,6,900,73,AUTO_REJECT,1
C006879,W00397,EVT0408,29,Faridabad,BigBasket,Bike,7,4199.89,8.9,0,Monsoon,Severe Pollution,0.32,0.3,0.62,0.534,1843.0,0.217,1,1,0.2589,28.515615,76.753359,0.018,15.9,40.9,50,5,0.446,0.34,0,0,0,0.1458,0.0292,75.05,3,450,64,MANUAL_REVIEW,1
C006880,W00729,EVT0358,23,Noida,Zepto,EV Scooter,43,4088.94,8.3,1,Summer,Extreme Heat,0.28,0.2,0.48,0.386,1189.9,0.078,1,1,0.2837,28.501833,77.279039,0.41,1.0,32.9,232,4,0.423,0.019,0,0,1,0.8958,0.1792,60.11,5,750,53,MANUAL_REVIEW,1
C006883,W00115,EVT0238,40,Lajpat Nagar,BigBasket,EV Scooter,32,4627.37,7.7,0,Post-Monsoon,Extreme Heat,0.12,0.1,0.22,0.012,354.9,0.008,0,1,0.3524,28.798795,76.623399,0.139,1.5,36.0,117,4,0.798,0.327,1,0,0,0.6667,0.1333,54.65,2,300,78,AUTO_REJECT,1
C006906,W00180,EVT0138,38,Saket,Swiggy,Bike,5,3836.82,10.6,1,Winter,Heavy Rainfall,0.14,0.05,0.19,0.025,1448.7,0.114,1,1,0.1041,28.879141,76.917297,0.474,1.8,27.7,139,7,0.615,0.268,0,1,0,0.1042,0.0208,60.59,4,600,77,AUTO_REJECT,1
C006908,W01135,EVT0216,34,South Delhi,Swiggy,Bike,2,3872.66,12.4,0,Post-Monsoon,Heavy Rainfall,0.1,0.1,0.2,0.439,297.1,0.132,0,0,0.5442,28.729603,76.676791,0.104,23.5,32.5,175,1,0.755,0.305,0,0,0,0.0417,0.0083,57.58,2,300,59,MANUAL_REVIEW,1
C006917,W00056,EVT0418,31,Rohini,Blinkit,Bike,10,2816.0,8.6,0,Summer,Social Disruption,0.18,0.2,0.38,0.18,1022.1,0.075,1,1,0.2262,28.675563,76.859286,0.343,2.8,27.7,272,3,0.357,0.13,1,0,0,0.2083,0.0417,65.43,2,300,57,MANUAL_REVIEW,1
C006921,W00274,EVT0183,21,South Delhi,BigBasket,EV Scooter,43,4634.51,10.0,0,Post-Monsoon,Extreme Heat,0.1,0.1,0.2,0.189,386.2,0.139,1,0,0.3316,28.729321,77.136602,0.108,3.8,32.5,185,4,0.634,0.167,1,1,0,0.8958,0.1792,50.53,6,900,71,AUTO_REJECT,1
C006924,W00808,EVT0223,43,South Delhi,Blinkit,Bicycle,35,3475.94,8.9,1,Monsoon,Extreme Heat,0.1,0.3,0.4,0.209,1331.4,0.26,0,1,0.3099,28.206479,77.469926,0.208,0.7,31.1,179,6,0.795,0.309,1,0,1,0.7292,0.1458,58.06,2,300,71,AUTO_REJECT,1
C006926,W01868,EVT0492,34,South Delhi,Blinkit,Bike,34,3103.11,9.8,0,Winter,Social Disruption,0.1,0.05,0.15,0.19,1213.5,0.032,1,0,0.1972,28.854134,77.503724,0.09,27.7,29.3,169,2,0.531,0.135,0,0,0,0.7083,0.1417,48.06,4,600,65,MANUAL_REVIEW,1
C006928,W01831,EVT0085,22,West Delhi,Swiggy,Bike,20,4037.26,9.3,0,Winter,Extreme Heat,0.25,0.05,0.3,0.074,1075.5,0.111,1,1,0.1794,28.605561,77.446874,0.549,3.4,31.2,84,4,0.453,0.069,1,0,0,0.4167,0.0833,61.46,4,600,70,MANUAL_REVIEW,1
C006937,W01011,EVT0400,29,Dwarka,Zepto,Bike,8,4734.45,8.3,0,Post-Monsoon,Social Disruption,0.22,0.1,0.32,0.001,329.6,0.01,1,1,0.252,28.451088,76.984953,0.262,2.5,35.4,58,3,0.684,0.135,1,1,0,0.1667,0.0333,62.71,4,600,79,AUTO_REJECT,1
C006940,W00345,EVT0045,37,Noida,Swiggy,Bike,7,3781.32,10.6,0,Summer,Heavy Rainfall,0.28,0.2,0.48,0.495,1890.5,0.161,1,0,0.2305,28.533152,76.674492,0.172,3.1,36.6,54,4,0.645,0.071,1,0,0,0.1458,0.0292,74.5,4,600,63,MANUAL_REVIEW,1
C006946,W00400,EVT0256,31,South Delhi,Blinkit,Bike,21,3431.99,9.7,1,Post-Monsoon,Severe Pollution,0.1,0.1,0.2,0.485,1412.0,0.122,1,0,0.2944,28.787085,76.779722,0.404,18.7,32.0,265,1,0.649,0.304,0,0,1,0.4375,0.0875,59.18,1,150,51,MANUAL_REVIEW,1
C006948,W01608,EVT0109,27,Rohini,Blinkit,Bicycle,25,3376.06,7.1,0,Monsoon,Social Disruption,0.18,0.3,0.48,0.135,1124.2,0.127,1,0,0.1981,28.992361,77.375074,0.4,5.1,38.8,354,4,0.867,0.277,1,0,0,0.5208,0.1042,64.64,4,600,69,MANUAL_REVIEW,1
C006949,W01761,EVT0006,20,Gurgaon,Zomato,Bicycle,32,6025.16,7.4,1,Monsoon,Flooding,0.3,0.3,0.6,0.158,1259.3,0.192,1,1,0.1935,28.04329,77.122607,0.252,11.1,28.3,59,4,0.813,0.33,0,1,1,0.6667,0.1333,68.93,3,450,70,MANUAL_REVIEW,1
C006951,W01851,EVT0271,34,Lajpat Nagar,Swiggy,EV Scooter,23,3580.24,8.4,0,Post-Monsoon,Flooding,0.12,0.1,0.22,0.174,1089.8,0.074,1,0,0.2135,28.348491,77.031172,0.412,28.6,25.6,116,4,0.691,0.216,0,0,0,0.4792,0.0958,55.5,1,150,67,MANUAL_REVIEW,1
C006952,W00778,EVT0420,23,Rohini,Instamart,Bike,19,3082.55,11.1,0,Monsoon,Severe Pollution,0.18,0.3,0.48,0.479,437.7,0.127,0,0,0.5386,28.643684,76.794434,0.565,13.6,25.8,166,4,0.434,0.229,1,0,0,0.3958,0.0792,63.34,5,750,46,MANUAL_REVIEW,1
C006954,W00480,EVT0392,42,North Delhi,Instamart,Bike,26,4001.23,8.7,0,Summer,Severe Pollution,0.2,0.2,0.4,0.076,1652.2,0.205,0,0,0.2031,28.258393,76.889224,0.035,3.0,33.9,124,6,0.886,0.181,0,0,0,0.5417,0.1083,60.17,2,300,79,AUTO_REJECT,1
C006956,W00341,EVT0344,36,Noida,BigBasket,Bike,12,3094.11,10.2,0,Monsoon,Flooding,0.28,0.3,0.58,0.075,1780.9,0.041,1,1,0.067,28.151926,76.619491,0.158,19.8,26.0,78,4,0.457,0.251,0,0,0,0.25,0.05,71.7,1,150,75,AUTO_REJECT,1
C006959,W00964,EVT0222,36,South Delhi,Zepto,Bike,32,3593.05,8.3,0,Post-Monsoon,Severe Pollution,0.1,0.1,0.2,0.008,317.4,0.217,1,1,0.2773,28.544026,76.978598,0.443,15.4,30.8,293,4,0.75,0.149,1,0,0,0.6667,0.1333,47.9,1,150,71,AUTO_REJECT,1
C006961,W01353,EVT0428,27,South Delhi,BigBasket,Bicycle,18,3082.04,4.7,0,Post-Monsoon,Severe Pollution,0.1,0.1,0.2,0.053,1185.2,0.207,0,0,0.2641,28.833878,77.561809,0.066,23.0,28.0,66,5,0.687,0.123,0,0,0,0.375,0.075,55.29,3,450,72,AUTO_REJECT,1
C006965,W00823,EVT0294,33,East Delhi,Swiggy,EV Scooter,29,3119.11,8.1,1,Winter,Social Disruption,0.35,0.05,0.4,0.02,621.7,0.021,1,1,0.2168,28.37935,76.860486,0.016,22.5,39.9,246,2,0.606,0.219,1,0,1,0.6042,0.1208,59.45,2,300,74,AUTO_REJECT,1
C006968,W01844,EVT0287,38,Lajpat Nagar,Zepto,Bike,9,3698.84,11.4,1,Post-Monsoon,Extreme Heat,0.12,0.1,0.22,0.35,1476.9,0.253,1,1,0.2438,28.252452,77.06637,0.228,4.9,35.5,117,2,0.433,0.086,1,0,0,0.1875,0.0375,59.59,5,750,59,MANUAL_REVIEW,1
C006976,W01650,EVT0251,32,Noida,Blinkit,Bicycle,13,3784.06,9.9,1,Post-Monsoon,Extreme Heat,0.28,0.1,0.38,0.15,1817.0,0.186,1,0,0.1061,28.699444,77.300483,0.239,2.3,36.4,189,3,0.59,0.129,1,1,0,0.2708,0.0542,64.84,1,150,66,MANUAL_REVIEW,1
C006981,W01979,EVT0492,20,Rohini,BigBasket,Bike,32,3016.79,11.1,0,Summer,Extreme Heat,0.18,0.2,0.38,0.323,1432.5,0.209,1,0,0.2352,28.654882,76.719018,0.383,3.6,32.2,104,6,0.43,0.07,1,0,0,0.6667,0.1333,58.94,5,750,62,MANUAL_REVIEW,1
C006986,W01036,EVT0260,39,East Delhi,Zepto,Bike,3,3512.31,9.3,1,Post-Monsoon,Flooding,0.35,0.1,0.45,0.154,940.0,0.118,1,1,0.2324,28.656739,77.545153,0.565,10.1,27.7,269,8,0.892,0.21,1,0,1,0.0625,0.0125,72.07,3,450,73,AUTO_REJECT,1
C006994,W00837,EVT0238,40,North Delhi,Zepto,Bike,37,2620.75,9.8,1,Post-Monsoon,Severe Pollution,0.2,0.1,0.3,0.143,671.5,0.062,1,1,0.2627,28.098963,76.796215,0.487,7.7,28.1,254,10,0.8,0.29,0,0,1,0.7708,0.1542,55.19,6,900,77,AUTO_REJECT,1
C007000,W01217,EVT0071,26,Faridabad,Zomato,EV Scooter,8,4046.65,8.2,0,Winter,Extreme Heat,0.32,0.05,0.37,0.506,1219.9,0.094,1,1,0.3288,28.080318,77.330319,0.56,3.2,34.1,96,5,0.896,0.239,0,0,0,0.1667,0.0333,65.85,6,900,62,MANUAL_REVIEW,1
C007007,W00686,EVT0341,37,Saket,Zomato,Bike,43,4076.64,10.2,1,Post-Monsoon,Heavy Rainfall,0.14,0.1,0.24,0.193,1492.0,0.024,0,0,0.2558,28.636288,76.778841,0.254,41.5,29.9,107,1,0.614,0.317,1,1,1,0.8958,0.1792,51.06,2,300,58,MANUAL_REVIEW,1
C007014,W00329,EVT0147,42,South Delhi,Zepto,Bike,1,3855.87,8.4,0,Winter,Flooding,0.1,0.05,0.15,0.119,910.6,0.191,1,0,0.2301,28.596192,76.750649,0.564,27.6,27.4,122,5,0.8,0.12,0,0,0,0.0208,0.0042,56.01,4,600,69,MANUAL_REVIEW,1
C007018,W00341,EVT0386,36,Noida,BigBasket,Bike,12,3094.11,10.2,0,Post-Monsoon,Extreme Heat,0.28,0.1,0.38,0.131,1817.9,0.025,1,1,0.0822,28.975506,76.608667,0.496,4.6,34.3,172,5,0.635,0.03,1,0,0,0.25,0.05,65.82,4,600,66,MANUAL_REVIEW,1
C007037,W00150,EVT0147,24,Faridabad,BigBasket,Bicycle,41,2797.84,11.1,0,Post-Monsoon,Extreme Heat,0.32,0.1,0.42,0.143,994.3,0.209,0,1,0.329,28.783052,77.294332,0.428,3.1,30.3,116,6,0.788,0.232,0,0,0,0.8542,0.1708,59.21,3,450,68,MANUAL_REVIEW,1
C007038,W00560,EVT0167,36,Faridabad,Blinkit,Bike,7,4661.13,7.4,0,Monsoon,Severe Pollution,0.32,0.3,0.62,0.086,447.7,0.002,1,0,0.2674,28.540075,77.319073,0.312,8.5,38.8,57,6,0.741,0.167,0,0,0,0.1458,0.0292,75.5,4,600,79,AUTO_REJECT,1
C007043,W01027,EVT0458,28,Dwarka,Swiggy,Bike,12,3232.95,9.8,0,Monsoon,Extreme Heat,0.22,0.3,0.52,0.465,288.9,0.082,1,1,0.4509,28.754628,76.644139,0.47,0.5,42.3,230,2,0.379,0.157,0,0,0,0.25,0.05,70.03,4,600,47,MANUAL_REVIEW,1
C007052,W01068,EVT0404,25,Lajpat Nagar,Blinkit,Bike,22,3813.03,9.4,0,Monsoon,Heavy Rainfall,0.12,0.3,0.42,0.278,286.8,0.19,1,1,0.3872,28.609715,76.786843,0.389,41.8,27.8,152,6,0.487,0.065,1,0,0,0.4583,0.0917,62.74,1,150,63,MANUAL_REVIEW,1
C007054,W00705,EVT0028,34,Noida,Zomato,Bike,33,3716.71,9.8,0,Monsoon,Social Disruption,0.28,0.3,0.58,0.316,1804.6,0.017,0,1,0.2574,28.874414,77.238002,0.551,18.9,27.5,168,5,0.441,0.303,1,0,0,0.6875,0.1375,67.35,4,600,46,MANUAL_REVIEW,1
C007055,W01296,EVT0109,29,North Delhi,Zepto,Bike,24,3947.85,7.8,0,Summer,Social Disruption,0.2,0.2,0.4,0.076,1899.9,0.014,1,0,0.0468,28.453415,77.544865,0.182,28.0,25.3,155,3,0.58,0.18,1,0,0,0.5,0.1,60.86,6,900,73,AUTO_REJECT,1
C007057,W00226,EVT0050,27,Connaught Place,Swiggy,Bike,12,2650.8,7.3,0,Winter,Flooding,0.15,0.05,0.2,0.154,1056.7,0.184,0,1,0.3215,28.979019,77.056239,0.461,10.8,25.1,148,5,0.527,0.013,1,0,0,0.25,0.05,54.23,4,600,57,MANUAL_REVIEW,1
C007058,W00248,EVT0498,42,Noida,Zomato,Bike,13,4193.95,9.3,0,Post-Monsoon,Extreme Heat,0.28,0.1,0.38,0.436,1428.7,0.213,0,0,0.3814,28.222822,77.175161,0.297,1.4,34.3,239,2,0.444,0.172,1,1,0,0.2708,0.0542,65.04,2,300,51,MANUAL_REVIEW,1
C007059,W00128,EVT0199,35,Connaught Place,Swiggy,Bike,41,4564.68,10.1,0,Winter,Flooding,0.15,0.05,0.2,0.122,1203.2,0.231,1,0,0.1914,28.096792,76.850582,0.476,14.6,34.8,150,4,0.45,0.169,0,0,0,0.8542,0.1708,46.71,4,600,59,MANUAL_REVIEW,1
C007061,W01156,EVT0386,43,Noida,Blinkit,Bike,14,3373.76,9.5,1,Monsoon,Flooding,0.28,0.3,0.58,0.015,929.8,0.088,0,0,0.2753,28.883504,76.712111,0.561,26.3,37.8,83,8,0.486,0.106,1,0,0,0.2917,0.0583,74.17,3,450,67,MANUAL_REVIEW,1
C007063,W01186,EVT0350,20,Faridabad,Zepto,Bike,29,2358.48,11.2,0,Winter,Social Disruption,0.32,0.05,0.37,0.022,1964.6,0.186,1,0,0.0327,28.201195,77.442716,0.197,10.0,27.0,95,4,0.529,0.182,1,1,0,0.6042,0.1208,61.72,4,600,73,AUTO_REJECT,1
C007068,W01697,EVT0460,42,East Delhi,BigBasket,Bicycle,15,4411.73,8.1,0,Monsoon,Severe Pollution,0.35,0.3,0.65,0.509,550.0,0.192,1,1,0.4403,28.90369,76.773892,0.358,24.8,33.3,223,6,0.85,0.05,1,0,0,0.3125,0.0625,74.7,4,600,70,MANUAL_REVIEW,1
C007070,W00626,EVT0235,35,West Delhi,Instamart,Bike,10,4181.58,7.3,0,Post-Monsoon,Severe Pollution,0.25,0.1,0.35,0.134,1348.7,0.175,1,1,0.1688,28.225888,77.071687,0.538,26.2,28.8,326,4,0.38,0.225,0,0,0,0.2083,0.0417,65.14,3,450,62,MANUAL_REVIEW,1
C007073,W01102,EVT0207,42,West Delhi,BigBasket,Bike,35,3040.12,8.3,1,Post-Monsoon,Flooding,0.25,0.1,0.35,0.068,769.4,0.001,0,0,0.3119,28.942813,77.294404,0.343,0.1,25.1,196,4,0.475,0.277,0,0,0,0.7292,0.1458,60.23,3,450,59,MANUAL_REVIEW,1
C007079,W00466,EVT0211,28,Faridabad,Instamart,Bike,29,4153.77,8.8,0,Post-Monsoon,Extreme Heat,0.32,0.1,0.42,0.186,1212.9,0.109,0,0,0.3034,28.803947,76.805708,0.038,2.4,37.9,215,2,0.612,0.193,0,0,0,0.6042,0.1208,64.24,5,750,63,MANUAL_REVIEW,1
C007082,W01322,EVT0302,36,South Delhi,Instamart,EV Scooter,22,5305.68,7.4,0,Winter,Extreme Heat,0.1,0.05,0.15,0.469,545.4,0.207,1,0,0.4265,28.407925,77.328996,0.369,3.3,40.9,131,4,0.801,0.112,1,1,0,0.4583,0.0917,51.6,3,450,57,MANUAL_REVIEW,1
C007085,W00376,EVT0281,29,South Delhi,Zomato,Bike,27,2853.23,12.0,0,Monsoon,Heavy Rainfall,0.1,0.3,0.4,0.316,673.0,0.023,1,0,0.3278,28.822069,77.314999,0.189,9.5,37.4,193,4,0.421,0.069,0,0,0,0.5625,0.1125,62.27,3,450,62,MANUAL_REVIEW,1
C007091,W00394,EVT0458,37,Lajpat Nagar,Blinkit,Bike,37,5167.11,11.4,1,Monsoon,Extreme Heat,0.12,0.3,0.42,0.156,1150.1,0.145,1,1,0.2044,28.905652,77.152498,0.495,1.8,30.7,283,3,0.467,0.186,0,0,1,0.7708,0.1542,62.45,2,300,56,MANUAL_REVIEW,1
C007092,W00050,EVT0132,33,North Delhi,Zepto,Bike,43,3702.76,6.4,0,Monsoon,Heavy Rainfall,0.2,0.3,0.5,0.213,1548.4,0.053,1,0,0.1582,28.096255,77.569436,0.337,2.6,28.2,159,6,0.804,0.106,1,0,0,0.8958,0.1792,62.28,2,300,74,AUTO_REJECT,1
C007093,W00908,EVT0098,21,Rohini,Instamart,Bike,16,3643.95,7.8,1,Summer,Severe Pollution,0.18,0.2,0.38,0.321,1539.7,0.176,1,1,0.215,28.307392,77.411691,0.293,8.8,36.2,50,6,0.684,0.008,1,0,0,0.3333,0.0667,62.74,5,750,68,MANUAL_REVIEW,1
C007094,W00021,EVT0440,40,Saket,Swiggy,Bicycle,9,4259.88,7.8,0,Summer,Heavy Rainfall,0.14,0.2,0.34,0.222,1771.9,0.195,1,1,0.1425,28.460993,77.591908,0.242,26.2,30.4,192,6,0.835,0.179,1,0,0,0.1875,0.0375,59.32,3,450,79,AUTO_REJECT,1
C007095,W00435,EVT0358,42,South Delhi,BigBasket,Bike,17,3838.26,11.1,0,Winter,Heavy Rainfall,0.1,0.05,0.15,0.065,404.2,0.009,1,0,0.2663,28.709117,76.963147,0.017,35.0,30.7,121,5,0.818,0.241,1,1,0,0.3542,0.0708,50.37,4,600,85,AUTO_REJECT,1
C007097,W01738,EVT0063,44,Saket,BigBasket,Bike,24,4868.82,5.8,1,Winter,Severe Pollution,0.14,0.05,0.19,0.075,1686.0,0.136,0,1,0.1907,28.267225,77.121671,0.379,29.6,39.6,306,0,0.515,0.052,1,1,1,0.5,0.1,53.3,6,900,55,MANUAL_REVIEW,1
C007098,W00694,EVT0044,38,Saket,Zomato,Bicycle,47,2301.36,9.8,0,Monsoon,Social Disruption,0.14,0.3,0.44,0.142,1451.1,0.217,1,1,0.1608,28.670254,77.348007,0.499,7.6,28.5,259,4,0.435,0.072,0,1,0,0.9792,0.1958,56.18,3,450,64,MANUAL_REVIEW,1
C007110,W00767,EVT0057,44,Gurgaon,BigBasket,EV Scooter,21,2889.66,10.2,0,Monsoon,Severe Pollution,0.3,0.3,0.6,0.204,503.1,0.151,0,1,0.4212,28.212548,77.443491,0.507,3.0,39.7,322,5,0.84,0.064,1,0,0,0.4375,0.0875,71.58,3,450,59,MANUAL_REVIEW,1
C007111,W01324,EVT0225,21,Connaught Place,Blinkit,Bike,25,3373.42,4.0,0,Post-Monsoon,Heavy Rainfall,0.15,0.1,0.25,0.459,333.5,0.161,0,0,0.5497,28.580984,77.043065,0.339,5.3,35.3,174,6,0.868,0.347,1,0,0,0.5208,0.1042,55.36,4,600,66,MANUAL_REVIEW,1
C007112,W00922,EVT0263,21,South Delhi,Zomato,Bicycle,19,3104.05,9.2,0,Winter,Flooding,0.1,0.05,0.15,0.437,1226.0,0.184,1,0,0.3093,28.767728,77.553952,0.557,20.4,32.3,291,2,0.874,0.116,0,0,0,0.3958,0.0792,53.26,4,600,57,MANUAL_REVIEW,1
C007122,W01857,EVT0470,23,East Delhi,Blinkit,Bicycle,47,4424.16,7.9,0,Monsoon,Flooding,0.35,0.3,0.65,0.165,392.7,0.012,1,0,0.3083,28.263375,77.534111,0.509,29.3,29.5,136,5,0.533,0.063,1,1,0,0.9792,0.1958,65.42,3,450,60,MANUAL_REVIEW,1
C007139,W00168,EVT0080,40,Faridabad,Swiggy,EV Scooter,28,5015.36,9.5,1,Monsoon,Heavy Rainfall,0.32,0.3,0.62,0.497,466.1,0.269,0,0,0.5558,28.703523,77.223891,0.349,10.1,32.5,165,5,0.689,0.151,1,0,1,0.5833,0.1167,71.26,4,600,58,MANUAL_REVIEW,1
C007142,W01392,EVT0259,33,North Delhi,BigBasket,EV Scooter,14,4223.42,10.5,0,Winter,Extreme Heat,0.2,0.05,0.25,0.083,811.7,0.202,1,0,0.2316,28.970223,76.955705,0.521,0.7,35.2,237,3,0.661,0.213,0,0,0,0.2917,0.0583,55.14,1,150,64,MANUAL_REVIEW,1
C007143,W01010,EVT0465,34,West Delhi,Zepto,EV Scooter,16,4169.02,7.3,1,Winter,Social Disruption,0.25,0.05,0.3,0.451,1952.4,0.26,1,0,0.2135,28.804246,76.967985,0.353,11.0,32.3,253,2,0.596,0.033,1,0,1,0.3333,0.0667,57.94,4,600,50,MANUAL_REVIEW,1
C007146,W01458,EVT0077,22,Dwarka,BigBasket,Bike,10,4881.44,9.4,0,Post-Monsoon,Severe Pollution,0.22,0.1,0.32,0.249,1615.7,0.098,0,1,0.267,28.772359,77.110315,0.222,20.0,33.6,78,8,0.838,0.001,0,0,0,0.2083,0.0417,62.12,3,450,74,AUTO_REJECT,1
C007151,W00931,EVT0418,39,Noida,BigBasket,Bicycle,30,2451.17,8.9,0,Winter,Flooding,0.28,0.05,0.33,0.224,954.0,0.1,1,1,0.2565,28.127397,77.175605,0.078,13.2,33.3,289,2,0.395,0.004,1,1,0,0.625,0.125,54.26,6,900,70,MANUAL_REVIEW,1
C007159,W00052,EVT0159,42,Rohini,BigBasket,Bike,13,4683.51,7.7,0,Winter,Extreme Heat,0.18,0.05,0.23,0.132,1040.4,0.24,0,1,0.3207,28.517657,77.517617,0.451,3.4,40.6,133,4,0.698,0.348,0,0,0,0.2708,0.0542,60.09,5,750,67,MANUAL_REVIEW,1
C007160,W01359,EVT0103,44,Saket,Zomato,Bike,40,3639.87,10.9,0,Summer,Heavy Rainfall,0.14,0.2,0.34,0.453,1202.5,0.152,1,0,0.316,28.334921,77.372205,0.072,17.3,26.2,161,5,0.528,0.272,0,1,0,0.8333,0.1667,56.73,6,900,63,MANUAL_REVIEW,1
C007173,W01358,EVT0218,41,West Delhi,Zomato,Bike,32,3808.89,9.7,0,Summer,Extreme Heat,0.25,0.2,0.45,0.155,331.1,0.268,1,0,0.3391,28.719093,77.073935,0.157,4.8,28.4,179,4,0.762,0.132,1,0,0,0.6667,0.1333,61.03,1,150,76,AUTO_REJECT,1
C007176,W01835,EVT0165,40,Lajpat Nagar,Blinkit,Bicycle,42,4679.85,9.5,0,Monsoon,Severe Pollution,0.12,0.3,0.42,0.47,1517.0,0.12,1,0,0.2725,28.071961,76.92801,0.227,4.6,29.3,158,8,0.379,0.098,0,0,0,0.875,0.175,58.04,6,900,69,MANUAL_REVIEW,1
C007184,W00956,EVT0022,38,Connaught Place,Instamart,Bicycle,19,3066.34,8.1,0,Winter,Heavy Rainfall,0.15,0.05,0.2,0.116,797.8,0.104,1,0,0.2371,28.731744,77.281029,0.306,13.8,28.1,152,1,0.853,0.062,1,1,0,0.3958,0.0792,54.26,3,450,71,AUTO_REJECT,1
C007187,W00012,EVT0083,35,Gurgaon,Blinkit,Bike,41,2414.0,10.0,1,Winter,Social Disruption,0.3,0.05,0.35,0.474,1175.8,0.046,1,1,0.3178,28.015212,77.09933,0.439,16.5,38.0,309,1,0.613,0.058,1,1,0,0.8542,0.1708,55.07,3,450,50,MANUAL_REVIEW,1
C007193,W01172,EVT0428,34,Lajpat Nagar,Instamart,Bike,10,4485.2,8.0,0,Winter,Extreme Heat,0.12,0.05,0.17,0.432,934.2,0.042,0,1,0.4369,28.439599,77.213119,0.296,3.1,42.4,85,8,0.894,0.271,1,1,0,0.2083,0.0417,54.13,3,450,70,MANUAL_REVIEW,1
C007194,W00154,EVT0231,35,South Delhi,Instamart,EV Scooter,7,3226.64,8.4,0,Post-Monsoon,Extreme Heat,0.1,0.1,0.2,0.151,1075.9,0.154,0,0,0.3144,28.604042,77.04501,0.045,0.7,37.2,179,4,0.575,0.122,1,1,0,0.1458,0.0292,55.94,3,450,72,AUTO_REJECT,1
C007199,W01985,EVT0346,38,Saket,Zepto,Bike,11,3120.45,9.4,1,Winter,Extreme Heat,0.14,0.05,0.19,0.279,609.6,0.267,1,0,0.3469,28.213809,77.307431,0.408,0.2,38.5,81,5,0.69,0.114,1,1,1,0.2292,0.0458,57.5,1,150,67,MANUAL_REVIEW,1
C007200,W01527,EVT0059,37,South Delhi,Swiggy,Bicycle,36,4071.43,10.6,0,Post-Monsoon,Heavy Rainfall,0.1,0.1,0.2,0.35,1988.5,0.236,1,1,0.1653,28.524692,77.185258,0.129,7.0,28.6,89,3,0.886,0.011,0,0,0,0.75,0.15,50.22,1,150,71,AUTO_REJECT,1
C007203,W01323,EVT0302,31,Rohini,Instamart,Bike,13,3473.63,8.0,1,Winter,Social Disruption,0.18,0.05,0.23,0.302,1798.6,0.266,0,1,0.2776,28.128552,76.826769,0.309,1.7,34.5,258,4,0.705,0.153,1,0,1,0.2708,0.0542,57.41,3,450,57,MANUAL_REVIEW,1
C007206,W00802,EVT0229,32,Faridabad,Instamart,Bike,16,3271.79,9.6,0,Post-Monsoon,Flooding,0.32,0.1,0.42,0.369,442.0,0.12,1,0,0.3933,28.863757,76.760444,0.289,6.7,32.8,291,7,0.373,0.308,1,0,0,0.3333,0.0667,65.88,2,300,67,MANUAL_REVIEW,1
C007209,W01653,EVT0251,42,Faridabad,BigBasket,Bike,30,4250.24,9.3,0,Summer,Social Disruption,0.32,0.2,0.52,0.042,770.7,0.267,1,1,0.2279,28.220141,76.736759,0.039,6.9,29.7,280,5,0.859,0.213,0,0,0,0.625,0.125,65.9,4,600,85,AUTO_REJECT,1
C007212,W00481,EVT0309,27,Noida,Swiggy,Bike,15,2940.86,6.7,0,Summer,Extreme Heat,0.28,0.2,0.48,0.251,1511.4,0.248,1,1,0.1985,28.068723,77.153366,0.291,2.5,36.1,199,6,0.718,0.097,1,1,0,0.3125,0.0625,73.17,3,450,74,AUTO_REJECT,1
C007214,W00171,EVT0065,22,Noida,Swiggy,Bike,1,3463.68,7.7,0,Post-Monsoon,Flooding,0.28,0.1,0.38,0.013,1472.7,0.001,1,1,0.0844,28.132632,76.980469,0.542,1.1,32.5,337,2,0.542,0.226,0,0,0,0.0208,0.0042,69.41,5,750,60,MANUAL_REVIEW,1
C007222,W00249,EVT0321,32,Noida,Blinkit,EV Scooter,42,2591.13,8.6,0,Monsoon,Flooding,0.28,0.3,0.58,0.185,623.2,0.195,0,0,0.4,28.971058,76.860965,0.475,28.1,41.5,338,5,0.42,0.167,0,0,0,0.875,0.175,64.53,2,300,62,MANUAL_REVIEW,1
C007227,W00424,EVT0362,38,North Delhi,Swiggy,EV Scooter,22,3758.51,9.2,0,Post-Monsoon,Heavy Rainfall,0.2,0.1,0.3,0.266,1167.7,0.025,1,0,0.2337,28.326965,77.061256,0.466,33.5,29.8,83,5,0.581,0.096,1,1,0,0.4583,0.0917,55.21,3,450,66,MANUAL_REVIEW,1
C007234,W00164,EVT0380,32,East Delhi,Zepto,Bicycle,40,3101.32,6.0,0,Monsoon,Heavy Rainfall,0.35,0.3,0.65,0.374,700.2,0.113,1,1,0.3559,28.448439,76.891572,0.355,12.5,26.6,196,6,0.63,0.224,1,0,0,0.8333,0.1667,67.59,3,450,66,MANUAL_REVIEW,1
C007235,W00184,EVT0156,29,South Delhi,Swiggy,EV Scooter,33,3652.94,10.1,0,Monsoon,Heavy Rainfall,0.1,0.3,0.4,0.366,291.7,0.06,1,1,0.4086,28.485627,76.977909,0.425,34.6,26.8,135,5,0.882,0.302,1,0,0,0.6875,0.1375,58.97,2,300,64,MANUAL_REVIEW,1
C007237,W00483,EVT0004,23,Dwarka,BigBasket,Bicycle,32,2788.07,7.6,0,Post-Monsoon,Extreme Heat,0.22,0.1,0.32,0.212,1769.4,0.074,0,1,0.2268,28.082408,77.357865,0.369,3.8,42.5,260,4,0.687,0.343,1,1,0,0.6667,0.1333,58.56,5,750,63,MANUAL_REVIEW,1
C007238,W00428,EVT0188,32,East Delhi,Blinkit,Bicycle,16,4645.06,10.3,0,Monsoon,Severe Pollution,0.35,0.3,0.65,0.5,539.6,0.136,0,1,0.5327,28.939124,77.070665,0.042,11.8,26.5,306,6,0.664,0.025,1,0,0,0.3333,0.0667,78.71,4,600,68,MANUAL_REVIEW,1
C007239,W01203,EVT0396,32,South Delhi,Instamart,EV Scooter,13,3598.49,10.0,0,Summer,Extreme Heat,0.1,0.2,0.3,0.308,473.1,0.025,1,1,0.3547,28.503955,76.988207,0.136,3.6,29.6,115,4,0.629,0.045,1,0,0,0.2708,0.0542,60.95,4,600,67,MANUAL_REVIEW,1
C007240,W00901,EVT0409,21,Saket,Zepto,Bike,25,2890.56,7.3,0,Post-Monsoon,Heavy Rainfall,0.14,0.1,0.24,0.164,1841.8,0.194,0,1,0.2087,28.626879,76.922315,0.398,23.1,30.7,161,7,0.806,0.262,1,0,0,0.5208,0.1042,56.48,6,900,73,AUTO_REJECT,1
C007246,W01707,EVT0175,38,Lajpat Nagar,BigBasket,Bike,34,3769.33,9.2,0,Monsoon,Flooding,0.12,0.3,0.42,0.495,620.2,0.016,0,1,0.5066,28.657864,76.912677,0.447,25.9,40.2,336,4,0.455,0.019,1,0,0,0.7083,0.1417,56.4,2,300,40,MANUAL_REVIEW,1
C007249,W00470,EVT0015,40,Faridabad,Instamart,Bike,6,4919.03,8.6,0,Summer,Heavy Rainfall,0.32,0.2,0.52,0.057,1151.9,0.032,1,0,0.1532,28.681395,77.338573,0.183,5.5,35.6,97,5,0.652,0.043,1,0,0,0.125,0.025,71.78,1,150,74,AUTO_REJECT,1
C007251,W00009,EVT0487,43,Lajpat Nagar,Zepto,Bike,44,5432.99,8.7,0,Winter,Social Disruption,0.12,0.05,0.17,0.52,1303.5,0.223,1,0,0.3348,28.541641,77.196867,0.473,8.0,26.6,191,3,0.416,0.15,0,0,0,0.9167,0.1833,44.68,3,450,51,MANUAL_REVIEW,1
C007252,W00391,EVT0255,40,Noida,Blinkit,EV Scooter,31,2925.75,8.3,1,Summer,Flooding,0.28,0.2,0.48,0.318,1265.1,0.19,1,1,0.2564,28.113228,77.460202,0.046,24.8,31.7,360,4,0.513,0.091,0,0,0,0.6458,0.1292,60.68,4,600,67,MANUAL_REVIEW,1
C007254,W01817,EVT0300,21,East Delhi,Instamart,Bike,17,3920.29,12.8,0,Winter,Extreme Heat,0.35,0.05,0.4,0.281,466.2,0.132,1,1,0.3557,28.27337,76.873673,0.304,0.7,34.5,87,6,0.854,0.135,0,0,0,0.3542,0.0708,63.36,3,450,73,AUTO_REJECT,1
C007257,W01943,EVT0198,27,Connaught Place,Zomato,Bicycle,21,3961.65,6.5,0,Winter,Extreme Heat,0.15,0.05,0.2,0.038,699.9,0.026,1,1,0.2128,28.474154,77.341654,0.106,3.4,40.8,164,2,0.519,0.268,1,1,0,0.4375,0.0875,56.77,4,600,76,AUTO_REJECT,1
C007270,W01264,EVT0052,23,South Delhi,Zomato,Bike,10,4603.93,8.0,0,Post-Monsoon,Heavy Rainfall,0.1,0.1,0.2,0.345,929.2,0.153,1,1,0.3139,28.015549,76.955884,0.165,11.6,27.2,101,7,0.615,0.31,1,0,0,0.2083,0.0417,56.78,4,600,71,AUTO_REJECT,1
C007276,W01738,EVT0123,44,Saket,BigBasket,Bike,24,4868.82,5.8,1,Post-Monsoon,Extreme Heat,0.14,0.1,0.24,0.161,1179.1,0.188,0,1,0.3063,28.722742,77.356279,0.409,3.9,38.9,220,1,0.465,0.263,1,0,0,0.5,0.1,53.99,4,600,51,MANUAL_REVIEW,1
C007278,W00449,EVT0280,24,Gurgaon,Instamart,Bike,36,3118.93,7.7,1,Winter,Heavy Rainfall,0.3,0.05,0.35,0.092,1798.8,0.25,1,1,0.092,28.029917,77.144885,0.236,21.4,38.0,182,2,0.786,0.215,1,0,0,0.75,0.15,58.09,1,150,72,AUTO_REJECT,1
C007279,W00383,EVT0029,34,Rohini,Zomato,Bike,42,4508.97,10.2,0,Summer,Extreme Heat,0.18,0.2,0.38,0.281,1357.0,0.057,1,0,0.2146,28.211239,76.913573,0.573,3.7,39.7,101,5,0.707,0.053,0,1,0,0.875,0.175,49.23,3,450,60,MANUAL_REVIEW,1
C007293,W01843,EVT0006,38,Gurgaon,BigBasket,EV Scooter,41,5432.08,8.6,0,Post-Monsoon,Social Disruption,0.3,0.1,0.4,0.406,1379.7,0.055,1,1,0.2609,28.320161,76.881552,0.32,22.1,33.3,318,3,0.74,0.065,1,0,0,0.8542,0.1708,59.65,2,300,61,MANUAL_REVIEW,1
C007294,W00164,EVT0017,32,East Delhi,Zepto,Bicycle,40,3101.32,6.0,0,Monsoon,Extreme Heat,0.35,0.3,0.65,0.541,1292.9,0.234,1,1,0.3459,28.176182,77.141922,0.035,2.1,32.0,118,7,0.422,0.186,0,1,0,0.8333,0.1667,66.08,4,600,67,MANUAL_REVIEW,1
C007304,W01242,EVT0072,40,Noida,BigBasket,Bike,8,2959.65,10.5,0,Monsoon,Extreme Heat,0.28,0.3,0.58,0.098,318.7,0.16,1,1,0.3074,28.87801,76.637059,0.109,2.1,36.1,103,4,0.561,0.01,1,1,0,0.1667,0.0333,72.29,2,300,76,AUTO_REJECT,1
C007312,W01527,EVT0250,37,South Delhi,Swiggy,Bicycle,36,4071.43,10.6,0,Monsoon,Severe Pollution,0.1,0.3,0.4,0.547,1547.4,0.159,1,0,0.3026,28.886078,77.131763,0.089,25.8,29.1,57,4,0.462,0.121,0,0,0,0.75,0.15,58.34,1,150,60,MANUAL_REVIEW,1
C007315,W01268,EVT0222,33,Saket,Zepto,Bike,20,3671.48,8.1,0,Winter,Extreme Heat,0.14,0.05,0.19,0.24,1387.1,0.195,1,1,0.2074,28.06507,76.878835,0.49,2.3,42.7,173,5,0.874,0.114,0,0,0,0.4167,0.0833,59.17,6,900,65,MANUAL_REVIEW,1
C007319,W01907,EVT0423,44,Lajpat Nagar,Zepto,Bicycle,46,4490.51,9.7,1,Monsoon,Extreme Heat,0.12,0.3,0.42,0.188,1960.2,0.069,1,1,0.0881,28.939947,76.942326,0.111,1.5,32.8,99,2,0.863,0.017,1,1,0,0.9583,0.1917,56.39,4,600,73,AUTO_REJECT,1
C007323,W01181,EVT0499,23,Dwarka,Instamart,EV Scooter,12,3943.84,11.6,1,Summer,Social Disruption,0.22,0.2,0.42,0.137,667.4,0.264,1,0,0.2811,28.498146,77.482018,0.067,10.8,40.4,244,5,0.479,0.204,1,1,1,0.25,0.05,66.91,2,300,72,AUTO_REJECT,1
C007326,W00145,EVT0190,24,Connaught Place,Blinkit,Bike,11,4307.59,11.5,0,Summer,Severe Pollution,0.15,0.2,0.35,0.24,703.2,0.054,1,0,0.2959,28.161275,77.449885,0.162,13.4,38.1,350,4,0.618,0.113,1,0,0,0.2292,0.0458,66.04,3,450,69,MANUAL_REVIEW,1
C007339,W00397,EVT0149,29,Faridabad,BigBasket,Bike,7,4199.89,8.9,0,Winter,Heavy Rainfall,0.32,0.05,0.37,0.421,803.0,0.099,1,0,0.3579,28.352465,77.1122,0.552,23.0,32.0,249,7,0.424,0.138,0,0,0,0.1458,0.0292,64.67,1,150,57,MANUAL_REVIEW,1
C007340,W01832,EVT0455,36,North Delhi,Swiggy,Bike,22,5316.78,9.1,1,Summer,Severe Pollution,0.2,0.2,0.4,0.538,1649.6,0.174,1,0,0.2852,28.461954,77.002285,0.367,24.8,26.4,184,4,0.636,0.118,0,1,0,0.4583,0.0917,64.14,4,600,52,MANUAL_REVIEW,1
C007341,W01677,EVT0258,36,North Delhi,Blinkit,Bike,35,3554.69,6.3,1,Winter,Severe Pollution,0.2,0.05,0.25,0.354,1547.2,0.236,0,1,0.3331,28.143668,76.879222,0.331,9.8,27.4,97,2,0.542,0.27,1,0,0,0.7292,0.1458,53.49,5,750,52,MANUAL_REVIEW,1
C007354,W01853,EVT0444,31,Faridabad,Instamart,Bike,25,3476.11,8.0,1,Summer,Extreme Heat,0.32,0.2,0.52,0.3,624.8,0.046,0,1,0.4309,28.018451,77.448633,0.106,2.3,34.0,121,4,0.882,0.239,1,0,0,0.5208,0.1042,65.97,2,300,65,MANUAL_REVIEW,1
C007360,W00833,EVT0456,40,South Delhi,Instamart,Bicycle,17,4803.83,10.1,0,Monsoon,Social Disruption,0.1,0.3,0.4,0.08,788.7,0.182,1,1,0.2319,28.188267,77.586657,0.135,9.8,33.8,190,3,0.614,0.192,0,1,0,0.3542,0.0708,63.21,3,450,77,AUTO_REJECT,1
C007371,W00744,EVT0462,36,Saket,Zomato,Bicycle,37,2687.14,11.3,1,Monsoon,Extreme Heat,0.14,0.3,0.44,0.255,1849.0,0.124,1,1,0.1371,28.420879,77.514337,0.161,2.3,39.7,191,9,0.729,0.045,1,0,0,0.7708,0.1542,59.87,2,300,76,AUTO_REJECT,1
C007386,W01697,EVT0478,42,East Delhi,BigBasket,Bicycle,15,4411.73,8.1,0,Monsoon,Social Disruption,0.35,0.3,0.65,0.203,892.4,0.03,0,1,0.3503,28.593645,77.054378,0.217,1.6,32.7,60,7,0.504,0.264,0,0,0,0.3125,0.0625,74.26,6,900,62,MANUAL_REVIEW,1
C007388,W01578,EVT0303,44,Connaught Place,BigBasket,Bike,35,3452.04,8.4,0,Monsoon,Heavy Rainfall,0.15,0.3,0.45,0.32,876.7,0.141,1,0,0.3106,28.142941,76.856456,0.182,36.2,34.8,221,4,0.688,0.104,1,1,0,0.7292,0.1458,60.31,4,600,71,AUTO_REJECT,1
C007392,W01194,EVT0313,40,Saket,Blinkit,Bike,40,4169.84,7.4,0,Post-Monsoon,Severe Pollution,0.14,0.1,0.24,0.227,384.9,0.2,0,0,0.4531,28.697722,76.887345,0.414,25.7,25.5,325,1,0.435,0.105,0,0,0,0.8333,0.1667,50.67,5,750,48,MANUAL_REVIEW,1
C007398,W00756,EVT0306,23,East Delhi,Zomato,Bike,24,4408.56,6.7,0,Post-Monsoon,Severe Pollution,0.35,0.1,0.45,0.137,672.0,0.235,1,0,0.2775,28.714,76.901171,0.241,21.1,34.5,335,4,0.495,0.122,0,0,0,0.5,0.1,65.87,3,450,68,MANUAL_REVIEW,1
C007415,W01907,EVT0323,44,Lajpat Nagar,Zepto,Bicycle,46,4490.51,9.7,1,Monsoon,Heavy Rainfall,0.12,0.3,0.42,0.42,1345.6,0.241,0,0,0.3903,28.741861,77.431145,0.179,31.8,29.4,52,3,0.372,0.289,1,1,1,0.9583,0.1917,57.01,5,750,57,MANUAL_REVIEW,1
C007419,W01991,EVT0136,28,East Delhi,Zomato,Bicycle,34,3288.51,9.1,0,Monsoon,Social Disruption,0.35,0.3,0.65,0.218,1173.4,0.233,1,1,0.2345,28.265277,77.461165,0.493,16.4,36.1,288,4,0.806,0.298,0,0,0,0.7083,0.1417,66.37,3,450,69,MANUAL_REVIEW,1
C007420,W01427,EVT0102,33,Faridabad,Zepto,Bike,8,3545.3,9.4,1,Monsoon,Extreme Heat,0.32,0.3,0.62,0.303,1816.9,0.13,0,0,0.2617,28.066468,76.85881,0.544,3.5,31.3,278,1,0.555,0.292,0,0,0,0.1667,0.0333,74.59,4,600,42,MANUAL_REVIEW,1
C007421,W00190,EVT0048,38,East Delhi,Blinkit,Bike,21,2877.1,7.4,0,Winter,Severe Pollution,0.35,0.05,0.4,0.056,937.9,0.238,1,0,0.2055,28.536781,77.139911,0.39,15.3,29.4,54,4,0.794,0.117,1,1,0,0.4375,0.0875,64.71,3,450,73,AUTO_REJECT,1
C007423,W01535,EVT0154,23,Rohini,Blinkit,EV Scooter,35,3652.05,9.2,0,Post-Monsoon,Extreme Heat,0.18,0.1,0.28,0.452,1347.7,0.01,1,0,0.2796,28.906786,76.79157,0.363,2.4,31.4,184,3,0.775,0.042,1,1,0,0.7292,0.1458,56.27,3,450,53,MANUAL_REVIEW,1
C007425,W00180,EVT0483,38,Saket,Swiggy,Bike,5,3836.82,10.6,1,Winter,Extreme Heat,0.14,0.05,0.19,0.148,1146.2,0.184,0,0,0.3057,28.789526,77.429749,0.096,4.8,41.1,130,9,0.562,0.305,1,0,1,0.1042,0.0208,58.05,3,450,79,AUTO_REJECT,1
C007434,W01125,EVT0414,35,Connaught Place,Zepto,Bicycle,16,2383.19,5.3,0,Summer,Severe Pollution,0.15,0.2,0.35,0.023,1848.8,0.015,1,0,0.0334,28.9228,77.059701,0.562,24.9,25.2,253,1,0.755,0.13,1,1,0,0.3333,0.0667,61.89,4,600,65,MANUAL_REVIEW,1
C007439,W01035,EVT0478,20,West Delhi,BigBasket,Bike,38,4370.63,10.2,1,Post-Monsoon,Extreme Heat,0.25,0.1,0.35,0.098,372.7,0.002,1,0,0.2835,28.053316,76.979458,0.21,3.5,32.6,278,4,0.622,0.154,1,0,0,0.7917,0.1583,51.54,2,300,72,AUTO_REJECT,1
C007443,W01875,EVT0120,34,East Delhi,Instamart,Bicycle,22,4301.19,9.2,1,Winter,Heavy Rainfall,0.35,0.05,0.4,0.015,1960.5,0.057,0,1,0.1176,28.081079,76.744997,0.139,15.3,28.4,95,5,0.725,0.238,1,1,1,0.4583,0.0917,61.13,5,750,78,AUTO_REJECT,1
C007445,W00526,EVT0032,23,Dwarka,Swiggy,Bike,7,4225.82,6.4,1,Monsoon,Heavy Rainfall,0.22,0.3,0.52,0.057,1844.6,0.009,0,0,0.147,28.025717,76.925937,0.169,17.2,32.0,152,6,0.788,0.189,1,0,0,0.1458,0.0292,71.34,2,300,81,AUTO_REJECT,1
C007451,W01688,EVT0485,27,Gurgaon,Zepto,Bike,17,2161.52,8.8,0,Post-Monsoon,Flooding,0.3,0.1,0.4,0.208,1645.9,0.209,1,1,0.1572,28.482343,76.796836,0.484,27.0,30.7,126,4,0.795,0.222,0,0,0,0.3542,0.0708,63.89,2,300,69,MANUAL_REVIEW,1
C007458,W00912,EVT0188,36,South Delhi,Zepto,Bicycle,1,4907.61,11.0,0,Summer,Severe Pollution,0.1,0.2,0.3,0.291,1417.8,0.204,1,0,0.2241,28.922395,76.822659,0.261,18.6,35.5,248,3,0.794,0.292,0,0,0,0.0208,0.0042,61.77,6,900,64,MANUAL_REVIEW,1
C007464,W00121,EVT0028,38,Saket,Zepto,Bike,8,3172.57,10.7,0,Winter,Severe Pollution,0.14,0.05,0.19,0.224,818.3,0.264,1,1,0.2933,28.894858,77.00123,0.22,2.8,39.1,117,4,0.501,0.192,0,1,0,0.1667,0.0333,57.19,3,450,66,MANUAL_REVIEW,1
C007467,W01532,EVT0120,38,Dwarka,Zepto,Bike,36,3647.86,8.8,0,Summer,Social Disruption,0.22,0.2,0.42,0.384,1953.2,0.137,1,1,0.1743,28.405419,77.261492,0.507,27.6,27.0,212,5,0.608,0.328,0,1,0,0.75,0.15,56.26,3,450,53,MANUAL_REVIEW,1
C007471,W00585,EVT0051,38,West Delhi,Instamart,Bike,26,3557.21,10.6,1,Summer,Extreme Heat,0.25,0.2,0.45,0.454,568.7,0.208,0,0,0.5171,28.345353,77.096232,0.022,1.5,37.6,126,3,0.529,0.31,0,0,0,0.5417,0.1083,59.93,3,450,53,MANUAL_REVIEW,1
C007474,W00143,EVT0003,39,Gurgaon,Zomato,Bike,32,4679.97,11.3,0,Monsoon,Heavy Rainfall,0.3,0.3,0.6,0.167,934.7,0.059,1,1,0.2325,28.592999,76.719909,0.446,1.1,25.4,63,7,0.424,0.083,1,0,0,0.6667,0.1333,68.31,1,150,67,MANUAL_REVIEW,1
C007478,W00972,EVT0103,36,West Delhi,Instamart,Bicycle,34,3906.74,11.2,0,Winter,Flooding,0.25,0.05,0.3,0.032,1260.6,0.152,1,1,0.1389,28.978378,76.844021,0.434,1.0,37.6,218,4,0.468,0.224,0,0,0,0.7083,0.1417,57.63,1,150,69,MANUAL_REVIEW,1
C007484,W01790,EVT0198,31,West Delhi,Swiggy,Bike,43,3981.21,10.0,0,Summer,Extreme Heat,0.25,0.2,0.45,0.184,1191.4,0.232,0,0,0.3181,28.013312,77.409312,0.265,3.3,31.1,219,0,0.772,0.303,1,0,0,0.8958,0.1792,58.91,5,750,59,MANUAL_REVIEW,1
C007487,W01579,EVT0140,29,Saket,Swiggy,Bicycle,12,4286.28,7.5,1,Monsoon,Social Disruption,0.14,0.3,0.44,0.015,1011.9,0.102,1,1,0.1644,28.10933,76.890502,0.079,1.4,29.0,107,4,0.534,0.144,0,1,1,0.25,0.05,63.27,1,150,75,AUTO_REJECT,1
C007488,W01521,EVT0393,30,South Delhi,Instamart,Bike,38,3209.53,8.5,0,Post-Monsoon,Heavy Rainfall,0.1,0.1,0.2,0.477,1751.9,0.22,1,1,0.25,28.402059,77.340811,0.082,16.6,37.1,176,4,0.494,0.01,1,0,0,0.7917,0.1583,48.65,3,450,57,MANUAL_REVIEW,1
C007493,W00589,EVT0460,41,Dwarka,Blinkit,Bike,12,3944.35,8.2,0,Post-Monsoon,Extreme Heat,0.22,0.1,0.32,0.187,1140.1,0.044,0,0,0.3082,28.045831,76.97856,0.463,1.8,39.6,184,6,0.774,0.075,0,1,0,0.25,0.05,60.49,3,450,63,MANUAL_REVIEW,1
C007501,W00311,EVT0007,28,Dwarka,Instamart,Bike,18,3780.81,7.1,0,Monsoon,Flooding,0.22,0.3,0.52,0.068,1193.2,0.117,1,1,0.1599,28.819617,77.159775,0.509,20.7,26.7,82,4,0.849,0.246,0,0,0,0.375,0.075,67.25,4,600,71,AUTO_REJECT,1
C007504,W00058,EVT0312,41,Gurgaon,Zepto,Bicycle,13,3704.33,6.8,0,Post-Monsoon,Social Disruption,0.3,0.1,0.4,0.178,1428.4,0.243,0,1,0.2812,28.624479,76.789515,0.28,6.2,34.0,231,5,0.457,0.285,0,1,0,0.2708,0.0542,64.06,5,750,60,MANUAL_REVIEW,1
C007508,W00688,EVT0351,39,Rohini,Zomato,Bicycle,42,3728.65,9.2,0,Summer,Flooding,0.18,0.2,0.38,0.368,1703.0,0.243,1,0,0.216,28.198669,76.854678,0.087,6.9,30.4,275,6,0.699,0.001,0,0,0,0.875,0.175,55.48,4,600,73,AUTO_REJECT,1
C007513,W00209,EVT0482,25,Faridabad,Zomato,Bicycle,45,4097.71,6.1,0,Summer,Social Disruption,0.32,0.2,0.52,0.546,1072.1,0.085,0,0,0.4661,28.424097,76.696611,0.523,13.6,35.7,186,7,0.564,0.289,1,0,0,0.9375,0.1875,59.41,1,150,46,MANUAL_REVIEW,1
C007516,W00128,EVT0477,35,Connaught Place,Swiggy,Bike,41,4564.68,10.1,0,Summer,Social Disruption,0.15,0.2,0.35,0.166,567.9,0.275,1,0,0.3087,28.337523,76.652947,0.031,1.8,30.9,290,5,0.605,0.216,0,1,0,0.8542,0.1708,53.58,1,150,74,AUTO_REJECT,1
C007520,W00152,EVT0272,43,East Delhi,Blinkit,Bike,26,4404.5,9.2,0,Post-Monsoon,Heavy Rainfall,0.35,0.1,0.45,0.162,1434.9,0.01,1,0,0.1506,28.31599,77.496609,0.358,14.4,33.1,141,3,0.548,0.041,1,0,0,0.5417,0.1083,63.67,4,600,59,MANUAL_REVIEW,1
C007524,W01596,EVT0493,40,Connaught Place,BigBasket,Bike,3,3876.2,7.2,0,Winter,Social Disruption,0.15,0.05,0.2,0.27,1208.1,0.021,0,1,0.3289,28.94122,77.445011,0.489,23.1,35.7,188,3,0.443,0.178,1,0,0,0.0625,0.0125,59.23,3,450,52,MANUAL_REVIEW,1
C007526,W01776,EVT0047,23,Dwarka,Instamart,Bike,7,3643.12,8.7,0,Summer,Social Disruption,0.22,0.2,0.42,0.039,1280.5,0.167,1,1,0.1402,28.105842,77.130638,0.396,23.3,41.7,142,4,0.391,0.105,1,0,0,0.1458,0.0292,67.8,3,450,63,MANUAL_REVIEW,1
C007530,W01098,EVT0423,33,Gurgaon,Swiggy,Bicycle,10,3570.49,6.2,0,Monsoon,Social Disruption,0.3,0.3,0.6,0.283,531.9,0.011,1,1,0.3345,28.109206,76.905193,0.213,10.2,26.9,340,1,0.515,0.311,0,0,0,0.2083,0.0417,74.44,3,450,59,MANUAL_REVIEW,1
C007533,W00356,EVT0163,20,Gurgaon,Zepto,Bicycle,20,3212.75,8.4,0,Summer,Flooding,0.3,0.2,0.5,0.027,1019.1,0.267,1,1,0.1846,28.245117,76.907762,0.307,5.7,32.2,376,1,0.629,0.019,1,0,0,0.4167,0.0833,68.99,3,450,64,MANUAL_REVIEW,1
C007535,W01022,EVT0184,40,Noida,Instamart,Bicycle,15,3688.89,7.0,0,Monsoon,Extreme Heat,0.28,0.3,0.58,0.473,1595.9,0.179,1,0,0.2677,28.173773,77.146111,0.335,2.4,31.1,277,5,0.386,0.197,0,0,0,0.3125,0.0625,72.28,4,600,54,MANUAL_REVIEW,1
C007536,W01816,EVT0205,38,Noida,Blinkit,Bike,43,5191.23,9.1,1,Post-Monsoon,Heavy Rainfall,0.28,0.1,0.38,0.126,1064.8,0.109,1,0,0.2016,28.922648,76.665797,0.208,37.0,37.0,223,4,0.372,0.195,1,1,0,0.8958,0.1792,55.8,4,600,69,MANUAL_REVIEW,1
C007538,W01413,EVT0339,24,Gurgaon,Zomato,Bike,13,3844.99,8.9,0,Winter,Social Disruption,0.3,0.05,0.35,0.451,1300.4,0.277,1,0,0.313,28.287614,77.523306,0.545,25.3,37.2,120,6,0.796,0.157,1,0,0,0.2708,0.0542,61.05,3,450,61,MANUAL_REVIEW,1
C007549,W00966,EVT0063,41,Rohini,Swiggy,Bicycle,30,2165.88,11.7,0,Post-Monsoon,Flooding,0.18,0.1,0.28,0.148,1267.2,0.135,1,0,0.1826,28.26564,77.255668,0.17,14.4,39.5,95,4,0.478,0.2,0,0,0,0.625,0.125,52.96,2,300,71,AUTO_REJECT,1
C007552,W01343,EVT0078,23,West Delhi,Instamart,Bicycle,18,2946.24,10.4,0,Summer,Social Disruption,0.25,0.2,0.45,0.441,1337.1,0.173,1,0,0.2931,28.67362,76.71714,0.002,7.8,30.4,90,2,0.799,0.025,1,0,0,0.375,0.075,65.61,3,450,60,MANUAL_REVIEW,1
C007554,W01144,EVT0222,30,Lajpat Nagar,Zomato,Bicycle,46,3954.52,10.2,0,Winter,Extreme Heat,0.12,0.05,0.17,0.054,1735.6,0.006,0,1,0.1619,28.920831,77.571112,0.519,3.1,35.2,226,6,0.424,0.341,1,0,0,0.9583,0.1917,45.28,6,900,63,MANUAL_REVIEW,1
C007556,W00173,EVT0271,37,Saket,Zomato,Bike,38,3137.05,10.7,1,Winter,Severe Pollution,0.14,0.05,0.19,0.071,1276.4,0.035,1,0,0.1404,28.610036,77.311383,0.466,13.3,35.6,202,4,0.624,0.083,1,0,1,0.7917,0.1583,47.9,4,600,69,MANUAL_REVIEW,1
C007557,W01475,EVT0302,41,Faridabad,Zepto,Bike,12,3846.1,10.8,0,Summer,Extreme Heat,0.32,0.2,0.52,0.545,1130.2,0.039,0,0,0.4524,28.955581,77.066606,0.575,3.8,38.5,151,7,0.435,0.126,1,0,0,0.25,0.05,70.36,5,750,44,MANUAL_REVIEW,1
C007561,W00006,EVT0094,44,Faridabad,Zomato,Bike,18,5441.47,8.5,0,Winter,Social Disruption,0.32,0.05,0.37,0.016,1047.1,0.151,0,0,0.2644,28.564117,77.598967,0.332,1.8,32.7,235,3,0.405,0.031,0,0,0,0.375,0.075,59.48,4,600,62,MANUAL_REVIEW,1
C007564,W01767,EVT0252,20,Connaught Place,Blinkit,Bike,24,4661.71,8.2,0,Post-Monsoon,Severe Pollution,0.15,0.1,0.25,0.375,629.5,0.223,0,1,0.4779,28.593166,77.486961,0.556,23.4,36.7,136,4,0.801,0.167,0,0,0,0.5,0.1,59.02,6,900,56,MANUAL_REVIEW,1
C007566,W00911,EVT0277,22,North Delhi,Swiggy,Bicycle,9,3330.88,5.9,1,Post-Monsoon,Flooding,0.2,0.1,0.3,0.499,917.7,0.016,1,1,0.3635,28.006042,77.267372,0.034,17.4,40.8,373,4,0.363,0.154,0,0,1,0.1875,0.0375,60.42,6,900,58,MANUAL_REVIEW,1
C007572,W01968,EVT0336,26,West Delhi,Blinkit,Bicycle,47,4436.79,9.8,0,Monsoon,Severe Pollution,0.25,0.3,0.55,0.233,468.0,0.027,0,1,0.4257,28.092036,77.039594,0.562,20.5,40.5,103,2,0.4,0.179,0,0,0,0.9792,0.1958,60.83,3,450,42,MANUAL_REVIEW,1
C007573,W00231,EVT0055,34,North Delhi,BigBasket,Bike,19,4336.92,8.2,1,Monsoon,Extreme Heat,0.2,0.3,0.5,0.331,586.6,0.055,0,0,0.4499,28.242696,77.358035,0.437,0.1,39.2,228,7,0.507,0.099,1,1,0,0.3958,0.0792,66.17,6,900,65,MANUAL_REVIEW,1
C007575,W00937,EVT0437,20,Faridabad,Zomato,Bicycle,22,3792.22,10.1,0,Winter,Social Disruption,0.32,0.05,0.37,0.44,658.4,0.067,1,0,0.3839,28.461597,77.027672,0.391,7.5,33.6,112,4,0.554,0.071,1,1,0,0.4583,0.0917,62.55,3,450,50,MANUAL_REVIEW,1
C007576,W00697,EVT0254,23,Dwarka,Swiggy,Bike,33,3221.06,10.2,0,Post-Monsoon,Severe Pollution,0.22,0.1,0.32,0.362,1692.8,0.165,1,0,0.2074,28.266129,76.752536,0.455,2.6,38.3,242,4,0.869,0.223,1,0,0,0.6875,0.1375,58.45,2,300,60,MANUAL_REVIEW,1
C007579,W00643,EVT0489,27,Rohini,Instamart,Bike,21,2641.79,8.1,0,Monsoon,Social Disruption,0.18,0.3,0.48,0.38,1007.7,0.097,1,0,0.3105,28.984254,76.944654,0.498,13.0,40.2,299,6,0.499,0.121,0,1,0,0.4375,0.0875,65.18,5,750,59,MANUAL_REVIEW,1
C007580,W01066,EVT0115,22,South Delhi,Zomato,Bike,1,3531.86,10.5,0,Summer,Severe Pollution,0.1,0.2,0.3,0.418,1057.8,0.02,0,1,0.4105,28.116677,76.752062,0.159,7.2,31.1,218,6,0.401,0.209,0,0,0,0.0208,0.0042,63.9,2,300,57,MANUAL_REVIEW,1
C007582,W01901,EVT0385,43,South Delhi,Zomato,Bike,27,4878.8,10.4,0,Monsoon,Heavy Rainfall,0.1,0.3,0.4,0.401,1407.1,0.265,1,1,0.2758,28.626619,76.959483,0.309,37.1,30.3,217,5,0.514,0.118,1,0,0,0.5625,0.1125,57.09,1,150,60,MANUAL_REVIEW,1
C007588,W01169,EVT0321,31,West Delhi,Swiggy,EV Scooter,41,4606.87,8.8,0,Summer,Severe Pollution,0.25,0.2,0.45,0.161,1769.9,0.198,0,1,0.2187,28.323897,77.542901,0.164,1.5,35.7,371,8,0.642,0.28,1,0,0,0.8542,0.1708,57.53,2,300,74,AUTO_REJECT,1
C007593,W00447,EVT0262,34,Saket,Instamart,Bike,1,3427.45,7.6,0,Monsoon,Severe Pollution,0.14,0.3,0.44,0.434,742.2,0.01,1,0,0.3633,28.397258,76.818629,0.361,25.3,41.9,288,6,0.388,0.33,0,0,0,0.0208,0.0042,69.4,1,150,62,MANUAL_REVIEW,1
C007594,W01985,EVT0133,38,Saket,Zepto,Bike,11,3120.45,9.4,1,Summer,Severe Pollution,0.14,0.2,0.34,0.114,1424.8,0.229,1,1,0.1548,28.14144,77.350395,0.235,29.7,38.3,82,6,0.469,0.138,1,1,0,0.2292,0.0458,65.66,2,300,74,AUTO_REJECT,1
C007596,W00191,EVT0183,34,Connaught Place,Zomato,Bike,46,3980.29,9.1,0,Monsoon,Flooding,0.15,0.3,0.45,0.433,1957.3,0.262,1,1,0.2058,28.271212,77.132699,0.344,6.0,31.3,180,7,0.735,0.191,1,1,0,0.9583,0.1917,57.19,1,150,64,MANUAL_REVIEW,1
C007598,W01258,EVT0476,43,Connaught Place,Swiggy,Bike,7,3769.89,7.3,0,Winter,Extreme Heat,0.15,0.05,0.2,0.069,896.2,0.109,1,1,0.2041,28.161163,76.941012,0.408,4.0,39.1,223,2,0.599,0.287,1,0,0,0.1458,0.0292,57.53,2,300,67,MANUAL_REVIEW,1
C007603,W01344,EVT0164,26,West Delhi,Zomato,EV Scooter,13,4574.53,11.2,0,Monsoon,Extreme Heat,0.25,0.3,0.55,0.052,1067.2,0.23,1,1,0.1837,28.466873,77.536766,0.119,4.9,32.5,183,4,0.49,0.015,1,0,0,0.2708,0.0542,72.88,4,600,73,AUTO_REJECT,1
C007605,W00134,EVT0351,34,Dwarka,Swiggy,Bike,15,2344.91,11.4,0,Winter,Flooding,0.22,0.05,0.27,0.434,1417.0,0.13,1,0,0.2741,28.070725,77.290019,0.493,15.6,28.3,138,6,0.647,0.182,1,0,0,0.3125,0.0625,58.06,3,450,57,MANUAL_REVIEW,1
C007606,W00744,EVT0443,36,Saket,Zomato,Bicycle,37,2687.14,11.3,1,Monsoon,Severe Pollution,0.14,0.3,0.44,0.409,1193.4,0.155,0,1,0.4001,28.284765,77.342748,0.521,20.3,30.2,141,10,0.823,0.224,0,0,0,0.7708,0.1542,58.66,2,300,66,MANUAL_REVIEW,1
C007607,W00349,EVT0181,31,Lajpat Nagar,Zomato,Bike,40,4204.21,8.7,0,Monsoon,Extreme Heat,0.12,0.3,0.42,0.16,1913.9,0.214,1,1,0.0983,28.859046,77.120606,0.531,4.9,37.8,201,6,0.605,0.22,1,0,0,0.8333,0.1667,61.22,3,450,68,MANUAL_REVIEW,1
C007609,W01056,EVT0296,36,Connaught Place,Instamart,Bicycle,23,4454.41,11.1,0,Post-Monsoon,Severe Pollution,0.15,0.1,0.25,0.243,1342.0,0.151,1,0,0.211,28.779408,77.153623,0.456,22.7,40.1,348,2,0.574,0.273,1,0,0,0.4792,0.0958,59.2,5,750,57,MANUAL_REVIEW,1
C007610,W00554,EVT0166,43,North Delhi,Instamart,Bike,47,4477.72,11.2,0,Monsoon,Flooding,0.2,0.3,0.5,0.1,1181.1,0.269,1,0,0.1897,28.387039,76.849591,0.338,2.9,35.1,280,4,0.673,0.253,1,1,0,0.9792,0.1958,61.59,6,900,69,MANUAL_REVIEW,1
C007611,W01616,EVT0106,28,East Delhi,Swiggy,Bike,23,3316.57,11.6,0,Post-Monsoon,Severe Pollution,0.35,0.1,0.45,0.115,1903.6,0.235,0,0,0.184,28.973371,77.418439,0.278,6.9,30.9,103,4,0.453,0.263,0,0,0,0.4792,0.0958,65.88,3,450,65,MANUAL_REVIEW,1
C007612,W00431,EVT0300,39,Noida,Swiggy,EV Scooter,10,3021.06,12.2,0,Post-Monsoon,Flooding,0.28,0.1,0.38,0.242,1701.6,0.077,0,1,0.2493,28.597321,77.252801,0.466,13.2,41.3,297,2,0.37,0.049,1,0,0,0.2083,0.0417,65.22,3,450,45,MANUAL_REVIEW,1
C007615,W01035,EVT0034,20,West Delhi,BigBasket,Bike,38,4370.63,10.2,1,Winter,Social Disruption,0.25,0.05,0.3,0.201,1007.8,0.087,0,0,0.3379,28.873852,77.536138,0.286,24.0,36.6,177,5,0.639,0.106,0,1,1,0.7917,0.1583,52.23,3,450,63,MANUAL_REVIEW,1
C007618,W01332,EVT0202,27,Gurgaon,Zomato,Bike,15,2541.76,7.5,0,Summer,Flooding,0.3,0.2,0.5,0.099,1620.6,0.218,1,0,0.1183,28.337975,76.728414,0.081,13.0,35.2,88,1,0.374,0.189,0,0,0,0.3125,0.0625,70.46,4,600,68,MANUAL_REVIEW,1
C007626,W00751,EVT0435,27,Rohini,Instamart,Bicycle,13,4059.95,13.2,0,Post-Monsoon,Heavy Rainfall,0.18,0.1,0.28,0.034,1207.4,0.209,0,1,0.2534,28.58945,77.516092,0.128,15.6,29.6,243,5,0.425,0.225,0,1,0,0.2708,0.0542,61.39,3,450,70,MANUAL_REVIEW,1
C007628,W00071,EVT0160,24,West Delhi,Instamart,Bike,47,3102.57,10.0,0,Monsoon,Flooding,0.25,0.3,0.55,0.078,884.5,0.043,0,1,0.3028,28.793746,77.320245,0.449,6.9,41.2,349,3,0.851,0.089,1,0,0,0.9792,0.1958,63.65,2,300,65,MANUAL_REVIEW,1
C007636,W00088,EVT0151,41,Dwarka,Zomato,Bicycle,40,4217.16,9.9,0,Winter,Social Disruption,0.22,0.05,0.27,0.37,489.5,0.251,1,1,0.3997,28.040057,77.204778,0.525,17.7,31.6,206,5,0.447,0.202,0,1,0,0.8333,0.1667,51.28,2,300,54,MANUAL_REVIEW,1
C007638,W01313,EVT0052,29,North Delhi,Swiggy,Bike,23,3557.16,9.2,0,Summer,Severe Pollution,0.2,0.2,0.4,0.056,701.5,0.178,1,0,0.235,28.78183,77.237641,0.026,5.2,28.8,363,4,0.68,0.238,1,0,0,0.4792,0.0958,65.36,4,600,84,AUTO_REJECT,1
C007642,W00859,EVT0189,41,East Delhi,Zomato,Bike,39,4069.72,8.8,0,Summer,Social Disruption,0.35,0.2,0.55,0.531,1174.9,0.068,0,0,0.443,28.644962,76.953426,0.161,21.3,32.7,278,8,0.704,0.217,1,1,0,0.8125,0.1625,62.33,5,750,63,MANUAL_REVIEW,1
C007649,W00247,EVT0021,42,North Delhi,Zomato,Bike,8,3241.77,8.9,0,Monsoon,Severe Pollution,0.2,0.3,0.5,0.489,1666.6,0.215,1,0,0.2671,28.946769,77.438215,0.328,12.5,25.4,378,5,0.894,0.293,1,1,0,0.1667,0.0333,69.26,6,900,66,MANUAL_REVIEW,1
C007659,W01853,EVT0234,31,Faridabad,Instamart,Bike,25,3476.11,8.0,1,Post-Monsoon,Heavy Rainfall,0.32,0.1,0.42,0.52,1433.9,0.027,1,1,0.2956,28.065706,77.377686,0.181,4.6,35.8,95,6,0.583,0.169,1,1,1,0.5208,0.1042,62.14,3,450,69,MANUAL_REVIEW,1
C007661,W01893,EVT0037,34,Noida,Instamart,Bike,47,4277.85,7.6,0,Winter,Heavy Rainfall,0.28,0.05,0.33,0.13,644.6,0.265,0,1,0.3818,28.049662,76.816277,0.495,23.3,36.3,75,2,0.354,0.308,0,1,0,0.9792,0.1958,53.45,5,750,54,MANUAL_REVIEW,1
C007662,W00324,EVT0473,28,East Delhi,Zomato,Bike,10,2663.34,7.7,0,Summer,Extreme Heat,0.35,0.2,0.55,0.139,1688.0,0.175,1,0,0.1199,28.412411,76.80844,0.395,3.9,31.8,276,6,0.519,0.15,1,0,0,0.2083,0.0417,77.24,5,750,72,AUTO_REJECT,1
C007667,W01615,EVT0472,27,South Delhi,Zomato,Bike,47,4441.71,10.1,0,Winter,Heavy Rainfall,0.1,0.05,0.15,0.205,1104.9,0.014,0,1,0.3177,28.935887,77.505557,0.006,8.4,30.4,78,3,0.687,0.332,1,0,0,0.9792,0.1958,46.21,5,750,76,AUTO_REJECT,1
C007669,W01503,EVT0112,40,North Delhi,BigBasket,Bicycle,45,6330.91,8.8,0,Winter,Severe Pollution,0.2,0.05,0.25,0.39,887.6,0.15,0,0,0.4379,28.433723,77.16546,0.269,14.9,26.9,303,4,0.438,0.317,1,0,0,0.9375,0.1875,48.91,3,450,58,MANUAL_REVIEW,1
C007670,W00549,EVT0085,28,Lajpat Nagar,Instamart,Bike,19,4646.89,9.3,0,Winter,Social Disruption,0.12,0.05,0.17,0.003,1285.6,0.073,0,1,0.2157,28.556788,77.175741,0.007,12.2,39.2,302,1,0.436,0.015,1,1,0,0.3958,0.0792,54.94,3,450,66,MANUAL_REVIEW,1
C007673,W00672,EVT0241,36,East Delhi,Zepto,EV Scooter,35,3410.33,8.6,0,Monsoon,Social Disruption,0.35,0.3,0.65,0.503,770.8,0.228,1,0,0.4084,28.254657,77.271542,0.564,15.8,37.3,307,3,0.746,0.022,1,0,0,0.7292,0.1458,69.86,2,300,45,MANUAL_REVIEW,1
C007675,W01009,EVT0155,35,Gurgaon,Instamart,Bike,11,2738.46,11.2,0,Summer,Extreme Heat,0.3,0.2,0.5,0.032,625.4,0.249,0,1,0.3439,28.767277,77.558239,0.031,3.5,33.4,195,6,0.492,0.031,0,0,0,0.2292,0.0458,69.1,3,450,73,AUTO_REJECT,1
C007678,W01256,EVT0298,44,Dwarka,Blinkit,Bike,11,4252.16,8.8,0,Winter,Extreme Heat,0.22,0.05,0.27,0.489,1182.7,0.069,1,1,0.3251,28.47343,77.344086,0.336,4.0,37.6,141,7,0.554,0.281,1,0,0,0.2292,0.0458,61.76,2,300,59,MANUAL_REVIEW,1
C007679,W01701,EVT0013,38,Faridabad,BigBasket,Bike,35,4703.49,8.2,0,Monsoon,Heavy Rainfall,0.32,0.3,0.62,0.242,650.9,0.235,0,0,0.4227,28.617373,77.297077,0.191,24.9,33.4,81,5,0.717,0.176,1,0,0,0.7292,0.1458,67.25,2,300,68,MANUAL_REVIEW,1
C007680,W00488,EVT0265,42,Noida,BigBasket,Bicycle,43,4520.64,11.3,0,Monsoon,Heavy Rainfall,0.28,0.3,0.58,0.076,1298.8,0.142,1,1,0.1498,28.872523,77.306048,0.141,39.9,26.3,115,4,0.77,0.167,1,0,0,0.8958,0.1792,66.08,4,600,74,AUTO_REJECT,1
C007682,W01588,EVT0271,21,Faridabad,BigBasket,Bike,12,3483.36,7.8,0,Monsoon,Social Disruption,0.32,0.3,0.62,0.154,673.9,0.274,1,0,0.2879,28.168045,76.761236,0.362,5.5,30.4,267,4,0.561,0.073,1,0,0,0.25,0.05,73.56,6,900,66,MANUAL_REVIEW,1
C007683,W01707,EVT0341,38,Lajpat Nagar,BigBasket,Bike,34,3769.33,9.2,0,Summer,Extreme Heat,0.12,0.2,0.32,0.167,1583.4,0.167,1,1,0.146,28.124548,76.736314,0.478,0.8,28.7,128,5,0.833,0.3,0,0,0,0.7083,0.1417,53.22,3,450,65,MANUAL_REVIEW,1
C007693,W01810,EVT0476,43,East Delhi,BigBasket,Bike,10,3799.06,7.2,1,Monsoon,Severe Pollution,0.35,0.3,0.65,0.192,1874.1,0.203,0,0,0.216,28.121216,77.076235,0.472,3.4,36.6,178,5,0.51,0.21,0,0,0,0.2083,0.0417,76.94,4,600,59,MANUAL_REVIEW,1
C007698,W00262,EVT0216,27,Faridabad,BigBasket,EV Scooter,22,4236.69,9.3,0,Monsoon,Extreme Heat,0.32,0.3,0.62,0.292,1240.1,0.174,1,1,0.2482,28.815107,77.406631,0.278,3.4,29.2,102,5,0.573,0.297,0,0,0,0.4583,0.0917,75.1,6,900,70,MANUAL_REVIEW,1
C007699,W01046,EVT0128,26,Lajpat Nagar,Zomato,Bike,27,2863.4,8.8,0,Summer,Flooding,0.12,0.2,0.32,0.522,1632.3,0.19,0,0,0.383,28.121112,76.980118,0.233,28.4,29.9,209,3,0.895,0.153,1,0,0,0.5625,0.1125,59.12,4,600,60,MANUAL_REVIEW,1
C007700,W00928,EVT0096,22,East Delhi,Instamart,Bicycle,3,5187.06,7.0,0,Monsoon,Extreme Heat,0.35,0.3,0.65,0.13,976.7,0.138,1,0,0.2193,28.172038,76.91073,0.226,1.8,32.1,147,3,0.5,0.244,1,0,0,0.0625,0.0125,82.39,1,150,66,MANUAL_REVIEW,1
C007707,W00983,EVT0038,35,Noida,Swiggy,Bike,35,5328.73,6.5,1,Winter,Heavy Rainfall,0.28,0.05,0.33,0.002,1589.7,0.015,1,0,0.0638,28.759006,76.777918,0.019,35.6,28.3,233,4,0.647,0.189,0,0,0,0.7292,0.1458,56.87,3,450,80,AUTO_REJECT,1
C007714,W00976,EVT0458,23,Dwarka,Instamart,Bicycle,8,4290.33,9.1,0,Summer,Heavy Rainfall,0.22,0.2,0.42,0.354,1468.6,0.239,0,1,0.3452,28.368228,77.316702,0.361,18.4,27.4,243,4,0.45,0.166,1,0,0,0.1667,0.0333,67.95,2,300,50,MANUAL_REVIEW,1
C007716,W01568,EVT0463,39,East Delhi,Blinkit,Bicycle,40,3914.01,8.7,1,Monsoon,Flooding,0.35,0.3,0.65,0.379,908.3,0.16,1,1,0.3314,28.039304,76.641577,0.231,11.3,29.6,331,7,0.697,0.228,1,0,0,0.8333,0.1667,66.95,6,900,72,AUTO_REJECT,1
C007720,W00504,EVT0032,21,Faridabad,Zepto,EV Scooter,5,3821.13,10.1,0,Summer,Flooding,0.32,0.2,0.52,0.174,1293.8,0.144,0,0,0.2899,28.669841,76.939629,0.502,12.8,26.4,185,1,0.854,0.27,0,1,0,0.1042,0.0208,75.41,6,900,57,MANUAL_REVIEW,1
C007725,W01563,EVT0006,38,Lajpat Nagar,Blinkit,EV Scooter,24,3222.92,9.6,0,Winter,Heavy Rainfall,0.12,0.05,0.17,0.332,1766.7,0.251,1,1,0.1929,28.266919,76.926729,0.106,37.5,33.0,84,5,0.453,0.177,0,1,0,0.5,0.1,49.63,3,450,69,MANUAL_REVIEW,1
C007732,W00234,EVT0243,31,Faridabad,Instamart,Bike,18,4199.88,8.7,0,Post-Monsoon,Extreme Heat,0.32,0.1,0.42,0.264,336.4,0.078,1,0,0.3629,28.205663,77.249621,0.28,0.9,29.1,208,4,0.405,0.085,0,0,0,0.375,0.075,64.31,6,900,69,MANUAL_REVIEW,1
C007744,W01204,EVT0086,22,Saket,BigBasket,Bike,2,4289.78,9.7,1,Summer,Flooding,0.14,0.2,0.34,0.288,1353.9,0.185,1,0,0.2306,28.982364,76.773648,0.565,24.0,30.8,253,0,0.88,0.096,0,0,1,0.0417,0.0083,63.36,3,450,53,MANUAL_REVIEW,1
C007747,W01383,EVT0229,35,Noida,Zomato,Bike,45,3750.08,7.7,0,Summer,Social Disruption,0.28,0.2,0.48,0.058,1344.8,0.039,0,1,0.2254,28.382123,77.030465,0.02,21.0,38.0,285,7,0.497,0.185,1,1,0,0.9375,0.1875,62.24,3,450,78,AUTO_REJECT,1
C007751,W01883,EVT0101,42,Rohini,Blinkit,Bike,11,2505.18,7.7,0,Monsoon,Severe Pollution,0.18,0.3,0.48,0.411,835.2,0.015,0,1,0.4406,28.754559,76.740823,0.192,19.4,31.7,136,4,0.46,0.009,0,1,0,0.2292,0.0458,69.42,2,300,56,MANUAL_REVIEW,1
C007755,W00394,EVT0343,37,Lajpat Nagar,Blinkit,Bike,37,5167.11,11.4,1,Post-Monsoon,Heavy Rainfall,0.12,0.1,0.22,0.382,449.7,0.089,1,0,0.3942,28.459284,77.482647,0.009,7.7,32.1,56,4,0.416,0.312,0,0,0,0.7708,0.1542,50.31,3,450,61,MANUAL_REVIEW,1
C007765,W00345,EVT0128,37,Noida,Swiggy,Bike,7,3781.32,10.6,0,Monsoon,Flooding,0.28,0.3,0.58,0.12,1005.5,0.152,1,1,0.2124,28.011313,76.685611,0.532,27.2,27.2,248,5,0.595,0.11,0,0,0,0.1458,0.0292,71.9,3,450,62,MANUAL_REVIEW,1
C007772,W01404,EVT0342,30,West Delhi,Blinkit,Bike,21,4466.03,8.3,0,Monsoon,Social Disruption,0.25,0.3,0.55,0.133,1032.0,0.264,1,0,0.2248,28.043505,77.247159,0.395,7.9,36.1,361,8,0.753,0.311,1,0,0,0.4375,0.0875,69.76,6,900,77,AUTO_REJECT,1
C007777,W01897,EVT0310,20,North Delhi,Blinkit,Bike,4,3119.29,10.4,0,Summer,Flooding,0.2,0.2,0.4,0.391,1143.7,0.226,0,1,0.4074,28.409303,76.87002,0.214,8.8,28.8,377,4,0.786,0.058,1,0,0,0.0833,0.0167,66.11,3,450,63,MANUAL_REVIEW,1
C007782,W01012,EVT0125,33,Noida,Zepto,Bicycle,40,3892.92,9.4,0,Summer,Extreme Heat,0.28,0.2,0.48,0.001,1077.6,0.042,1,1,0.143,28.881015,76.680813,0.355,4.0,34.9,213,3,0.673,0.258,0,0,0,0.8333,0.1667,61.99,3,450,70,MANUAL_REVIEW,1
C007783,W00121,EVT0010,38,Saket,Zepto,Bike,8,3172.57,10.7,0,Post-Monsoon,Severe Pollution,0.14,0.1,0.24,0.006,879.5,0.001,0,0,0.2706,28.207628,77.041581,0.229,6.2,34.6,152,5,0.749,0.184,0,1,0,0.1667,0.0333,57.29,3,450,77,AUTO_REJECT,1
C007784,W01768,EVT0398,26,North Delhi,Blinkit,Bike,15,2880.29,7.1,1,Winter,Severe Pollution,0.2,0.05,0.25,0.41,1744.5,0.022,1,0,0.2045,28.846137,77.2142,0.099,1.3,34.1,284,8,0.755,0.252,1,0,0,0.3125,0.0625,59.84,3,450,72,AUTO_REJECT,1
C007787,W00753,EVT0236,30,Gurgaon,Instamart,Bike,22,2872.57,10.7,1,Post-Monsoon,Extreme Heat,0.3,0.1,0.4,0.508,1957.0,0.005,1,1,0.2102,28.376234,77.534859,0.245,1.4,35.2,206,2,0.423,0.153,1,0,0,0.4583,0.0917,62.52,2,300,48,MANUAL_REVIEW,1
C007788,W00964,EVT0024,36,South Delhi,Zepto,Bike,32,3593.05,8.3,0,Post-Monsoon,Heavy Rainfall,0.1,0.1,0.2,0.029,1245.5,0.244,0,0,0.2492,28.009287,77.531263,0.171,38.6,29.5,55,6,0.477,0.198,0,0,0,0.6667,0.1333,49.41,4,600,71,AUTO_REJECT,1
C007790,W00769,EVT0029,41,Dwarka,Zepto,Bike,5,3855.34,9.4,0,Post-Monsoon,Heavy Rainfall,0.22,0.1,0.32,0.384,1628.9,0.117,0,0,0.321,28.672203,77.531558,0.472,2.1,27.2,113,7,0.755,0.064,1,0,0,0.1042,0.0208,62.82,1,150,58,MANUAL_REVIEW,1
C007791,W00016,EVT0345,23,East Delhi,Zomato,Bike,13,3593.19,6.5,0,Monsoon,Social Disruption,0.35,0.3,0.65,0.001,999.6,0.265,1,1,0.177,28.243888,77.326371,0.471,8.9,27.9,76,7,0.38,0.167,0,0,0,0.2708,0.0542,77.08,3,450,76,AUTO_REJECT,1
C007793,W01675,EVT0496,44,Faridabad,Zepto,Bicycle,22,3044.23,9.0,0,Post-Monsoon,Heavy Rainfall,0.32,0.1,0.42,0.412,1635.3,0.259,1,1,0.2454,28.855054,77.071855,0.148,35.6,35.4,82,8,0.42,0.055,0,0,0,0.4583,0.0917,65.25,3,450,71,AUTO_REJECT,1
C007794,W01439,EVT0158,27,Connaught Place,Zomato,Bike,17,3112.67,8.3,0,Post-Monsoon,Heavy Rainfall,0.15,0.1,0.25,0.463,812.4,0.116,0,1,0.4749,28.17633,77.231527,0.048,29.8,27.9,64,2,0.372,0.031,1,1,0,0.3542,0.0708,57.16,1,150,52,MANUAL_REVIEW,1
C007795,W00574,EVT0085,39,Rohini,Zepto,Bike,26,4650.55,7.2,1,Winter,Heavy Rainfall,0.18,0.05,0.23,0.073,784.6,0.078,1,1,0.2193,28.200884,77.018741,0.104,38.5,34.5,64,6,0.628,0.297,0,0,0,0.5417,0.1083,55.08,2,300,83,AUTO_REJECT,1
C007802,W00670,EVT0158,23,Noida,Zepto,Bike,10,3480.94,9.0,1,Summer,Heavy Rainfall,0.28,0.2,0.48,0.36,653.9,0.201,1,0,0.366,28.352451,77.247479,0.071,41.7,35.3,126,4,0.653,0.191,1,1,1,0.2083,0.0417,69.46,3,450,70,MANUAL_REVIEW,1
C007803,W00871,EVT0489,44,Gurgaon,Instamart,Bike,19,3060.88,9.6,0,Winter,Extreme Heat,0.3,0.05,0.35,0.116,1187.7,0.165,0,0,0.2847,28.556471,77.307623,0.494,0.2,42.2,225,5,0.483,0.277,0,1,0,0.3958,0.0792,59.56,1,150,63,MANUAL_REVIEW,1
C007806,W00661,EVT0363,34,Dwarka,Blinkit,Bike,9,3401.87,11.3,0,Winter,Extreme Heat,0.22,0.05,0.27,0.376,1005.8,0.262,1,0,0.3257,28.07099,77.258065,0.495,3.6,41.9,123,6,0.792,0.044,0,0,0,0.1875,0.0375,55.08,6,900,56,MANUAL_REVIEW,1
C007818,W01450,EVT0105,20,South Delhi,Swiggy,EV Scooter,21,3296.82,8.2,0,Summer,Extreme Heat,0.1,0.2,0.3,0.041,1098.6,0.189,1,1,0.1705,28.001282,77.002716,0.424,1.5,35.7,235,7,0.849,0.151,1,1,0,0.4375,0.0875,56.98,5,750,80,AUTO_REJECT,1
C007820,W01123,EVT0406,34,Dwarka,Zepto,EV Scooter,35,2178.03,9.7,0,Post-Monsoon,Heavy Rainfall,0.22,0.1,0.32,0.348,892.6,0.091,0,0,0.4144,28.75527,77.316526,0.177,38.9,37.2,115,4,0.681,0.289,0,0,0,0.7292,0.1458,60.47,4,600,57,MANUAL_REVIEW,1
C007821,W00468,EVT0394,22,Faridabad,Zepto,Bike,13,4627.36,5.1,0,Monsoon,Heavy Rainfall,0.32,0.3,0.62,0.095,1761.9,0.161,0,1,0.1898,28.734351,77.233258,0.062,31.0,33.5,181,4,0.675,0.137,0,0,0,0.2708,0.0542,78.42,3,450,75,AUTO_REJECT,1
C007822,W00072,EVT0132,30,North Delhi,Zepto,Bike,38,3108.24,8.0,0,Post-Monsoon,Flooding,0.2,0.1,0.3,0.446,1897.5,0.038,1,0,0.1976,28.962028,76.704173,0.535,12.1,38.9,174,8,0.56,0.083,1,1,0,0.7917,0.1583,53.14,3,450,62,MANUAL_REVIEW,1
C007825,W01496,EVT0354,37,Lajpat Nagar,BigBasket,Bike,21,3925.73,8.5,1,Monsoon,Heavy Rainfall,0.12,0.3,0.42,0.152,519.0,0.254,1,0,0.3083,28.647441,77.512178,0.573,28.5,32.0,208,4,0.818,0.172,1,0,0,0.4375,0.0875,63.78,3,450,68,MANUAL_REVIEW,1
C007829,W01695,EVT0289,36,Saket,Zomato,Bike,47,3342.67,9.7,0,Winter,Extreme Heat,0.14,0.05,0.19,0.355,817.4,0.235,1,0,0.3429,28.293164,76.640626,0.322,4.8,35.9,141,4,0.697,0.023,1,0,0,0.9792,0.1958,50.15,4,600,55,MANUAL_REVIEW,1
C007830,W01039,EVT0374,28,West Delhi,Swiggy,Bicycle,30,2675.26,8.9,0,Summer,Extreme Heat,0.25,0.2,0.45,0.215,1838.5,0.131,1,1,0.1233,28.866085,77.300183,0.103,3.3,41.1,100,10,0.4,0.124,1,0,0,0.625,0.125,65.06,4,600,79,AUTO_REJECT,1
C007843,W01690,EVT0001,20,Lajpat Nagar,BigBasket,Bike,45,4276.35,9.3,0,Summer,Social Disruption,0.12,0.2,0.32,0.071,358.9,0.038,0,0,0.3784,28.619494,77.166966,0.114,1.0,25.4,175,2,0.602,0.139,1,0,0,0.9375,0.1875,51.86,3,450,63,MANUAL_REVIEW,1
C007849,W01477,EVT0370,26,West Delhi,Swiggy,EV Scooter,45,3533.82,9.2,0,Winter,Heavy Rainfall,0.25,0.05,0.3,0.112,1231.2,0.272,1,1,0.1873,28.404948,77.099565,0.001,31.4,28.9,68,7,0.458,0.155,0,0,0,0.9375,0.1875,52.12,3,450,81,AUTO_REJECT,1
C007858,W00456,EVT0065,23,Dwarka,Zomato,Bike,32,4507.89,9.7,0,Post-Monsoon,Flooding,0.22,0.1,0.32,0.013,1967.7,0.166,0,0,0.1266,28.861071,77.299883,0.064,23.0,28.3,63,5,0.788,0.013,1,0,0,0.6667,0.1333,56.23,2,300,78,AUTO_REJECT,1
C007863,W01218,EVT0254,38,West Delhi,Zepto,Bike,29,4062.18,11.0,0,Monsoon,Severe Pollution,0.25,0.3,0.55,0.142,1858.3,0.214,1,1,0.0995,28.145959,77.58008,0.382,17.4,39.0,181,5,0.816,0.012,1,1,0,0.6042,0.1208,67.49,3,450,74,AUTO_REJECT,1
C007869,W01034,EVT0295,31,Noida,Zomato,Bike,3,3096.17,8.2,0,Winter,Extreme Heat,0.28,0.05,0.33,0.384,1510.0,0.16,1,0,0.2431,28.756639,77.037191,0.345,3.0,40.4,147,2,0.722,0.035,1,1,0,0.0625,0.0125,65.11,4,600,58,MANUAL_REVIEW,1
C007874,W01909,EVT0081,24,South Delhi,Zepto,EV Scooter,12,4816.26,12.7,1,Post-Monsoon,Severe Pollution,0.1,0.1,0.2,0.045,982.5,0.263,1,0,0.1969,28.002277,76.607034,0.1,1.1,39.8,214,4,0.742,0.011,1,0,0,0.25,0.05,55.24,2,300,78,AUTO_REJECT,1
C007881,W00972,EVT0385,36,West Delhi,Instamart,Bicycle,34,3906.74,11.2,0,Winter,Flooding,0.25,0.05,0.3,0.262,1771.6,0.124,1,1,0.1515,28.663183,77.573568,0.551,2.1,39.0,120,6,0.403,0.347,0,0,0,0.7083,0.1417,56.48,4,600,59,MANUAL_REVIEW,1
C007886,W01330,EVT0077,28,Noida,Instamart,Bike,42,3578.93,9.0,1,Summer,Heavy Rainfall,0.28,0.2,0.48,0.231,472.8,0.095,1,1,0.331,28.384052,77.364062,0.158,33.0,29.5,132,4,0.872,0.248,1,0,0,0.875,0.175,59.29,3,450,72,AUTO_REJECT,1
C007890,W00787,EVT0102,23,South Delhi,BigBasket,Bike,23,4360.61,8.2,0,Post-Monsoon,Severe Pollution,0.1,0.1,0.2,0.301,1044.7,0.046,1,1,0.2683,28.448488,77.39104,0.012,28.1,38.1,86,3,0.605,0.132,1,0,0,0.4792,0.0958,53.49,2,300,67,MANUAL_REVIEW,1
C007895,W00203,EVT0234,25,Noida,Zepto,Bike,3,2941.17,10.0,1,Post-Monsoon,Social Disruption,0.28,0.1,0.38,0.073,498.3,0.132,1,0,0.2677,28.808077,76.733795,0.117,26.6,38.0,199,1,0.569,0.121,0,0,1,0.0625,0.0125,64.8,1,150,73,AUTO_REJECT,1
C007899,W00721,EVT0192,26,Noida,Zomato,Bike,27,4319.21,9.5,0,Summer,Flooding,0.28,0.2,0.48,0.298,1826.3,0.188,1,0,0.1641,28.350625,77.363291,0.314,9.9,32.2,342,8,0.803,0.131,0,0,0,0.5625,0.1125,64.89,5,750,78,AUTO_REJECT,1
C007904,W01256,EVT0220,44,Dwarka,Blinkit,Bike,11,4252.16,8.8,0,Winter,Social Disruption,0.22,0.05,0.27,0.534,1168.5,0.269,1,1,0.3652,28.755978,76.955048,0.083,7.1,32.8,159,8,0.66,0.072,1,0,0,0.2292,0.0458,58.0,6,900,68,MANUAL_REVIEW,1
C007910,W00583,EVT0098,28,South Delhi,BigBasket,Bike,5,1530.37,6.2,0,Post-Monsoon,Social Disruption,0.1,0.1,0.2,0.513,1296.5,0.053,1,1,0.316,28.403076,76.93356,0.573,3.9,28.8,356,6,0.637,0.099,1,0,0,0.1042,0.0208,57.97,3,450,51,MANUAL_REVIEW,1
C007912,W00005,EVT0100,31,Connaught Place,BigBasket,Bike,47,4948.22,7.6,0,Post-Monsoon,Heavy Rainfall,0.15,0.1,0.25,0.067,1068.1,0.279,0,1,0.2945,28.853178,76.867544,0.458,37.5,35.4,106,4,0.463,0.059,1,1,0,0.9792,0.1958,48.86,5,750,66,MANUAL_REVIEW,1
C007915,W01041,EVT0285,36,Saket,Blinkit,Bicycle,32,4792.75,9.3,0,Monsoon,Extreme Heat,0.14,0.3,0.44,0.193,492.5,0.11,1,1,0.3143,28.43553,77.207916,0.217,4.6,41.6,175,5,0.801,0.133,1,0,0,0.6667,0.1333,55.51,1,150,72,AUTO_REJECT,1
C007920,W01142,EVT0446,27,South Delhi,Blinkit,Bike,24,2554.52,9.6,0,Post-Monsoon,Severe Pollution,0.1,0.1,0.2,0.346,892.6,0.168,0,0,0.4213,28.040675,77.111975,0.325,15.9,33.3,211,3,0.451,0.103,0,1,0,0.5,0.1,52.53,5,750,47,MANUAL_REVIEW,1
C007924,W00252,EVT0365,34,Rohini,Swiggy,Bike,32,3086.86,10.3,0,Monsoon,Severe Pollution,0.18,0.3,0.48,0.417,1312.8,0.239,1,1,0.2938,28.598788,77.077606,0.314,13.2,39.7,209,5,0.836,0.177,1,0,0,0.6667,0.1333,65.25,5,750,65,MANUAL_REVIEW,1
C007930,W01832,EVT0447,36,North Delhi,Swiggy,Bike,22,5316.78,9.1,1,Summer,Heavy Rainfall,0.2,0.2,0.4,0.374,406.9,0.057,1,0,0.3943,28.513795,76.668347,0.047,23.0,29.8,92,5,0.757,0.077,0,0,1,0.4583,0.0917,64.92,4,600,69,MANUAL_REVIEW,1
C007934,W01742,EVT0314,33,Rohini,BigBasket,Bike,1,3782.99,7.8,0,Winter,Social Disruption,0.18,0.05,0.23,0.281,740.2,0.059,1,0,0.3073,28.610041,77.06201,0.089,9.1,37.4,327,8,0.65,0.134,1,0,0,0.0208,0.0042,62.3,3,450,70,MANUAL_REVIEW,1
C007937,W01396,EVT0341,35,Dwarka,Zepto,Bike,3,4054.93,11.9,1,Winter,Extreme Heat,0.22,0.05,0.27,0.489,386.0,0.227,1,1,0.4604,28.964698,77.560409,0.387,4.5,30.2,125,8,0.364,0.06,1,0,0,0.0625,0.0125,62.4,5,750,60,MANUAL_REVIEW,1
C007939,W00573,EVT0495,32,West Delhi,Zepto,Bike,8,4522.11,10.1,0,Summer,Social Disruption,0.25,0.2,0.45,0.276,1885.4,0.002,0,0,0.2278,28.050718,77.585268,0.211,28.3,39.5,224,6,0.82,0.063,0,0,0,0.1667,0.0333,71.54,2,300,69,MANUAL_REVIEW,1
C007941,W00616,EVT0016,26,East Delhi,Zepto,Bicycle,35,4897.63,9.4,0,Post-Monsoon,Flooding,0.35,0.1,0.45,0.216,1220.8,0.011,1,1,0.2044,28.087739,77.146449,0.115,16.2,32.4,224,5,0.827,0.212,0,0,0,0.7292,0.1458,62.58,4,600,76,AUTO_REJECT,1
C007944,W01252,EVT0291,42,Saket,Swiggy,EV Scooter,30,2854.58,6.9,0,Summer,Flooding,0.14,0.2,0.34,0.211,337.8,0.016,0,1,0.4353,28.148999,77.158698,0.549,2.3,38.6,250,4,0.814,0.328,1,0,0,0.625,0.125,60.22,4,600,70,MANUAL_REVIEW,1
C007947,W00270,EVT0030,38,Dwarka,Zomato,Bike,37,4320.58,12.0,0,Post-Monsoon,Social Disruption,0.22,0.1,0.32,0.01,1732.2,0.154,0,1,0.1596,28.378888,77.064965,0.074,8.7,27.8,246,5,0.858,0.334,1,0,0,0.7708,0.1542,57.15,2,300,82,AUTO_REJECT,1
C007957,W00785,EVT0259,37,Rohini,Instamart,Bike,27,3220.34,8.7,1,Post-Monsoon,Flooding,0.18,0.1,0.28,0.539,297.9,0.158,0,1,0.5867,28.501257,77.414517,0.357,8.4,40.7,243,4,0.633,0.193,1,1,1,0.5625,0.1125,53.22,1,150,49,MANUAL_REVIEW,1
C007959,W00667,EVT0484,35,Rohini,BigBasket,Bike,6,2984.98,9.7,0,Winter,Heavy Rainfall,0.18,0.05,0.23,0.267,947.9,0.035,0,1,0.3681,28.852268,76.719926,0.391,33.4,34.6,161,5,0.397,0.126,1,1,0,0.125,0.025,59.99,3,450,53,MANUAL_REVIEW,1
C007960,W00348,EVT0149,27,Dwarka,Swiggy,Bike,26,3007.3,7.9,1,Winter,Heavy Rainfall,0.22,0.05,0.27,0.302,1198.6,0.08,0,0,0.349,28.882483,77.077705,0.205,10.6,29.5,112,2,0.883,0.181,1,0,0,0.5417,0.1083,54.74,5,750,61,MANUAL_REVIEW,1
C007963,W01754,EVT0128,44,Faridabad,BigBasket,Bicycle,16,4719.52,7.8,0,Monsoon,Severe Pollution,0.32,0.3,0.62,0.206,960.7,0.205,1,0,0.2588,28.386502,76.825675,0.471,26.5,27.1,279,5,0.677,0.344,1,0,0,0.3333,0.0667,71.86,5,750,64,MANUAL_REVIEW,1
C007964,W00780,EVT0379,26,Lajpat Nagar,Swiggy,Bike,4,3627.21,11.1,0,Summer,Social Disruption,0.12,0.2,0.32,0.193,600.1,0.017,1,1,0.2889,28.812394,77.546367,0.139,23.4,26.0,142,4,0.682,0.346,1,1,0,0.0833,0.0167,62.21,3,450,74,AUTO_REJECT,1
C007974,W00930,EVT0333,29,Dwarka,Instamart,Bike,46,4258.92,10.7,1,Winter,Severe Pollution,0.22,0.05,0.27,0.048,720.3,0.139,1,1,0.2251,28.901193,77.076419,0.338,11.4,28.8,248,4,0.669,0.242,0,1,0,0.9583,0.1917,52.08,3,450,75,AUTO_REJECT,1
C007977,W01960,EVT0066,44,Connaught Place,Zepto,Bike,19,4418.92,9.5,0,Summer,Heavy Rainfall,0.15,0.2,0.35,0.059,1191.7,0.258,1,0,0.1706,28.77692,77.264375,0.236,10.6,37.0,85,5,0.418,0.02,0,0,0,0.3958,0.0792,61.07,3,450,72,AUTO_REJECT,1
C007981,W00966,EVT0296,41,Rohini,Swiggy,Bicycle,30,2165.88,11.7,0,Monsoon,Social Disruption,0.18,0.3,0.48,0.122,635.1,0.023,1,0,0.2558,28.071441,77.405045,0.042,28.2,39.3,66,5,0.898,0.128,0,0,0,0.625,0.125,63.97,3,450,85,AUTO_REJECT,1
C007989,W01140,EVT0358,32,Noida,Zomato,Bike,19,3347.31,9.5,0,Summer,Extreme Heat,0.28,0.2,0.48,0.495,1803.0,0.193,1,1,0.2469,28.470607,76.762527,0.483,4.3,42.2,160,4,0.468,0.059,0,0,0,0.3958,0.0792,65.15,3,450,53,MANUAL_REVIEW,1
C007991,W01584,EVT0209,30,Noida,Zomato,Bike,34,3083.42,9.4,0,Summer,Extreme Heat,0.28,0.2,0.48,0.121,636.2,0.143,0,1,0.3673,28.294192,76.848526,0.035,3.2,40.3,105,3,0.432,0.219,1,0,0,0.7083,0.1417,61.04,6,900,62,MANUAL_REVIEW,1
C007996,W01262,EVT0283,35,Dwarka,Swiggy,Bike,38,2440.58,8.5,0,Post-Monsoon,Flooding,0.22,0.1,0.32,0.494,570.2,0.145,0,1,0.5266,28.397055,77.349926,0.278,4.2,25.8,280,4,0.771,0.213,1,0,0,0.7917,0.1583,50.85,4,600,58,MANUAL_REVIEW,1
C008000,W01861,EVT0181,41,Saket,Zepto,Bike,42,3344.87,8.5,0,Monsoon,Social Disruption,0.14,0.3,0.44,0.392,834.3,0.159,1,0,0.3476,28.194231,76.732581,0.098,12.3,25.7,327,4,0.482,0.04,1,0,0,0.875,0.175,59.69,3,450,64,MANUAL_REVIEW,1
C008004,W00680,EVT0347,33,Connaught Place,Instamart,Bike,9,5892.38,7.4,0,Summer,Flooding,0.15,0.2,0.35,0.419,481.2,0.104,1,1,0.4058,28.96804,77.197087,0.163,5.9,31.6,160,4,0.769,0.038,1,0,0,0.1875,0.0375,62.02,3,450,64,MANUAL_REVIEW,1
C008007,W01456,EVT0221,22,Gurgaon,Zomato,Bike,15,3443.56,7.8,0,Summer,Flooding,0.3,0.2,0.5,0.425,591.1,0.07,1,1,0.3883,28.055753,76.762955,0.221,11.2,31.0,71,6,0.491,0.257,1,1,0,0.3125,0.0625,70.21,5,750,64,MANUAL_REVIEW,1
C008013,W01709,EVT0420,28,Dwarka,Swiggy,Bike,47,2281.56,9.1,0,Post-Monsoon,Severe Pollution,0.22,0.1,0.32,0.334,1225.7,0.036,0,0,0.3533,28.916411,77.449859,0.369,2.9,32.2,51,4,0.462,0.169,0,0,0,0.9792,0.1958,53.51,3,450,59,MANUAL_REVIEW,1
C008014,W01224,EVT0231,34,Connaught Place,Blinkit,EV Scooter,16,2793.75,9.0,0,Post-Monsoon,Flooding,0.15,0.1,0.25,0.537,1708.4,0.177,1,0,0.2762,28.417814,76.772604,0.196,15.5,31.6,120,7,0.405,0.22,0,0,0,0.3333,0.0667,58.37,3,450,59,MANUAL_REVIEW,1
C008017,W01914,EVT0484,37,Lajpat Nagar,Zepto,Bicycle,36,4755.42,8.9,0,Summer,Social Disruption,0.12,0.2,0.32,0.527,320.3,0.126,0,1,0.5754,28.880504,77.419957,0.4,12.0,36.4,109,4,0.56,0.201,1,0,0,0.75,0.15,56.67,4,600,46,MANUAL_REVIEW,1
C008018,W01335,EVT0192,41,South Delhi,Blinkit,Bike,17,3128.65,9.6,0,Post-Monsoon,Social Disruption,0.1,0.1,0.2,0.448,1458.8,0.028,1,0,0.2632,28.644201,77.276031,0.418,23.9,40.8,345,4,0.648,0.246,0,1,0,0.3542,0.0708,55.5,4,600,57,MANUAL_REVIEW,1
C008023,W01145,EVT0449,25,Connaught Place,Swiggy,EV Scooter,34,4386.68,8.1,0,Monsoon,Social Disruption,0.15,0.3,0.45,0.372,463.7,0.07,0,0,0.4862,28.431632,77.343363,0.462,24.8,28.2,339,8,0.82,0.115,1,1,0,0.7083,0.1417,57.01,2,300,70,MANUAL_REVIEW,1
C008027,W01691,EVT0196,32,Rohini,Instamart,Bicycle,6,4586.62,9.6,0,Post-Monsoon,Flooding,0.18,0.1,0.28,0.364,1107.8,0.035,0,0,0.3829,28.555388,77.489653,0.01,27.3,41.0,378,8,0.882,0.25,1,1,0,0.125,0.025,59.37,1,150,75,AUTO_REJECT,1
C008028,W01225,EVT0305,24,East Delhi,BigBasket,Bicycle,46,4738.28,8.2,1,Monsoon,Heavy Rainfall,0.35,0.3,0.65,0.376,1852.6,0.089,0,0,0.2814,28.889259,77.02108,0.459,21.5,28.7,245,7,0.596,0.028,1,1,0,0.9583,0.1917,67.44,2,300,56,MANUAL_REVIEW,1
C008029,W00265,EVT0132,37,West Delhi,Instamart,EV Scooter,44,4489.36,8.0,0,Summer,Severe Pollution,0.25,0.2,0.45,0.037,1284.8,0.255,1,0,0.1476,28.256778,76.7166,0.064,10.4,31.4,141,9,0.408,0.275,1,0,0,0.9167,0.1833,59.88,5,750,91,AUTO_REJECT,1
C008031,W00834,EVT0044,28,Connaught Place,Blinkit,Bike,40,4463.8,11.0,0,Post-Monsoon,Social Disruption,0.15,0.1,0.25,0.202,1652.3,0.242,1,1,0.1572,28.357394,77.006389,0.453,22.2,33.6,248,4,0.569,0.31,1,0,0,0.8333,0.1667,50.25,3,450,57,MANUAL_REVIEW,1
C008032,W00405,EVT0299,22,Faridabad,Swiggy,Bike,4,2903.11,12.1,0,Post-Monsoon,Severe Pollution,0.32,0.1,0.42,0.467,281.6,0.26,1,0,0.4706,28.714807,77.07492,0.331,18.4,33.5,99,6,0.588,0.243,0,0,0,0.0833,0.0167,69.83,5,750,57,MANUAL_REVIEW,1
C008035,W00918,EVT0350,32,Rohini,Blinkit,Bike,41,4265.35,9.2,0,Winter,Extreme Heat,0.18,0.05,0.23,0.061,883.0,0.196,0,0,0.3115,28.567102,76.635742,0.024,2.2,36.9,203,4,0.367,0.251,0,1,0,0.8542,0.1708,50.58,1,150,69,MANUAL_REVIEW,1
C008042,W01290,EVT0189,40,South Delhi,BigBasket,EV Scooter,26,3623.06,7.8,1,Winter,Extreme Heat,0.1,0.05,0.15,0.172,1459.9,0.149,1,0,0.1647,28.197552,76.690656,0.324,3.3,31.6,227,4,0.643,0.28,0,0,1,0.5417,0.1083,49.31,6,900,67,MANUAL_REVIEW,1
C008044,W01619,EVT0182,26,West Delhi,Zepto,Bike,18,5148.04,9.0,0,Post-Monsoon,Heavy Rainfall,0.25,0.1,0.35,0.11,1437.6,0.06,0,1,0.2344,28.037627,76.752031,0.491,23.7,28.8,207,1,0.741,0.14,0,0,0,0.375,0.075,63.75,3,450,54,MANUAL_REVIEW,1
C008046,W01248,EVT0109,33,Lajpat Nagar,Instamart,Bike,39,4153.28,9.0,0,Monsoon,Heavy Rainfall,0.12,0.3,0.42,0.003,934.2,0.219,1,0,0.183,28.618036,77.474768,0.006,6.8,25.1,130,5,0.542,0.248,0,0,0,0.8125,0.1625,53.4,2,300,77,AUTO_REJECT,1
C008047,W00875,EVT0266,28,North Delhi,BigBasket,EV Scooter,47,4719.38,7.4,0,Monsoon,Social Disruption,0.2,0.3,0.5,0.537,1695.2,0.215,1,0,0.282,28.806778,77.022942,0.021,6.3,28.2,339,4,0.823,0.234,1,0,0,0.9792,0.1958,58.57,3,450,64,MANUAL_REVIEW,1
C008049,W00424,EVT0185,38,North Delhi,Swiggy,EV Scooter,22,3758.51,9.2,0,Post-Monsoon,Social Disruption,0.2,0.1,0.3,0.147,918.3,0.243,0,1,0.3454,28.53832,76.62535,0.432,25.5,34.4,285,6,0.394,0.079,0,0,0,0.4583,0.0917,60.86,5,750,68,MANUAL_REVIEW,1
C008051,W01730,EVT0255,44,North Delhi,Blinkit,Bicycle,35,3616.09,9.0,0,Monsoon,Severe Pollution,0.2,0.3,0.5,0.319,1724.4,0.146,0,0,0.2835,28.856628,77.24877,0.089,10.3,41.3,131,8,0.526,0.158,1,0,0,0.7292,0.1458,61.02,5,750,72,AUTO_REJECT,1
C008057,W00797,EVT0419,25,Gurgaon,Zepto,EV Scooter,36,2988.05,8.1,0,Winter,Heavy Rainfall,0.3,0.05,0.35,0.396,654.4,0.203,1,0,0.3805,28.449876,77.54665,0.238,24.0,31.7,108,4,0.398,0.08,0,0,0,0.75,0.15,54.75,2,300,60,MANUAL_REVIEW,1
C008058,W01507,EVT0065,32,East Delhi,Zepto,Bike,11,4593.63,8.9,1,Post-Monsoon,Heavy Rainfall,0.35,0.1,0.45,0.109,1915.8,0.099,1,1,0.0661,28.008909,77.12537,0.173,21.7,37.0,66,7,0.506,0.051,0,0,1,0.2292,0.0458,68.32,3,450,82,AUTO_REJECT,1
C008062,W01650,EVT0425,32,Noida,Blinkit,Bicycle,13,3784.06,9.9,1,Winter,Severe Pollution,0.28,0.05,0.33,0.373,1731.9,0.109,0,1,0.3003,28.827642,76.681898,0.527,3.9,26.3,281,4,0.649,0.347,0,0,0,0.2708,0.0542,60.17,5,750,52,MANUAL_REVIEW,1
C008067,W00623,EVT0409,42,West Delhi,Swiggy,Bike,6,3924.68,12.1,0,Post-Monsoon,Heavy Rainfall,0.25,0.1,0.35,0.081,618.7,0.168,1,1,0.2564,28.330593,76.651362,0.484,18.1,30.0,150,6,0.886,0.147,1,0,0,0.125,0.025,62.44,5,750,75,AUTO_REJECT,1
C008068,W00828,EVT0004,23,Noida,Blinkit,Bike,32,5016.7,10.1,0,Monsoon,Social Disruption,0.28,0.3,0.58,0.006,1487.2,0.138,1,1,0.0931,28.081034,76.65766,0.349,2.6,35.9,356,4,0.748,0.195,1,0,0,0.6667,0.1333,67.37,5,750,73,AUTO_REJECT,1
C008072,W00465,EVT0088,26,Saket,Blinkit,EV Scooter,41,3716.25,7.6,0,Monsoon,Social Disruption,0.14,0.3,0.44,0.367,1906.9,0.085,1,1,0.1693,28.155531,77.468486,0.209,22.2,41.6,353,4,0.694,0.133,0,1,0,0.8542,0.1708,60.16,3,450,67,MANUAL_REVIEW,1
C008074,W00718,EVT0131,41,South Delhi,BigBasket,Bicycle,10,3074.71,5.8,0,Summer,Flooding,0.1,0.2,0.3,0.098,1073.8,0.156,1,0,0.1937,28.120144,77.234205,0.441,18.5,32.1,62,7,0.767,0.285,1,0,0,0.2083,0.0417,61.79,6,900,85,AUTO_REJECT,1
C008076,W01657,EVT0210,23,Faridabad,Instamart,Bike,21,4009.75,7.2,1,Summer,Social Disruption,0.32,0.2,0.52,0.395,1908.4,0.27,1,1,0.1987,28.121483,77.098302,0.569,22.3,41.0,361,4,0.356,0.124,1,0,1,0.4375,0.0875,68.32,6,900,57,MANUAL_REVIEW,1
C008078,W01133,EVT0020,27,Faridabad,BigBasket,EV Scooter,19,3389.4,7.2,0,Post-Monsoon,Flooding,0.32,0.1,0.42,0.382,433.7,0.222,1,1,0.4099,28.196569,76.713197,0.199,27.6,27.6,174,7,0.612,0.061,1,0,0,0.3958,0.0792,63.12,5,750,73,AUTO_REJECT,1
C008080,W01547,EVT0061,41,Noida,Swiggy,EV Scooter,16,3647.36,8.8,0,Summer,Social Disruption,0.28,0.2,0.48,0.525,412.9,0.045,1,1,0.4526,28.095071,76.721367,0.343,11.5,30.3,295,5,0.64,0.211,1,1,0,0.3333,0.0667,67.79,5,750,60,MANUAL_REVIEW,1
C008086,W00461,EVT0086,20,East Delhi,Zepto,EV Scooter,23,4939.33,10.7,0,Winter,Severe Pollution,0.35,0.05,0.4,0.381,1224.9,0.16,1,0,0.2847,28.196764,77.295309,0.027,8.2,26.2,125,4,0.823,0.176,0,0,0,0.4792,0.0958,63.13,4,600,73,AUTO_REJECT,1
C008095,W00452,EVT0038,26,Noida,Zepto,Bicycle,24,3084.5,11.3,0,Summer,Flooding,0.28,0.2,0.48,0.243,1569.5,0.247,1,1,0.1865,28.717902,76.935525,0.241,27.6,31.8,271,6,0.702,0.189,1,0,0,0.5,0.1,65.22,3,450,74,AUTO_REJECT,1
C008098,W01652,EVT0110,38,East Delhi,Blinkit,Bike,28,2924.12,9.6,0,Winter,Extreme Heat,0.35,0.05,0.4,0.111,1470.2,0.149,1,1,0.1388,28.808397,76.819221,0.086,1.7,30.8,183,5,0.52,0.272,0,0,0,0.5833,0.1167,61.62,3,450,81,AUTO_REJECT,1
C008101,W01003,EVT0190,36,Connaught Place,Zomato,Bicycle,37,3604.34,7.4,0,Summer,Extreme Heat,0.15,0.2,0.35,0.294,1273.1,0.058,1,1,0.2324,28.808811,76.759719,0.433,0.8,37.8,260,3,0.844,0.143,1,0,0,0.7708,0.1542,55.23,2,300,61,MANUAL_REVIEW,1
C008102,W01742,EVT0441,33,Rohini,BigBasket,Bike,1,3782.99,7.8,0,Winter,Heavy Rainfall,0.18,0.05,0.23,0.012,740.4,0.224,1,1,0.2161,28.9243,77.103745,0.563,26.1,34.6,135,9,0.554,0.343,0,1,0,0.0208,0.0042,56.55,3,450,73,AUTO_REJECT,1
C008112,W00579,EVT0291,40,Gurgaon,Swiggy,Bike,6,2717.37,9.3,0,Winter,Social Disruption,0.3,0.05,0.35,0.291,670.0,0.036,1,1,0.3195,28.002775,77.339415,0.149,9.8,27.3,377,4,0.654,0.294,0,1,0,0.125,0.025,62.93,3,450,66,MANUAL_REVIEW,1
C008113,W00458,EVT0393,43,North Delhi,Instamart,Bike,6,3141.86,8.2,0,Winter,Heavy Rainfall,0.2,0.05,0.25,0.393,463.1,0.105,0,1,0.4982,28.350206,77.066172,0.228,19.1,28.5,81,5,0.625,0.047,0,1,0,0.125,0.025,59.62,3,450,63,MANUAL_REVIEW,1
C008115,W00308,EVT0263,27,West Delhi,Blinkit,Bike,26,3132.82,7.7,0,Winter,Social Disruption,0.25,0.05,0.3,0.314,1625.6,0.139,1,1,0.1957,28.679261,77.270838,0.22,10.6,38.0,178,7,0.49,0.105,0,0,0,0.5417,0.1083,54.05,3,450,71,AUTO_REJECT,1
C008118,W01368,EVT0215,27,East Delhi,Instamart,Bike,14,5238.79,9.8,1,Winter,Flooding,0.35,0.05,0.4,0.099,1845.0,0.028,1,1,0.0657,28.515175,76.784991,0.413,6.7,36.7,130,4,0.837,0.194,0,0,0,0.2917,0.0583,65.96,3,450,67,MANUAL_REVIEW,1
C008131,W00021,EVT0196,40,Saket,Swiggy,Bicycle,9,4259.88,7.8,0,Winter,Severe Pollution,0.14,0.05,0.19,0.334,1181.2,0.146,1,1,0.271,28.655511,77.166499,0.099,3.0,33.9,89,8,0.665,0.016,1,0,0,0.1875,0.0375,54.67,3,450,76,AUTO_REJECT,1
C008133,W01801,EVT0422,28,Noida,Zomato,Bike,6,3327.1,10.1,0,Monsoon,Severe Pollution,0.28,0.3,0.58,0.487,575.5,0.272,1,1,0.4357,28.042657,76.918506,0.189,8.1,39.0,165,5,0.438,0.213,1,1,0,0.125,0.025,74.32,3,450,59,MANUAL_REVIEW,1
C008144,W01359,EVT0180,44,Saket,Zomato,Bike,40,3639.87,10.9,0,Monsoon,Extreme Heat,0.14,0.3,0.44,0.07,946.4,0.032,1,1,0.1892,28.865109,77.370914,0.177,4.4,36.6,206,7,0.628,0.131,1,1,0,0.8333,0.1667,59.3,4,600,81,AUTO_REJECT,1
C008148,W01160,EVT0468,39,Dwarka,Zepto,Bike,18,6224.11,8.0,0,Summer,Severe Pollution,0.22,0.2,0.42,0.395,1376.5,0.157,1,0,0.2672,28.501089,77.131128,0.334,11.7,36.2,214,7,0.819,0.121,1,1,0,0.375,0.075,61.52,1,150,76,AUTO_REJECT,1
C008150,W00181,EVT0173,25,Rohini,Blinkit,Bike,20,3415.73,9.9,0,Post-Monsoon,Extreme Heat,0.18,0.1,0.28,0.463,1879.8,0.028,1,1,0.206,28.542152,77.454683,0.138,2.2,39.0,88,6,0.633,0.111,1,0,0,0.4167,0.0833,55.79,1,150,63,MANUAL_REVIEW,1
C008158,W00490,EVT0121,37,East Delhi,Zepto,Bike,40,3798.11,10.0,0,Winter,Extreme Heat,0.35,0.05,0.4,0.417,747.9,0.13,1,1,0.3676,28.551395,76.668153,0.307,1.9,42.1,137,3,0.384,0.223,1,0,0,0.8333,0.1667,59.25,3,450,50,MANUAL_REVIEW,1
C008163,W00228,EVT0488,38,South Delhi,BigBasket,Bike,37,3770.9,8.3,0,Post-Monsoon,Flooding,0.1,0.1,0.2,0.542,1434.4,0.225,0,0,0.4241,28.476428,76.907532,0.453,2.5,25.9,134,2,0.709,0.341,1,1,0,0.7708,0.1542,47.96,3,450,41,MANUAL_REVIEW,1
C008169,W01777,EVT0305,42,East Delhi,Blinkit,Bike,44,3136.16,8.7,0,Summer,Severe Pollution,0.35,0.2,0.55,0.193,549.0,0.087,1,1,0.3035,28.900815,76.838721,0.22,16.1,29.7,199,4,0.576,0.043,1,0,0,0.9167,0.1833,61.9,2,300,65,MANUAL_REVIEW,1
C008178,W01126,EVT0434,27,East Delhi,Instamart,Bike,5,3106.16,6.6,0,Summer,Social Disruption,0.35,0.2,0.55,0.218,1147.6,0.139,1,1,0.229,28.605534,77.247741,0.546,16.1,26.8,220,1,0.522,0.277,0,0,0,0.1042,0.0208,72.2,4,600,59,MANUAL_REVIEW,1
C008182,W01496,EVT0116,37,Lajpat Nagar,BigBasket,Bike,21,3925.73,8.5,1,Post-Monsoon,Heavy Rainfall,0.12,0.1,0.22,0.344,1150.6,0.228,1,0,0.2878,28.035045,76.727372,0.093,25.4,27.7,92,5,0.826,0.164,1,0,0,0.4375,0.0875,53.61,4,600,69,MANUAL_REVIEW,1
C008189,W00247,EVT0035,42,North Delhi,Zomato,Bike,8,3241.77,8.9,0,Monsoon,Heavy Rainfall,0.2,0.3,0.5,0.43,1581.9,0.062,1,0,0.2409,28.410282,76.673561,0.487,38.4,35.0,52,6,0.543,0.083,0,0,0,0.1667,0.0333,69.09,1,150,60,MANUAL_REVIEW,1
C008190,W01895,EVT0121,41,Gurgaon,BigBasket,Bike,12,4113.93,10.3,0,Summer,Flooding,0.3,0.2,0.5,0.086,292.7,0.14,1,0,0.3045,28.519458,76.618606,0.478,26.6,32.4,243,2,0.83,0.125,1,0,0,0.25,0.05,70.88,3,450,69,MANUAL_REVIEW,1
C008193,W00359,EVT0494,28,West Delhi,Zepto,Bike,29,3487.21,12.9,0,Post-Monsoon,Heavy Rainfall,0.25,0.1,0.35,0.184,1418.9,0.093,0,1,0.2701,28.853232,76.601529,0.246,41.2,26.0,136,6,0.556,0.203,1,1,0,0.6042,0.1208,61.14,6,900,72,AUTO_REJECT,1
C008195,W01847,EVT0161,24,East Delhi,Zepto,Bicycle,19,3075.66,8.7,0,Summer,Extreme Heat,0.35,0.2,0.55,0.205,763.3,0.257,1,0,0.2932,28.156105,77.300508,0.231,2.0,34.8,258,4,0.482,0.315,1,1,0,0.3958,0.0792,71.57,1,150,71,AUTO_REJECT,1
C008199,W00676,EVT0062,26,Lajpat Nagar,Zomato,EV Scooter,47,4395.27,10.6,0,Monsoon,Extreme Heat,0.12,0.3,0.42,0.283,1687.0,0.151,1,0,0.1752,28.820637,77.001578,0.55,1.4,32.8,210,6,0.489,0.027,1,1,0,0.9792,0.1958,52.53,1,150,59,MANUAL_REVIEW,1
C008203,W00290,EVT0053,33,North Delhi,Zepto,Bicycle,10,2740.86,9.5,0,Monsoon,Severe Pollution,0.2,0.3,0.5,0.283,905.0,0.012,1,1,0.2786,28.03063,77.2609,0.283,17.7,40.6,119,6,0.724,0.242,1,0,0,0.2083,0.0417,67.44,3,450,68,MANUAL_REVIEW,1
C008204,W01750,EVT0174,23,Saket,Instamart,EV Scooter,15,3549.91,9.2,0,Monsoon,Flooding,0.14,0.3,0.44,0.457,1368.2,0.018,0,1,0.3794,28.459336,77.448412,0.361,7.1,26.3,320,9,0.567,0.282,1,1,0,0.3125,0.0625,66.23,3,450,65,MANUAL_REVIEW,1
C008208,W00127,EVT0048,31,South Delhi,Zepto,EV Scooter,29,3146.87,8.7,0,Winter,Severe Pollution,0.1,0.05,0.15,0.372,810.4,0.235,1,1,0.3507,28.667423,76.71491,0.451,28.3,34.3,233,8,0.387,0.058,0,1,0,0.6042,0.1208,47.68,5,750,57,MANUAL_REVIEW,1
C008210,W01104,EVT0092,29,Faridabad,Instamart,Bike,15,3368.03,7.7,1,Summer,Severe Pollution,0.32,0.2,0.52,0.471,1550.3,0.263,0,0,0.3822,28.021691,77.300335,0.266,21.9,34.1,365,5,0.569,0.25,1,0,1,0.3125,0.0625,71.02,4,600,52,MANUAL_REVIEW,1
C008211,W00985,EVT0418,41,Faridabad,Instamart,Bike,19,2416.27,8.6,0,Winter,Extreme Heat,0.32,0.05,0.37,0.152,353.2,0.076,0,1,0.4154,28.603533,76.616506,0.281,2.4,31.8,188,6,0.641,0.327,1,1,0,0.3958,0.0792,58.08,4,600,69,MANUAL_REVIEW,1
C008214,W00092,EVT0180,38,Dwarka,Blinkit,Bicycle,42,4996.98,7.5,0,Post-Monsoon,Severe Pollution,0.22,0.1,0.32,0.191,1228.5,0.068,1,0,0.1989,28.454063,77.336477,0.28,7.0,39.4,123,2,0.795,0.111,0,0,0,0.875,0.175,55.93,3,450,65,MANUAL_REVIEW,1
C008215,W01478,EVT0484,38,East Delhi,BigBasket,Bike,14,2905.51,8.5,0,Winter,Flooding,0.35,0.05,0.4,0.052,382.7,0.097,1,1,0.2731,28.331655,77.289734,0.025,19.8,28.0,172,4,0.768,0.04,0,0,0,0.2917,0.0583,63.65,5,750,83,AUTO_REJECT,1
C008219,W01208,EVT0397,26,East Delhi,Instamart,Bike,36,4208.78,11.2,0,Summer,Social Disruption,0.35,0.2,0.55,0.489,1596.1,0.134,0,1,0.3696,28.170493,76.927058,0.085,29.5,28.1,316,4,0.395,0.217,1,0,0,0.75,0.15,64.29,3,450,55,MANUAL_REVIEW,1
C008220,W00573,EVT0363,32,West Delhi,Zepto,Bike,8,4522.11,10.1,0,Summer,Flooding,0.25,0.2,0.45,0.445,1372.4,0.011,1,1,0.2732,28.232576,77.464371,0.542,27.4,32.1,308,7,0.763,0.047,0,0,0,0.1667,0.0333,66.84,4,600,57,MANUAL_REVIEW,1
C008240,W00579,EVT0394,40,Gurgaon,Swiggy,Bike,6,2717.37,9.3,0,Monsoon,Flooding,0.3,0.3,0.6,0.505,484.9,0.078,1,0,0.4371,28.761923,77.323889,0.171,28.9,27.7,197,5,0.829,0.053,0,0,0,0.125,0.025,76.05,2,300,66,MANUAL_REVIEW,1
C008246,W00042,EVT0062,40,Rohini,Zepto,Bike,44,2474.54,6.8,0,Post-Monsoon,Severe Pollution,0.18,0.1,0.28,0.39,1681.8,0.23,0,0,0.3267,28.944362,76.830066,0.534,2.5,30.2,129,5,0.56,0.166,0,0,0,0.9167,0.1833,51.65,6,900,48,MANUAL_REVIEW,1
C008247,W00214,EVT0353,40,East Delhi,BigBasket,Bicycle,11,4422.67,10.3,0,Winter,Extreme Heat,0.35,0.05,0.4,0.326,1185.3,0.125,1,0,0.2651,28.0018,76.711754,0.539,3.1,28.9,147,6,0.62,0.348,1,0,0,0.2292,0.0458,65.75,2,300,63,MANUAL_REVIEW,1
C008253,W01531,EVT0486,21,Noida,Zomato,Bicycle,41,4366.51,9.6,0,Post-Monsoon,Heavy Rainfall,0.28,0.1,0.38,0.49,429.0,0.184,0,1,0.55,28.563241,77.263527,0.58,5.4,36.2,133,5,0.542,0.279,1,0,0,0.8542,0.1708,54.01,2,300,45,MANUAL_REVIEW,1
C008261,W00015,EVT0211,43,Dwarka,Instamart,Bike,37,5693.43,6.8,0,Winter,Extreme Heat,0.22,0.05,0.27,0.067,1882.1,0.148,0,1,0.1593,28.116,77.017631,0.273,2.0,36.0,149,5,0.552,0.037,1,0,0,0.7708,0.1542,53.8,4,600,65,MANUAL_REVIEW,1
C008265,W01006,EVT0392,36,East Delhi,Instamart,Bicycle,12,3131.02,8.7,0,Post-Monsoon,Flooding,0.35,0.1,0.45,0.305,1924.2,0.095,0,0,0.2429,28.660009,76.681845,0.303,9.8,34.6,84,4,0.745,0.156,0,1,0,0.25,0.05,68.6,2,300,60,MANUAL_REVIEW,1
C008271,W00847,EVT0232,22,North Delhi,Zepto,Bike,32,3324.91,9.0,0,Summer,Extreme Heat,0.2,0.2,0.4,0.021,621.5,0.213,0,1,0.3365,28.783416,77.008727,0.48,4.4,30.2,162,6,0.521,0.104,0,0,0,0.6667,0.1333,58.18,3,450,71,AUTO_REJECT,1
C008275,W01009,EVT0337,35,Gurgaon,Instamart,Bike,11,2738.46,11.2,0,Post-Monsoon,Extreme Heat,0.3,0.1,0.4,0.364,1385.7,0.197,1,0,0.2574,28.609727,77.168745,0.456,2.5,32.4,183,7,0.705,0.315,1,0,0,0.2292,0.0458,67.56,1,150,71,AUTO_REJECT,1
C008280,W01929,EVT0102,21,North Delhi,Blinkit,Bike,14,3784.04,10.6,1,Winter,Social Disruption,0.2,0.05,0.25,0.265,912.0,0.121,1,0,0.2813,28.718422,77.08733,0.364,2.7,30.8,342,1,0.796,0.225,0,0,0,0.2917,0.0583,55.26,5,750,57,MANUAL_REVIEW,1
C008283,W00918,EVT0497,32,Rohini,Blinkit,Bike,41,4265.35,9.2,0,Summer,Extreme Heat,0.18,0.2,0.38,0.056,674.5,0.066,1,0,0.2278,28.455143,77.144986,0.158,0.1,40.3,277,5,0.559,0.081,0,0,0,0.8542,0.1708,53.98,2,300,78,AUTO_REJECT,1
C008285,W00108,EVT0292,35,Lajpat Nagar,Zomato,Bike,43,3118.69,4.7,0,Monsoon,Flooding,0.12,0.3,0.42,0.243,928.9,0.125,0,1,0.3704,28.073474,76.991058,0.377,20.1,34.3,284,4,0.884,0.14,1,0,0,0.8958,0.1792,56.68,2,300,61,MANUAL_REVIEW,1
C008286,W01035,EVT0440,20,West Delhi,BigBasket,Bike,38,4370.63,10.2,1,Monsoon,Severe Pollution,0.25,0.3,0.55,0.328,621.9,0.222,1,1,0.3601,28.89206,77.567006,0.341,24.3,26.0,81,6,0.642,0.12,0,1,1,0.7917,0.1583,63.39,5,750,65,MANUAL_REVIEW,1
C008289,W00720,EVT0075,22,Noida,Blinkit,EV Scooter,1,1858.08,11.4,0,Summer,Heavy Rainfall,0.28,0.2,0.48,0.204,681.3,0.012,0,1,0.3806,28.793978,76.965396,0.184,15.6,25.1,201,7,0.506,0.031,1,1,0,0.0208,0.0042,73.57,5,750,73,AUTO_REJECT,1
C008293,W00370,EVT0386,42,Gurgaon,Zomato,Bicycle,35,2925.45,10.5,0,Post-Monsoon,Extreme Heat,0.3,0.1,0.4,0.295,1739.2,0.251,1,0,0.1822,28.514649,77.09338,0.411,0.4,37.5,272,3,0.77,0.105,1,0,0,0.7292,0.1458,56.14,4,600,60,MANUAL_REVIEW,1
C008295,W00769,EVT0310,41,Dwarka,Zepto,Bike,5,3855.34,9.4,0,Monsoon,Heavy Rainfall,0.22,0.3,0.52,0.549,505.5,0.123,0,0,0.5561,28.045089,77.201852,0.394,33.9,34.4,131,8,0.874,0.254,1,0,0,0.1042,0.0208,75.01,5,750,59,MANUAL_REVIEW,1
C008310,W01538,EVT0211,40,Faridabad,Zomato,Bike,28,3277.29,10.2,1,Winter,Flooding,0.32,0.05,0.37,0.547,559.1,0.097,1,0,0.4446,28.976402,76.696643,0.026,12.3,33.7,341,3,0.498,0.224,1,0,0,0.5833,0.1167,60.57,3,450,62,MANUAL_REVIEW,1
C008311,W01496,EVT0400,37,Lajpat Nagar,BigBasket,Bike,21,3925.73,8.5,1,Post-Monsoon,Social Disruption,0.12,0.1,0.22,0.417,1160.9,0.153,1,1,0.308,28.018774,76.621905,0.482,25.1,31.1,344,6,0.808,0.261,1,0,1,0.4375,0.0875,56.59,4,600,65,MANUAL_REVIEW,1
C008326,W00232,EVT0320,23,Gurgaon,Blinkit,Bike,23,3507.42,7.1,0,Winter,Social Disruption,0.3,0.05,0.35,0.186,1656.6,0.248,0,1,0.2507,28.867001,76.722541,0.49,1.0,34.0,346,2,0.357,0.069,1,0,0,0.4792,0.0958,56.64,3,450,52,MANUAL_REVIEW,1
C008329,W00136,EVT0116,40,Lajpat Nagar,Zomato,Bike,44,5008.45,9.1,0,Monsoon,Heavy Rainfall,0.12,0.3,0.42,0.026,500.1,0.154,1,0,0.2508,28.09472,77.282962,0.14,9.2,32.1,98,5,0.57,0.111,1,0,0,0.9167,0.1833,55.05,3,450,78,AUTO_REJECT,1
C008338,W01669,EVT0450,42,Rohini,Swiggy,Bike,1,4537.64,10.0,0,Summer,Severe Pollution,0.18,0.2,0.38,0.55,812.2,0.036,0,1,0.5018,28.742049,76.837486,0.104,13.5,29.4,86,5,0.551,0.251,0,0,0,0.0208,0.0042,66.92,3,450,59,MANUAL_REVIEW,1
C008344,W01268,EVT0005,33,Saket,Zepto,Bike,20,3671.48,8.1,0,Summer,Extreme Heat,0.14,0.2,0.34,0.194,1527.7,0.061,1,0,0.1545,28.123746,76.721387,0.443,1.7,41.8,95,6,0.702,0.043,1,0,0,0.4167,0.0833,58.93,4,600,64,MANUAL_REVIEW,1
C008354,W00167,EVT0075,35,North Delhi,Zepto,Bike,31,1955.64,8.5,0,Monsoon,Extreme Heat,0.2,0.3,0.5,0.482,759.0,0.235,1,0,0.4025,28.705642,77.222153,0.342,4.6,39.7,125,4,0.819,0.29,1,0,0,0.6458,0.1292,63.23,2,300,54,MANUAL_REVIEW,1
C008357,W01287,EVT0096,35,Lajpat Nagar,Swiggy,Bike,32,3382.07,9.4,0,Summer,Social Disruption,0.12,0.2,0.32,0.162,1336.5,0.072,0,1,0.2715,28.035862,77.597462,0.364,26.9,27.4,114,2,0.614,0.256,0,1,0,0.6667,0.1333,57.85,1,150,54,MANUAL_REVIEW,1
C008359,W00019,EVT0087,31,North Delhi,Instamart,Bicycle,2,3721.37,9.9,0,Winter,Severe Pollution,0.2,0.05,0.25,0.393,440.2,0.277,1,0,0.4189,28.765933,76.937158,0.439,14.3,28.6,125,3,0.811,0.058,0,0,0,0.0417,0.0083,60.74,2,300,57,MANUAL_REVIEW,1
C008360,W01755,EVT0039,28,Rohini,Instamart,Bike,28,4575.15,10.6,0,Summer,Extreme Heat,0.18,0.2,0.38,0.351,1470.9,0.125,1,0,0.2323,28.956402,76.965797,0.516,4.2,34.9,162,7,0.768,0.195,1,1,0,0.5833,0.1167,62.15,3,450,63,MANUAL_REVIEW,1
C008367,W00428,EVT0141,32,East Delhi,Blinkit,Bicycle,16,4645.06,10.3,0,Monsoon,Social Disruption,0.35,0.3,0.65,0.115,1565.2,0.167,1,0,0.1279,28.224364,77.586927,0.233,13.6,32.5,210,7,0.89,0.265,1,1,0,0.3333,0.0667,72.24,4,600,87,AUTO_REJECT,1
C008381,W01790,EVT0315,31,West Delhi,Swiggy,Bike,43,3981.21,10.0,0,Post-Monsoon,Heavy Rainfall,0.25,0.1,0.35,0.464,969.1,0.119,0,1,0.4521,28.067484,77.241706,0.088,35.5,32.1,109,1,0.527,0.174,1,0,0,0.8958,0.1792,53.06,2,300,51,MANUAL_REVIEW,1
C008383,W00578,EVT0259,37,Faridabad,Zepto,Bike,2,3676.13,7.0,0,Winter,Social Disruption,0.32,0.05,0.37,0.486,1651.0,0.061,1,1,0.2529,28.781793,76.981945,0.057,13.0,33.1,322,6,0.846,0.178,0,0,0,0.0417,0.0083,67.52,4,600,69,MANUAL_REVIEW,1
C008385,W01694,EVT0395,27,Lajpat Nagar,BigBasket,Bike,14,3510.8,9.9,0,Winter,Extreme Heat,0.12,0.05,0.17,0.22,1593.8,0.082,1,1,0.1571,28.428081,76.997708,0.019,0.5,32.4,95,3,0.358,0.058,1,0,0,0.2917,0.0583,56.41,1,150,71,AUTO_REJECT,1
C008389,W01053,EVT0466,21,Dwarka,Swiggy,Bike,15,2973.39,10.3,0,Summer,Severe Pollution,0.22,0.2,0.42,0.204,1776.0,0.265,0,1,0.2417,28.115621,77.463114,0.219,28.6,38.1,363,4,0.4,0.218,1,0,0,0.3125,0.0625,65.64,3,450,61,MANUAL_REVIEW,1
C008390,W01681,EVT0470,31,East Delhi,Zepto,Bike,47,3727.27,8.1,0,Summer,Severe Pollution,0.35,0.2,0.55,0.016,1911.2,0.158,1,0,0.0355,28.249804,77.226411,0.262,23.6,28.9,130,6,0.853,0.036,1,0,0,0.9792,0.1958,62.36,3,450,83,AUTO_REJECT,1
C008397,W00393,EVT0315,27,North Delhi,Swiggy,Bike,6,2781.94,9.3,0,Post-Monsoon,Social Disruption,0.2,0.1,0.3,0.178,1956.7,0.032,0,1,0.1809,28.229547,77.304434,0.486,11.9,32.6,376,5,0.429,0.172,1,0,0,0.125,0.025,63.45,4,600,54,MANUAL_REVIEW,1
C008399,W00586,EVT0306,20,North Delhi,Swiggy,Bike,20,3757.38,9.5,0,Post-Monsoon,Severe Pollution,0.2,0.1,0.3,0.365,1641.5,0.158,1,0,0.2156,28.420735,76.834881,0.095,25.3,28.9,175,8,0.538,0.12,1,0,0,0.4167,0.0833,59.07,1,150,70,MANUAL_REVIEW,1
C008400,W01070,EVT0334,26,Noida,BigBasket,Bike,21,4967.84,7.6,0,Winter,Heavy Rainfall,0.28,0.05,0.33,0.397,768.8,0.219,1,0,0.3654,28.651624,77.508186,0.262,14.4,30.8,211,4,0.674,0.349,0,0,0,0.4375,0.0875,58.61,3,450,60,MANUAL_REVIEW,1
C008407,W01603,EVT0473,27,Gurgaon,Blinkit,Bike,38,4761.7,11.0,1,Summer,Flooding,0.3,0.2,0.5,0.469,814.0,0.172,1,1,0.3827,28.500922,77.256434,0.19,19.9,30.6,301,4,0.392,0.133,1,0,0,0.7917,0.1583,61.45,4,600,61,MANUAL_REVIEW,1
C008411,W00935,EVT0278,40,Dwarka,Zepto,EV Scooter,32,3461.45,7.8,0,Summer,Social Disruption,0.22,0.2,0.42,0.436,1752.1,0.123,1,1,0.2239,28.934596,77.480896,0.223,12.0,29.4,140,4,0.617,0.172,0,1,0,0.6667,0.1333,58.32,4,600,62,MANUAL_REVIEW,1
C008418,W01078,EVT0176,32,Gurgaon,Zepto,Bike,46,3746.8,7.2,0,Winter,Extreme Heat,0.3,0.05,0.35,0.175,810.2,0.218,0,0,0.3703,28.158841,77.352144,0.166,3.7,36.0,233,4,0.881,0.092,1,1,0,0.9583,0.1917,57.04,5,750,68,MANUAL_REVIEW,1
C008420,W00614,EVT0414,33,Saket,Zomato,Bike,19,5006.11,11.3,0,Post-Monsoon,Extreme Heat,0.14,0.1,0.24,0.306,585.1,0.125,1,1,0.3471,28.517506,76.975929,0.246,4.6,37.5,100,5,0.845,0.229,1,0,0,0.3958,0.0792,60.53,4,600,68,MANUAL_REVIEW,1
C008424,W00632,EVT0161,30,Faridabad,Instamart,Bike,36,3402.42,9.6,0,Monsoon,Social Disruption,0.32,0.3,0.62,0.028,1495.9,0.095,1,1,0.0963,28.652469,76.886033,0.106,12.5,33.3,254,4,0.684,0.18,1,0,0,0.75,0.15,65.15,3,450,79,AUTO_REJECT,1
C008426,W00454,EVT0385,39,East Delhi,BigBasket,Bike,40,2874.71,9.6,0,Summer,Severe Pollution,0.35,0.2,0.55,0.169,644.9,0.15,1,1,0.2859,28.735437,77.085568,0.374,29.7,36.9,139,5,0.819,0.184,0,1,0,0.8333,0.1667,60.7,3,450,71,AUTO_REJECT,1
C008430,W00798,EVT0302,20,Connaught Place,Zomato,Bike,46,3872.84,9.8,0,Winter,Social Disruption,0.15,0.05,0.2,0.15,1401.4,0.275,0,0,0.2773,28.500671,77.162983,0.041,13.1,33.7,114,5,0.356,0.29,1,0,0,0.9583,0.1917,44.85,2,300,66,MANUAL_REVIEW,1
C008432,W00154,EVT0339,35,South Delhi,Instamart,EV Scooter,7,3226.64,8.4,0,Winter,Heavy Rainfall,0.1,0.05,0.15,0.023,1680.9,0.04,0,1,0.1611,28.017262,76.721338,0.351,40.7,30.2,154,5,0.469,0.247,1,1,0,0.1458,0.0292,53.55,3,450,67,MANUAL_REVIEW,1
C008435,W01153,EVT0315,43,Faridabad,Blinkit,Bicycle,20,3310.86,6.4,1,Winter,Flooding,0.32,0.05,0.37,0.309,1285.5,0.142,0,0,0.345,28.065973,77.235737,0.414,13.1,40.9,225,6,0.813,0.271,0,0,1,0.4167,0.0833,63.6,1,150,63,MANUAL_REVIEW,1
C008436,W01853,EVT0182,31,Faridabad,Instamart,Bike,25,3476.11,8.0,1,Post-Monsoon,Extreme Heat,0.32,0.1,0.42,0.121,851.1,0.122,1,1,0.2329,28.465989,77.395866,0.382,3.9,31.1,290,7,0.441,0.14,1,0,0,0.5208,0.1042,63.69,3,450,71,AUTO_REJECT,1
C008438,W01314,EVT0067,36,Saket,Instamart,Bike,17,2732.08,10.9,0,Monsoon,Severe Pollution,0.14,0.3,0.44,0.184,1614.2,0.075,0,0,0.239,28.004621,77.223462,0.534,9.6,25.2,167,4,0.757,0.204,0,0,0,0.3542,0.0708,65.79,4,600,62,MANUAL_REVIEW,1
C008443,W01999,EVT0446,21,Saket,Zomato,Bike,19,3150.85,8.9,0,Winter,Severe Pollution,0.14,0.05,0.19,0.27,1422.7,0.154,1,0,0.21,28.369733,77.058424,0.578,28.9,26.1,136,3,0.445,0.055,1,0,0,0.3958,0.0792,54.1,3,450,61,MANUAL_REVIEW,1
C008444,W01622,EVT0491,41,Rohini,Zomato,Bike,35,4628.52,8.7,0,Post-Monsoon,Extreme Heat,0.18,0.1,0.28,0.41,860.1,0.265,1,1,0.3615,28.734514,77.082549,0.259,0.0,37.4,174,4,0.84,0.169,1,0,0,0.7292,0.1458,54.18,5,750,66,MANUAL_REVIEW,1
C008458,W00983,EVT0199,35,Noida,Swiggy,Bike,35,5328.73,6.5,1,Winter,Severe Pollution,0.28,0.05,0.33,0.198,576.1,0.042,0,0,0.397,28.204485,77.177026,0.327,19.8,41.0,224,5,0.395,0.161,0,0,0,0.7292,0.1458,56.91,6,900,59,MANUAL_REVIEW,1
C008463,W01869,EVT0148,24,Gurgaon,Instamart,Bike,10,3735.99,7.3,0,Summer,Social Disruption,0.3,0.2,0.5,0.222,1531.1,0.229,1,1,0.182,28.363823,77.268195,0.158,13.7,32.7,214,6,0.731,0.214,1,0,0,0.2083,0.0417,70.03,2,300,77,AUTO_REJECT,1
C008478,W00796,EVT0183,30,East Delhi,Zomato,Bike,5,4557.12,9.8,1,Summer,Heavy Rainfall,0.35,0.2,0.55,0.136,396.0,0.197,1,1,0.3147,28.883005,76.796427,0.159,31.9,28.3,162,4,0.611,0.294,1,0,0,0.1042,0.0208,71.45,6,900,71,AUTO_REJECT,1
C008488,W00651,EVT0361,37,Faridabad,Swiggy,EV Scooter,1,3159.09,12.9,0,Post-Monsoon,Social Disruption,0.32,0.1,0.42,0.227,1361.6,0.181,1,0,0.2047,28.517958,76.829628,0.387,7.3,29.5,226,4,0.821,0.037,0,0,0,0.0208,0.0042,69.33,1,150,67,MANUAL_REVIEW,1
C008490,W00971,EVT0212,26,North Delhi,Zomato,Bike,31,2727.97,6.3,0,Monsoon,Social Disruption,0.2,0.3,0.5,0.112,982.0,0.167,1,0,0.2142,28.854025,76.968952,0.041,29.6,36.6,85,3,0.713,0.138,1,0,0,0.6458,0.1292,61.34,3,450,77,AUTO_REJECT,1
C008492,W00224,EVT0168,24,Saket,Blinkit,Bike,35,3409.37,10.0,0,Monsoon,Severe Pollution,0.14,0.3,0.44,0.469,1184.9,0.092,1,1,0.3191,28.525475,77.549478,0.117,7.7,32.1,360,8,0.745,0.025,1,0,0,0.7292,0.1458,58.48,1,150,74,AUTO_REJECT,1
C008499,W01178,EVT0334,31,Dwarka,Blinkit,EV Scooter,1,4322.58,9.7,0,Winter,Social Disruption,0.22,0.05,0.27,0.122,869.1,0.248,1,1,0.2432,28.322826,77.112812,0.467,5.4,36.8,222,3,0.854,0.051,1,0,0,0.0208,0.0042,62.03,4,600,65,MANUAL_REVIEW,1
C008506,W01110,EVT0091,26,Dwarka,BigBasket,Bike,11,3190.41,9.2,0,Winter,Flooding,0.22,0.05,0.27,0.354,1658.4,0.117,1,0,0.2045,28.544971,77.550879,0.507,14.5,41.6,237,6,0.868,0.142,1,0,0,0.2292,0.0458,60.44,6,900,67,MANUAL_REVIEW,1
C008508,W01522,EVT0248,29,Saket,Instamart,Bike,37,4129.71,10.3,0,Winter,Social Disruption,0.14,0.05,0.19,0.534,972.4,0.095,1,1,0.3772,28.543366,76.930944,0.171,11.0,40.1,244,5,0.69,0.071,0,1,0,0.7708,0.1542,47.63,4,600,64,MANUAL_REVIEW,1
C008513,W01189,EVT0061,23,Rohini,Zepto,Bike,20,4037.11,8.6,0,Monsoon,Flooding,0.18,0.3,0.48,0.149,1149.3,0.026,1,0,0.1898,28.176299,76.850156,0.396,27.5,30.6,267,5,0.533,0.341,0,1,0,0.4167,0.0833,61.9,4,600,66,MANUAL_REVIEW,1
C008515,W00232,EVT0093,23,Gurgaon,Blinkit,Bike,23,3507.42,7.1,0,Winter,Severe Pollution,0.3,0.05,0.35,0.318,770.3,0.005,0,0,0.4122,28.096059,76.755114,0.299,21.0,40.2,225,3,0.716,0.284,0,0,0,0.4792,0.0958,57.44,2,300,55,MANUAL_REVIEW,1
C008520,W01344,EVT0205,26,West Delhi,Zomato,EV Scooter,13,4574.53,11.2,0,Post-Monsoon,Flooding,0.25,0.1,0.35,0.457,1555.2,0.145,1,1,0.264,28.750451,77.457706,0.083,1.4,33.4,124,5,0.757,0.342,1,0,0,0.2708,0.0542,64.48,4,600,67,MANUAL_REVIEW,1
C008521,W01089,EVT0033,35,Saket,Blinkit,Bike,33,3135.74,8.5,0,Monsoon,Heavy Rainfall,0.14,0.3,0.44,0.367,803.0,0.101,1,1,0.3365,28.007407,76.875922,0.155,7.1,35.5,138,5,0.76,0.176,1,0,0,0.6875,0.1375,63.72,3,450,71,AUTO_REJECT,1
C008523,W00229,EVT0236,31,South Delhi,Zomato,Bike,25,2362.06,8.0,0,Winter,Severe Pollution,0.1,0.05,0.15,0.265,1538.4,0.107,1,0,0.1859,28.891793,77.321532,0.366,16.9,25.4,345,6,0.841,0.306,1,0,0,0.5208,0.1042,50.8,3,450,75,AUTO_REJECT,1
C008530,W00526,EVT0022,23,Dwarka,Swiggy,Bike,7,4225.82,6.4,1,Summer,Flooding,0.22,0.2,0.42,0.104,1182.1,0.003,0,1,0.2646,28.534383,77.439633,0.309,16.7,27.8,292,8,0.49,0.255,1,1,0,0.1458,0.0292,66.36,5,750,70,MANUAL_REVIEW,1
C008538,W00351,EVT0252,35,North Delhi,Swiggy,Bicycle,21,2361.12,11.2,0,Summer,Extreme Heat,0.2,0.2,0.4,0.475,456.8,0.005,1,1,0.422,28.993231,76.614785,0.398,2.4,30.1,248,7,0.824,0.119,0,0,0,0.4375,0.0875,66.68,4,600,61,MANUAL_REVIEW,1
C008541,W00187,EVT0496,26,Rohini,Swiggy,Bicycle,34,2927.65,9.6,0,Post-Monsoon,Severe Pollution,0.18,0.1,0.28,0.523,356.8,0.078,1,1,0.4635,28.275901,76.79908,0.264,13.6,32.5,121,1,0.554,0.071,0,0,0,0.7083,0.1417,53.01,3,450,57,MANUAL_REVIEW,1
C008550,W01637,EVT0099,41,Noida,Instamart,EV Scooter,29,4020.15,8.7,0,Monsoon,Extreme Heat,0.28,0.3,0.58,0.415,847.1,0.265,1,0,0.3654,28.865352,76.650606,0.392,2.9,37.9,161,4,0.435,0.088,0,0,0,0.6042,0.1208,65.29,3,450,52,MANUAL_REVIEW,1
C008553,W01835,EVT0393,40,Lajpat Nagar,Blinkit,Bicycle,42,4679.85,9.5,0,Summer,Flooding,0.12,0.2,0.32,0.285,1384.0,0.065,1,0,0.2129,28.624673,77.325699,0.235,8.5,37.0,237,9,0.868,0.131,0,0,0,0.875,0.175,54.26,5,750,80,AUTO_REJECT,1
C008555,W01459,EVT0344,28,Lajpat Nagar,Zomato,Bike,44,4440.33,10.2,0,Monsoon,Severe Pollution,0.12,0.3,0.42,0.518,1618.7,0.118,1,0,0.2762,28.72948,76.789319,0.296,17.7,28.0,72,5,0.773,0.318,1,1,0,0.9167,0.1833,56.65,1,150,60,MANUAL_REVIEW,1
C008556,W00110,EVT0376,34,South Delhi,Instamart,Bike,13,2487.84,8.4,0,Post-Monsoon,Extreme Heat,0.1,0.1,0.2,0.501,1886.3,0.024,1,0,0.2199,28.075644,77.042514,0.507,3.7,28.4,189,4,0.594,0.163,1,1,0,0.2708,0.0542,54.3,3,450,52,MANUAL_REVIEW,1
C008559,W00077,EVT0275,36,Noida,Swiggy,Bike,43,3981.96,10.9,0,Monsoon,Heavy Rainfall,0.28,0.3,0.58,0.177,1384.5,0.183,1,0,0.1814,28.158233,77.205384,0.574,14.0,33.6,157,4,0.793,0.113,1,0,0,0.8958,0.1792,63.92,2,300,66,MANUAL_REVIEW,1
C008566,W00392,EVT0327,36,Connaught Place,BigBasket,Bike,41,3058.22,6.3,1,Monsoon,Social Disruption,0.15,0.3,0.45,0.544,1913.2,0.182,1,0,0.2488,28.765797,76.687953,0.256,16.0,27.2,231,4,0.745,0.216,1,1,0,0.8542,0.1708,57.39,3,450,57,MANUAL_REVIEW,1
C008567,W00308,EVT0362,27,West Delhi,Blinkit,Bike,26,3132.82,7.7,0,Monsoon,Extreme Heat,0.25,0.3,0.55,0.332,1138.5,0.017,1,1,0.2637,28.139896,77.104044,0.313,0.5,29.5,229,8,0.788,0.338,0,0,0,0.5417,0.1083,66.87,5,750,75,AUTO_REJECT,1
C008569,W00856,EVT0281,37,Saket,Blinkit,Bicycle,28,3960.56,6.2,0,Post-Monsoon,Heavy Rainfall,0.14,0.1,0.24,0.371,941.3,0.209,1,0,0.3281,28.877171,77.115583,0.098,34.1,31.9,89,4,0.478,0.196,0,0,0,0.5833,0.1167,53.3,6,900,63,MANUAL_REVIEW,1
C008575,W01359,EVT0411,44,Saket,Zomato,Bike,40,3639.87,10.9,0,Monsoon,Social Disruption,0.14,0.3,0.44,0.367,1901.3,0.197,0,1,0.2813,28.87936,76.703102,0.083,14.2,35.1,225,8,0.461,0.216,0,0,0,0.8333,0.1667,56.86,5,750,72,AUTO_REJECT,1
C008576,W00679,EVT0063,39,East Delhi,BigBasket,Bike,29,3622.31,9.5,0,Summer,Severe Pollution,0.35,0.2,0.55,0.305,1951.7,0.255,1,1,0.1547,28.735218,77.126958,0.36,4.3,31.5,323,6,0.563,0.007,1,0,0,0.6042,0.1208,67.62,3,450,75,AUTO_REJECT,1
C008582,W00557,EVT0285,26,South Delhi,BigBasket,Bicycle,33,4482.84,8.7,0,Monsoon,Extreme Heat,0.1,0.3,0.4,0.1,1075.0,0.218,1,1,0.2006,28.878797,76.669225,0.536,1.2,32.5,242,5,0.55,0.119,1,1,0,0.6875,0.1375,59.31,6,900,64,MANUAL_REVIEW,1
C008586,W00958,EVT0029,20,South Delhi,Zepto,Bicycle,14,4745.62,8.7,1,Summer,Social Disruption,0.1,0.2,0.3,0.328,842.5,0.094,1,1,0.3142,28.593806,77.137231,0.41,18.6,38.1,201,1,0.804,0.265,0,0,0,0.2917,0.0583,59.71,3,450,60,MANUAL_REVIEW,1
C008591,W01025,EVT0416,42,North Delhi,Zepto,Bike,26,3269.08,9.4,0,Winter,Severe Pollution,0.2,0.05,0.25,0.169,313.7,0.094,0,1,0.4299,28.13304,76.913567,0.139,4.7,37.3,311,0,0.452,0.115,1,0,0,0.5417,0.1083,54.29,5,750,54,MANUAL_REVIEW,1
C008594,W00903,EVT0117,23,Noida,BigBasket,EV Scooter,15,2747.29,10.5,0,Monsoon,Flooding,0.28,0.3,0.58,0.444,1049.5,0.162,1,1,0.3364,28.281571,77.040649,0.371,2.1,28.6,121,4,0.511,0.089,1,1,0,0.3125,0.0625,75.57,4,600,52,MANUAL_REVIEW,1
C008599,W00067,EVT0176,37,South Delhi,Instamart,Bike,10,3352.19,8.3,1,Post-Monsoon,Extreme Heat,0.1,0.1,0.2,0.034,862.6,0.123,0,1,0.2965,28.197899,76.982719,0.473,3.2,39.7,88,1,0.486,0.216,1,0,0,0.2083,0.0417,56.08,6,900,56,MANUAL_REVIEW,1
C008603,W00781,EVT0390,33,Lajpat Nagar,Zomato,Bike,5,2102.16,7.8,1,Monsoon,Flooding,0.12,0.3,0.42,0.358,1232.7,0.029,0,1,0.3612,28.184611,77.049388,0.384,21.8,35.4,362,4,0.887,0.12,1,1,0,0.1042,0.0208,68.21,6,900,64,MANUAL_REVIEW,1
C008607,W00454,EVT0185,39,East Delhi,BigBasket,Bike,40,2874.71,9.6,0,Winter,Heavy Rainfall,0.35,0.05,0.4,0.083,1516.1,0.059,1,0,0.1117,28.595879,76.8046,0.109,40.4,32.7,93,6,0.456,0.009,1,0,0,0.8333,0.1667,57.02,3,450,76,AUTO_REJECT,1
C008609,W00465,EVT0419,26,Saket,Blinkit,EV Scooter,41,3716.25,7.6,0,Monsoon,Severe Pollution,0.14,0.3,0.44,0.3,580.7,0.201,1,0,0.353,28.832322,76.92389,0.541,29.1,28.5,62,5,0.74,0.049,0,0,0,0.8542,0.1708,57.54,1,150,63,MANUAL_REVIEW,1
C008616,W01222,EVT0271,39,South Delhi,Instamart,EV Scooter,17,3162.34,10.1,0,Summer,Social Disruption,0.1,0.2,0.3,0.162,1393.5,0.085,1,1,0.1643,28.688472,76.792367,0.193,27.5,30.0,374,1,0.48,0.085,1,1,0,0.3542,0.0708,60.22,4,600,64,MANUAL_REVIEW,1
C008617,W01207,EVT0020,30,Noida,Zepto,Bike,2,3549.95,8.5,0,Winter,Extreme Heat,0.28,0.05,0.33,0.511,1054.6,0.206,1,1,0.3668,28.476997,77.436427,0.183,4.0,33.5,139,2,0.398,0.09,1,1,0,0.0417,0.0083,66.2,6,900,53,MANUAL_REVIEW,1
C008620,W00719,EVT0446,33,Gurgaon,Blinkit,Bicycle,38,3545.09,8.8,0,Post-Monsoon,Extreme Heat,0.3,0.1,0.4,0.267,864.5,0.246,0,0,0.4017,28.200622,77.204031,0.538,5.0,33.2,289,6,0.444,0.273,1,1,0,0.7917,0.1583,58.51,1,150,57,MANUAL_REVIEW,1
C008621,W01574,EVT0340,43,Lajpat Nagar,Zepto,Bicycle,3,3589.41,12.5,0,Monsoon,Extreme Heat,0.12,0.3,0.42,0.234,1254.1,0.065,1,0,0.212,28.43559,77.381697,0.273,1.7,32.1,158,4,0.571,0.132,1,0,0,0.0625,0.0125,68.59,3,450,65,MANUAL_REVIEW,1
C008623,W01103,EVT0200,37,Rohini,Swiggy,Bike,31,4837.91,10.3,1,Post-Monsoon,Flooding,0.18,0.1,0.28,0.097,1396.4,0.232,0,1,0.2525,28.367013,77.598687,0.015,18.7,39.2,168,6,0.374,0.142,1,0,1,0.6458,0.1292,53.07,6,900,74,AUTO_REJECT,1
C008627,W01374,EVT0490,39,Gurgaon,Zepto,Bike,13,3108.06,6.7,0,Winter,Extreme Heat,0.3,0.05,0.35,0.301,1931.6,0.254,1,0,0.1561,28.753249,77.17873,0.119,0.7,40.0,176,0,0.415,0.297,1,0,0,0.2708,0.0542,64.39,6,900,56,MANUAL_REVIEW,1
C008628,W00457,EVT0422,25,West Delhi,Swiggy,Bike,39,3186.54,8.6,0,Winter,Flooding,0.25,0.05,0.3,0.176,532.1,0.132,1,1,0.3038,28.56654,76.91593,0.232,6.0,38.6,370,4,0.466,0.098,0,1,0,0.8125,0.1625,52.89,1,150,68,MANUAL_REVIEW,1
C008631,W00049,EVT0039,36,Connaught Place,BigBasket,Bike,21,4635.31,9.4,0,Post-Monsoon,Social Disruption,0.15,0.1,0.25,0.522,420.1,0.018,1,1,0.4476,28.859141,77.549828,0.318,1.6,34.5,87,4,0.527,0.158,1,0,0,0.4375,0.0875,54.77,1,150,55,MANUAL_REVIEW,1
C008632,W01177,EVT0223,28,Faridabad,Blinkit,Bike,4,1500.0,8.2,1,Summer,Heavy Rainfall,0.32,0.2,0.52,0.494,1476.0,0.06,1,1,0.2822,28.055904,76.805252,0.001,41.2,27.1,123,3,0.56,0.02,1,1,0,0.0833,0.0167,74.98,4,600,60,MANUAL_REVIEW,1
C008637,W01570,EVT0124,24,Saket,Swiggy,Bike,19,5817.05,11.5,0,Post-Monsoon,Severe Pollution,0.14,0.1,0.24,0.211,1064.7,0.268,0,0,0.3515,28.280741,76.67783,0.004,16.4,38.7,50,3,0.57,0.261,0,0,0,0.3958,0.0792,54.22,1,150,67,MANUAL_REVIEW,1
C008639,W01218,EVT0292,38,West Delhi,Zepto,Bike,29,4062.18,11.0,0,Monsoon,Severe Pollution,0.25,0.3,0.55,0.006,409.6,0.2,1,0,0.261,28.103718,76.757934,0.373,29.8,41.3,308,7,0.694,0.145,0,0,0,0.6042,0.1208,65.96,2,300,85,AUTO_REJECT,1
C008641,W01367,EVT0351,22,North Delhi,Blinkit,Bike,26,2300.84,7.4,0,Winter,Heavy Rainfall,0.2,0.05,0.25,0.343,1355.5,0.229,0,1,0.3568,28.203158,76.673683,0.224,11.8,28.5,166,3,0.365,0.337,0,0,0,0.5417,0.1083,58.21,1,150,50,MANUAL_REVIEW,1
C008643,W01887,EVT0336,42,West Delhi,Instamart,Bike,26,3867.68,7.9,0,Summer,Flooding,0.25,0.2,0.45,0.338,1679.8,0.204,1,1,0.2036,28.466172,77.050398,0.332,25.2,29.3,290,5,0.352,0.062,0,0,0,0.5417,0.1083,61.76,4,600,62,MANUAL_REVIEW,1
C008645,W01768,EVT0023,26,North Delhi,Blinkit,Bike,15,2880.29,7.1,1,Summer,Severe Pollution,0.2,0.2,0.4,0.383,1340.0,0.264,0,1,0.3786,28.659013,76.987823,0.335,28.9,35.5,62,9,0.552,0.009,1,0,0,0.3125,0.0625,65.3,4,600,64,MANUAL_REVIEW,1
C008647,W01943,EVT0417,27,Connaught Place,Zomato,Bicycle,21,3961.65,6.5,0,Monsoon,Extreme Heat,0.15,0.3,0.45,0.444,1846.1,0.262,0,0,0.3269,28.643916,76.988993,0.389,1.6,41.9,123,4,0.684,0.331,0,0,0,0.4375,0.0875,66.2,4,600,52,MANUAL_REVIEW,1
C008660,W00075,EVT0161,32,Faridabad,Zomato,Bike,24,3693.13,9.5,1,Monsoon,Social Disruption,0.32,0.3,0.62,0.391,1978.8,0.248,1,0,0.1844,28.61925,77.460619,0.437,11.7,32.6,299,5,0.506,0.206,0,0,0,0.5,0.1,73.08,5,750,58,MANUAL_REVIEW,1
C008667,W01295,EVT0409,24,East Delhi,Instamart,Bike,38,2737.43,9.6,0,Monsoon,Extreme Heat,0.35,0.3,0.65,0.498,1383.3,0.162,1,1,0.3079,28.871907,77.413493,0.079,1.1,40.3,164,7,0.358,0.183,1,1,0,0.7917,0.1583,64.83,5,750,65,MANUAL_REVIEW,1
C008671,W01245,EVT0003,32,North Delhi,Blinkit,Bike,30,4022.83,8.0,0,Post-Monsoon,Severe Pollution,0.2,0.1,0.3,0.116,656.4,0.263,0,1,0.3742,28.503969,77.439111,0.243,10.5,25.4,230,5,0.546,0.265,0,1,0,0.625,0.125,58.08,1,150,65,MANUAL_REVIEW,1
C008672,W01738,EVT0279,44,Saket,BigBasket,Bike,24,4868.82,5.8,1,Monsoon,Flooding,0.14,0.3,0.44,0.135,1550.7,0.225,1,0,0.1439,28.578675,77.317802,0.359,10.5,41.3,89,2,0.815,0.237,0,1,0,0.5,0.1,65.05,1,150,63,MANUAL_REVIEW,1
C008676,W01731,EVT0081,28,Dwarka,Zepto,Bike,19,2658.45,9.8,0,Summer,Extreme Heat,0.22,0.2,0.42,0.348,429.1,0.13,0,0,0.4878,28.491378,77.315125,0.058,1.7,29.7,166,4,0.872,0.018,1,0,0,0.3958,0.0792,61.71,4,600,66,MANUAL_REVIEW,1
C008678,W00644,EVT0395,32,Faridabad,BigBasket,Bike,22,1911.51,9.4,1,Winter,Heavy Rainfall,0.32,0.05,0.37,0.511,1588.5,0.058,1,1,0.2719,28.933666,76.87067,0.049,10.7,29.8,185,0,0.464,0.273,0,0,1,0.4583,0.0917,59.49,3,450,47,MANUAL_REVIEW,1
C008679,W00475,EVT0455,20,Gurgaon,Zomato,Bike,47,1832.0,8.3,0,Winter,Severe Pollution,0.3,0.05,0.35,0.442,1338.6,0.209,1,1,0.2969,28.134554,76.885805,0.497,25.0,33.7,345,9,0.889,0.104,1,0,0,0.9792,0.1958,53.64,3,450,69,MANUAL_REVIEW,1
C008685,W00310,EVT0069,27,South Delhi,Zepto,Bike,17,3141.86,6.7,0,Summer,Extreme Heat,0.1,0.2,0.3,0.415,1052.3,0.019,1,1,0.3101,28.296787,77.474371,0.16,0.6,39.3,163,4,0.361,0.333,1,0,0,0.3542,0.0708,59.96,2,300,61,MANUAL_REVIEW,1
C008686,W00894,EVT0051,22,North Delhi,BigBasket,Bike,26,5113.56,9.2,1,Summer,Heavy Rainfall,0.2,0.2,0.4,0.126,1023.1,0.037,1,1,0.2006,28.237224,77.089666,0.243,36.7,29.9,77,3,0.822,0.279,1,0,0,0.5417,0.1083,61.9,3,450,75,AUTO_REJECT,1
C008692,W00560,EVT0201,36,Faridabad,Blinkit,Bike,7,4661.13,7.4,0,Monsoon,Heavy Rainfall,0.32,0.3,0.62,0.178,1858.3,0.087,1,1,0.1012,28.482671,77.22346,0.537,4.0,30.9,202,7,0.422,0.182,1,0,0,0.1458,0.0292,74.71,3,450,61,MANUAL_REVIEW,1
C008694,W00474,EVT0284,29,Saket,Zomato,EV Scooter,12,3137.78,9.4,0,Winter,Flooding,0.14,0.05,0.19,0.14,1017.7,0.226,0,1,0.3259,28.881782,76.764462,0.241,5.7,27.4,349,1,0.398,0.249,1,0,0,0.25,0.05,57.25,5,750,56,MANUAL_REVIEW,1
C008699,W01589,EVT0420,22,Saket,Instamart,Bicycle,23,3895.49,9.4,0,Summer,Social Disruption,0.14,0.2,0.34,0.482,1806.7,0.123,1,1,0.2341,28.085396,76.731072,0.246,11.1,28.8,80,5,0.627,0.246,1,0,0,0.4792,0.0958,62.71,3,450,60,MANUAL_REVIEW,1
C008700,W01512,EVT0493,40,Gurgaon,BigBasket,Bike,19,3171.32,5.5,0,Post-Monsoon,Social Disruption,0.3,0.1,0.4,0.119,735.6,0.275,1,0,0.2648,28.566401,77.433847,0.386,5.1,26.5,122,6,0.899,0.117,1,0,0,0.3958,0.0792,62.42,6,900,79,AUTO_REJECT,1
C008709,W01787,EVT0032,42,Noida,BigBasket,Bike,29,2471.76,7.0,0,Post-Monsoon,Flooding,0.28,0.1,0.38,0.468,1602.2,0.096,1,0,0.2565,28.967514,76.836522,0.064,11.9,41.1,226,6,0.588,0.062,0,0,0,0.6042,0.1208,61.01,3,450,65,MANUAL_REVIEW,1
C008714,W01153,EVT0202,43,Faridabad,Blinkit,Bicycle,20,3310.86,6.4,1,Monsoon,Heavy Rainfall,0.32,0.3,0.62,0.07,1725.0,0.103,0,1,0.1795,28.02347,76.841232,0.568,9.4,33.6,226,7,0.69,0.203,1,0,1,0.4167,0.0833,73.07,2,300,63,MANUAL_REVIEW,1
C008721,W01009,EVT0347,35,Gurgaon,Instamart,Bike,11,2738.46,11.2,0,Post-Monsoon,Social Disruption,0.3,0.1,0.4,0.327,947.2,0.033,0,1,0.392,28.800223,76.920583,0.213,24.3,33.2,62,8,0.782,0.111,0,0,0,0.2292,0.0458,66.76,4,600,69,MANUAL_REVIEW,1
C008724,W01841,EVT0423,36,Saket,BigBasket,Bike,33,3823.5,9.4,0,Monsoon,Heavy Rainfall,0.14,0.3,0.44,0.132,1313.6,0.073,1,1,0.1631,28.177157,76.92771,0.533,7.3,35.8,185,5,0.463,0.204,0,1,0,0.6875,0.1375,61.49,5,750,60,MANUAL_REVIEW,1
C008725,W01586,EVT0138,32,North Delhi,Instamart,Bicycle,31,2316.62,9.1,0,Winter,Heavy Rainfall,0.2,0.05,0.25,0.407,1739.4,0.245,1,0,0.2264,28.221753,76.913964,0.519,37.8,26.8,83,4,0.626,0.165,1,0,0,0.6458,0.1292,54.25,4,600,61,MANUAL_REVIEW,1
C008728,W01074,EVT0185,39,Gurgaon,Zomato,Bike,5,3392.19,11.9,0,Summer,Flooding,0.3,0.2,0.5,0.371,1295.0,0.168,1,1,0.2709,28.296882,76.827598,0.332,10.1,31.1,289,4,0.849,0.189,0,0,0,0.1042,0.0208,68.42,6,900,63,MANUAL_REVIEW,1
C008733,W01681,EVT0404,31,East Delhi,Zepto,Bike,47,3727.27,8.1,0,Winter,Social Disruption,0.35,0.05,0.4,0.111,408.0,0.256,1,1,0.3088,28.814279,77.095101,0.363,18.7,33.1,283,7,0.887,0.258,1,1,0,0.9792,0.1958,56.62,3,450,80,AUTO_REJECT,1
C008742,W00496,EVT0148,21,Rohini,BigBasket,Bike,24,3341.35,8.9,0,Post-Monsoon,Severe Pollution,0.18,0.1,0.28,0.189,1983.3,0.207,1,0,0.0988,28.605378,77.175619,0.485,14.5,29.3,322,3,0.823,0.101,0,0,0,0.5,0.1,56.18,1,150,64,MANUAL_REVIEW,1
C008744,W00613,EVT0174,39,Connaught Place,Zepto,Bike,44,5617.01,10.7,0,Post-Monsoon,Social Disruption,0.15,0.1,0.25,0.181,1142.5,0.259,1,0,0.2269,28.899068,76.819486,0.168,28.1,35.2,293,4,0.424,0.059,0,0,0,0.9167,0.1833,49.86,6,900,69,MANUAL_REVIEW,1
C008746,W00645,EVT0306,21,Faridabad,Swiggy,EV Scooter,36,3335.06,7.7,0,Monsoon,Heavy Rainfall,0.32,0.3,0.62,0.044,649.2,0.101,1,1,0.2303,28.359223,76.650948,0.003,37.1,37.5,214,5,0.656,0.103,1,1,0,0.75,0.15,67.17,4,600,83,AUTO_REJECT,1
C008756,W01406,EVT0088,22,Faridabad,Swiggy,EV Scooter,39,4501.74,10.3,0,Winter,Social Disruption,0.32,0.05,0.37,0.503,495.2,0.19,1,0,0.4459,28.290407,77.536298,0.389,8.0,39.3,256,5,0.798,0.275,1,0,0,0.8125,0.1625,57.29,4,600,60,MANUAL_REVIEW,1
C008758,W00109,EVT0353,28,East Delhi,Zomato,Bike,36,4026.49,8.9,0,Winter,Extreme Heat,0.35,0.05,0.4,0.521,858.1,0.158,0,1,0.4955,28.871527,77.270064,0.462,2.9,40.6,261,10,0.529,0.302,0,1,0,0.75,0.15,58.59,3,450,55,MANUAL_REVIEW,1
C008762,W00707,EVT0179,33,Lajpat Nagar,Zepto,Bike,16,3256.29,9.0,0,Monsoon,Social Disruption,0.12,0.3,0.42,0.383,1164.1,0.132,1,1,0.2918,28.412743,77.561046,0.419,27.7,37.9,314,7,0.366,0.12,1,1,0,0.3333,0.0667,64.76,3,450,58,MANUAL_REVIEW,1
C008764,W01807,EVT0064,33,Saket,BigBasket,Bike,32,4308.71,10.3,0,Monsoon,Extreme Heat,0.14,0.3,0.44,0.445,1960.8,0.01,1,0,0.1849,28.867826,77.445916,0.418,4.0,31.3,175,7,0.723,0.214,1,1,0,0.6667,0.1333,63.25,4,600,61,MANUAL_REVIEW,1
C008765,W00123,EVT0056,35,Rohini,Instamart,EV Scooter,22,5897.48,8.6,0,Monsoon,Social Disruption,0.18,0.3,0.48,0.028,1944.7,0.2,1,1,0.0395,28.749598,77.305555,0.203,24.4,27.4,266,5,0.853,0.159,0,0,0,0.4583,0.0917,67.13,3,450,84,AUTO_REJECT,1
C008767,W00175,EVT0270,25,Saket,Instamart,Bike,47,3801.81,5.7,0,Monsoon,Flooding,0.14,0.3,0.44,0.25,1938.8,0.124,1,0,0.1216,28.40143,77.521259,0.253,21.3,33.5,280,5,0.639,0.203,1,0,0,0.9792,0.1958,60.12,2,300,68,MANUAL_REVIEW,1
C008770,W01897,EVT0374,20,North Delhi,Blinkit,Bike,4,3119.29,10.4,0,Post-Monsoon,Heavy Rainfall,0.2,0.1,0.3,0.055,800.5,0.105,0,1,0.3124,28.498419,76.795234,0.212,27.5,28.8,216,5,0.713,0.263,1,0,0,0.0833,0.0167,64.43,1,150,73,AUTO_REJECT,1
C008772,W01245,EVT0424,32,North Delhi,Blinkit,Bike,30,4022.83,8.0,0,Post-Monsoon,Extreme Heat,0.2,0.1,0.3,0.463,1288.5,0.069,0,0,0.3988,28.432087,76.679494,0.024,4.7,29.6,96,6,0.488,0.072,0,0,0,0.625,0.125,57.59,6,900,59,MANUAL_REVIEW,1
C008774,W00780,EVT0380,26,Lajpat Nagar,Swiggy,Bike,4,3627.21,11.1,0,Post-Monsoon,Social Disruption,0.12,0.1,0.22,0.24,1876.1,0.274,1,0,0.142,28.773645,77.271942,0.258,15.6,32.2,351,7,0.618,0.053,1,0,0,0.0833,0.0167,60.34,3,450,69,MANUAL_REVIEW,1
C008779,W01082,EVT0439,39,North Delhi,Zomato,EV Scooter,40,3483.88,10.2,0,Monsoon,Extreme Heat,0.2,0.3,0.5,0.265,827.5,0.17,1,1,0.2989,28.979581,76.737871,0.297,3.1,34.2,226,4,0.795,0.196,1,0,0,0.8333,0.1667,58.85,4,600,67,MANUAL_REVIEW,1
C008783,W00044,EVT0186,43,Gurgaon,Swiggy,Bike,21,4706.18,11.5,0,Post-Monsoon,Severe Pollution,0.3,0.1,0.4,0.38,364.1,0.26,1,1,0.4234,28.2793,77.584646,0.544,0.8,34.5,131,2,0.891,0.058,0,1,0,0.4375,0.0875,64.82,2,300,55,MANUAL_REVIEW,1
C008790,W01779,EVT0471,31,East Delhi,Instamart,Bike,42,3224.35,9.0,0,Post-Monsoon,Extreme Heat,0.35,0.1,0.45,0.193,1613.1,0.125,1,0,0.1477,28.77532,76.932146,0.163,2.7,39.8,89,6,0.64,0.024,0,0,0,0.875,0.175,58.5,4,600,78,AUTO_REJECT,1
C008791,W00376,EVT0360,29,South Delhi,Zomato,Bike,27,2853.23,12.0,0,Winter,Flooding,0.1,0.05,0.15,0.436,809.3,0.019,1,0,0.3549,28.18172,76.774684,0.522,29.3,32.5,174,5,0.595,0.325,1,1,0,0.5625,0.1125,46.86,4,600,59,MANUAL_REVIEW,1
C008793,W00729,EVT0245,23,Noida,Zepto,EV Scooter,43,4088.94,8.3,1,Post-Monsoon,Social Disruption,0.28,0.1,0.38,0.54,1902.6,0.062,1,0,0.2368,28.375519,77.460122,0.2,29.9,27.6,128,5,0.473,0.099,1,0,1,0.8958,0.1792,54.81,3,450,55,MANUAL_REVIEW,1
C008801,W00354,EVT0054,39,Saket,Blinkit,Bicycle,23,3533.04,7.9,0,Post-Monsoon,Extreme Heat,0.14,0.1,0.24,0.468,1734.0,0.064,1,1,0.2335,28.04296,77.081121,0.252,2.3,42.1,255,1,0.597,0.156,1,1,0,0.4792,0.0958,60.56,4,600,55,MANUAL_REVIEW,1
C008806,W00503,EVT0199,24,Faridabad,Blinkit,Bike,1,2632.34,11.2,1,Monsoon,Social Disruption,0.32,0.3,0.62,0.183,1777.1,0.129,1,1,0.1195,28.073643,76.990941,0.041,12.3,28.3,242,3,0.838,0.092,1,1,1,0.0208,0.0042,81.54,3,450,73,AUTO_REJECT,1
C008809,W00487,EVT0262,28,Gurgaon,Swiggy,Bike,19,4167.45,6.2,0,Winter,Flooding,0.3,0.05,0.35,0.436,824.8,0.091,1,1,0.3598,28.042454,77.079392,0.2,13.4,37.9,219,2,0.659,0.215,0,0,0,0.3958,0.0792,61.56,4,600,64,MANUAL_REVIEW,1
C008819,W00908,EVT0196,21,Rohini,Instamart,Bike,16,3643.95,7.8,1,Winter,Heavy Rainfall,0.18,0.05,0.23,0.363,477.7,0.236,1,0,0.3971,28.530132,76.619735,0.075,15.6,33.5,180,7,0.514,0.311,0,0,0,0.3333,0.0667,55.19,2,300,77,AUTO_REJECT,1
C008820,W00477,EVT0140,39,Faridabad,BigBasket,EV Scooter,1,3925.45,9.9,0,Summer,Heavy Rainfall,0.32,0.2,0.52,0.534,553.6,0.234,1,0,0.454,28.246599,77.130107,0.355,16.8,28.1,242,3,0.697,0.271,1,0,0,0.0208,0.0042,74.56,5,750,51,MANUAL_REVIEW,1
C008823,W01309,EVT0390,35,East Delhi,Blinkit,Bike,46,3474.97,11.6,0,Summer,Flooding,0.35,0.2,0.55,0.154,1915.8,0.041,1,1,0.0783,28.185132,77.093291,0.337,15.3,39.1,316,4,0.819,0.119,0,0,0,0.9583,0.1917,59.83,4,600,71,AUTO_REJECT,1
C008824,W01350,EVT0407,41,Connaught Place,Zepto,Bike,19,4405.04,9.1,0,Summer,Flooding,0.15,0.2,0.35,0.118,1580.9,0.024,1,0,0.1125,28.00777,76.994924,0.559,24.5,35.0,264,4,0.382,0.066,0,0,0,0.3958,0.0792,61.86,1,150,63,MANUAL_REVIEW,1
C008831,W01230,EVT0233,30,Rohini,Instamart,Bike,47,4118.25,8.4,0,Summer,Flooding,0.18,0.2,0.38,0.167,679.5,0.269,1,1,0.2918,28.26952,77.138718,0.376,0.1,27.1,80,1,0.725,0.065,1,0,0,0.9792,0.1958,54.96,3,450,67,MANUAL_REVIEW,1
C008836,W01847,EVT0100,24,East Delhi,Zepto,Bicycle,19,3075.66,8.7,0,Monsoon,Severe Pollution,0.35,0.3,0.65,0.43,1596.9,0.255,0,1,0.358,28.05653,76.634109,0.436,4.0,39.8,255,6,0.586,0.09,1,0,0,0.3958,0.0792,72.18,5,750,56,MANUAL_REVIEW,1
C008837,W01032,EVT0413,24,Noida,Instamart,EV Scooter,38,3029.66,13.0,0,Winter,Heavy Rainfall,0.28,0.05,0.33,0.225,840.8,0.168,0,1,0.3807,28.528177,77.062949,0.505,25.3,26.6,53,6,0.438,0.181,0,0,0,0.7917,0.1583,53.82,3,450,55,MANUAL_REVIEW,1
C008841,W01409,EVT0250,43,Gurgaon,Zepto,Bike,13,3862.23,10.0,1,Summer,Severe Pollution,0.3,0.2,0.5,0.05,1794.8,0.051,1,0,0.0559,28.555433,77.453445,0.205,5.6,41.0,347,5,0.819,0.074,1,0,1,0.2708,0.0542,70.41,1,150,77,AUTO_REJECT,1
C008845,W01586,EVT0065,32,North Delhi,Instamart,Bicycle,31,2316.62,9.1,0,Post-Monsoon,Severe Pollution,0.2,0.1,0.3,0.102,1872.5,0.037,1,1,0.0636,28.506785,77.468771,0.354,22.5,41.4,131,5,0.647,0.05,1,0,0,0.6458,0.1292,57.25,2,300,74,AUTO_REJECT,1
C008846,W01621,EVT0256,37,Gurgaon,Zomato,Bike,28,3616.98,4.9,0,Winter,Social Disruption,0.3,0.05,0.35,0.515,871.2,0.256,1,1,0.4009,28.364602,77.441608,0.38,24.6,33.1,184,4,0.79,0.015,1,1,0,0.5833,0.1167,61.62,2,300,61,MANUAL_REVIEW,1
C008851,W01143,EVT0269,33,Gurgaon,Zepto,EV Scooter,11,4480.47,9.8,1,Monsoon,Heavy Rainfall,0.3,0.3,0.6,0.548,1370.9,0.224,1,1,0.336,28.01747,77.238447,0.272,17.6,34.8,86,2,0.648,0.291,0,0,0,0.2292,0.0458,75.95,6,900,47,MANUAL_REVIEW,1
C008855,W00629,EVT0306,20,Rohini,Blinkit,Bike,32,4084.42,9.6,0,Monsoon,Extreme Heat,0.18,0.3,0.48,0.537,1474.5,0.031,1,1,0.2967,28.978221,77.456268,0.332,2.1,39.7,91,4,0.808,0.156,1,0,0,0.6667,0.1333,63.87,2,300,56,MANUAL_REVIEW,1
C008859,W00283,EVT0281,36,Connaught Place,Blinkit,EV Scooter,37,4910.15,10.6,0,Post-Monsoon,Heavy Rainfall,0.15,0.1,0.25,0.08,485.6,0.043,0,1,0.3635,28.720697,77.192804,0.496,8.7,30.1,136,6,0.546,0.177,1,0,0,0.7708,0.1542,51.17,3,450,60,MANUAL_REVIEW,1
C008864,W01537,EVT0084,38,Lajpat Nagar,Zepto,Bike,40,3647.32,7.6,0,Winter,Social Disruption,0.12,0.05,0.17,0.527,1328.3,0.001,0,1,0.4117,28.422289,77.037329,0.224,6.5,34.3,343,6,0.717,0.141,1,1,0,0.8333,0.1667,46.52,3,450,49,MANUAL_REVIEW,1
C008866,W00498,EVT0231,39,Gurgaon,Blinkit,Bike,19,3574.42,9.7,0,Monsoon,Heavy Rainfall,0.3,0.3,0.6,0.155,787.2,0.204,1,1,0.2643,28.039637,76.911919,0.189,23.2,36.6,88,4,0.651,0.174,1,1,0,0.3958,0.0792,74.4,3,450,75,AUTO_REJECT,1
C008867,W01290,EVT0429,40,South Delhi,BigBasket,EV Scooter,26,3623.06,7.8,1,Winter,Flooding,0.1,0.05,0.15,0.154,397.5,0.168,1,1,0.3188,28.222597,76.722698,0.092,7.0,26.5,162,5,0.488,0.02,0,1,1,0.5417,0.1083,49.1,5,750,73,AUTO_REJECT,1
C008879,W01223,EVT0339,41,Noida,BigBasket,Bike,20,2134.15,8.3,0,Monsoon,Severe Pollution,0.28,0.3,0.58,0.337,1804.7,0.056,1,1,0.1697,28.219826,77.321919,0.272,0.9,37.6,248,3,0.574,0.334,1,0,0,0.4167,0.0833,70.8,2,300,58,MANUAL_REVIEW,1
C008883,W00051,EVT0390,24,West Delhi,Blinkit,Bicycle,35,5181.45,9.0,1,Post-Monsoon,Severe Pollution,0.25,0.1,0.35,0.454,1423.4,0.206,1,0,0.2887,28.388637,76.697997,0.346,0.1,40.8,119,5,0.642,0.196,0,1,0,0.7292,0.1458,54.65,3,450,61,MANUAL_REVIEW,1
C008889,W01666,EVT0279,20,Noida,BigBasket,Bike,37,2910.7,9.6,0,Summer,Social Disruption,0.28,0.2,0.48,0.314,578.6,0.129,1,1,0.3517,28.421415,77.566387,0.502,0.9,25.4,333,6,0.79,0.05,1,0,0,0.7708,0.1542,61.25,5,750,67,MANUAL_REVIEW,1
C008890,W00353,EVT0228,30,South Delhi,Swiggy,Bicycle,4,4005.91,10.2,0,Post-Monsoon,Social Disruption,0.1,0.1,0.2,0.407,1084.1,0.259,1,1,0.3261,28.079224,76.919048,0.207,7.1,27.4,245,7,0.593,0.347,0,0,0,0.0833,0.0167,55.68,3,450,66,MANUAL_REVIEW,1
C008893,W01811,EVT0083,28,West Delhi,Swiggy,EV Scooter,20,5594.92,8.4,0,Summer,Social Disruption,0.25,0.2,0.45,0.273,1208.3,0.22,1,0,0.25,28.204618,76.758871,0.24,30.0,27.8,234,3,0.715,0.062,0,0,0,0.4167,0.0833,68.98,3,450,60,MANUAL_REVIEW,1
C008896,W00529,EVT0331,31,South Delhi,Instamart,Bike,16,4363.98,9.3,0,Winter,Heavy Rainfall,0.1,0.05,0.15,0.546,771.7,0.104,1,1,0.413,28.214144,77.437702,0.031,17.3,37.7,157,6,0.875,0.02,1,1,0,0.3333,0.0667,48.8,3,450,71,AUTO_REJECT,1
C008900,W00308,EVT0441,27,West Delhi,Blinkit,Bike,26,3132.82,7.7,0,Winter,Severe Pollution,0.25,0.05,0.3,0.098,1017.1,0.164,1,1,0.203,28.51812,76.831819,0.042,25.4,37.0,365,9,0.58,0.007,1,0,0,0.5417,0.1083,56.43,2,300,88,AUTO_REJECT,1
C008903,W01396,EVT0247,35,Dwarka,Zepto,Bike,3,4054.93,11.9,1,Post-Monsoon,Severe Pollution,0.22,0.1,0.32,0.405,500.3,0.259,0,0,0.5129,28.51141,76.707937,0.208,6.5,40.4,244,10,0.555,0.117,0,0,0,0.0625,0.0125,63.79,4,600,69,MANUAL_REVIEW,1
C008911,W00719,EVT0103,33,Gurgaon,Blinkit,Bicycle,38,3545.09,8.8,0,Post-Monsoon,Extreme Heat,0.3,0.1,0.4,0.17,1204.7,0.048,1,1,0.1921,28.905807,76.642055,0.193,4.6,31.6,293,7,0.636,0.333,1,0,0,0.7917,0.1583,58.47,3,450,75,AUTO_REJECT,1
C008918,W00721,EVT0414,26,Noida,Zomato,Bike,27,4319.21,9.5,0,Summer,Flooding,0.28,0.2,0.48,0.419,1466.7,0.103,0,0,0.3579,28.136023,76.724985,0.184,28.9,32.0,334,9,0.839,0.173,1,0,0,0.5625,0.1125,66.59,4,600,66,MANUAL_REVIEW,1
C008919,W00142,EVT0218,37,South Delhi,BigBasket,Bike,5,3190.55,11.4,0,Monsoon,Extreme Heat,0.1,0.3,0.4,0.341,1189.8,0.229,0,0,0.3808,28.842579,77.399536,0.545,4.5,39.3,270,7,0.583,0.281,1,0,0,0.1042,0.0208,67.16,3,450,60,MANUAL_REVIEW,1
C008924,W00417,EVT0036,40,West Delhi,Blinkit,EV Scooter,25,4398.87,11.1,0,Monsoon,Social Disruption,0.25,0.3,0.55,0.022,1764.5,0.237,0,0,0.1678,28.775352,76.890651,0.515,8.1,41.4,62,4,0.783,0.348,0,0,0,0.5208,0.1042,66.01,1,150,68,MANUAL_REVIEW,1
C008936,W00888,EVT0426,38,West Delhi,Swiggy,Bike,24,4068.76,7.8,0,Summer,Heavy Rainfall,0.25,0.2,0.45,0.127,1775.7,0.03,1,1,0.0874,28.927011,77.211086,0.046,33.7,27.8,97,5,0.687,0.047,0,1,0,0.5,0.1,63.69,6,900,76,AUTO_REJECT,1
C008945,W01614,EVT0126,41,South Delhi,Zepto,Bike,44,3739.23,9.2,0,Post-Monsoon,Heavy Rainfall,0.1,0.1,0.2,0.101,844.0,0.131,1,0,0.2269,28.455335,76.795945,0.266,21.5,25.8,145,9,0.731,0.221,1,0,0,0.9167,0.1833,49.36,3,450,78,AUTO_REJECT,1
C008952,W01275,EVT0179,26,Rohini,BigBasket,Bike,23,4295.18,7.9,0,Winter,Extreme Heat,0.18,0.05,0.23,0.513,774.8,0.038,1,0,0.3928,28.412089,77.230179,0.213,0.1,41.2,231,4,0.785,0.127,1,0,0,0.4792,0.0958,52.06,4,600,62,MANUAL_REVIEW,1
C008954,W00862,EVT0114,22,West Delhi,Zepto,Bike,15,4603.38,11.5,1,Post-Monsoon,Extreme Heat,0.25,0.1,0.35,0.451,650.7,0.223,1,0,0.4051,28.493442,76.867854,0.531,2.6,40.8,103,4,0.755,0.164,1,0,0,0.3125,0.0625,64.83,3,450,59,MANUAL_REVIEW,1
C008962,W00874,EVT0059,44,Gurgaon,Swiggy,Bike,40,3683.47,8.8,0,Summer,Severe Pollution,0.3,0.2,0.5,0.13,463.2,0.079,0,0,0.3904,28.645476,77.396857,0.244,28.7,34.7,132,4,0.573,0.176,1,0,0,0.8333,0.1667,61.09,4,600,68,MANUAL_REVIEW,1
C008970,W00106,EVT0342,30,Dwarka,Blinkit,Bike,16,4828.52,8.0,0,Summer,Social Disruption,0.22,0.2,0.42,0.299,779.4,0.267,1,1,0.3294,28.225327,76.752351,0.362,25.2,26.8,224,6,0.733,0.041,0,1,0,0.3333,0.0667,65.22,3,450,68,MANUAL_REVIEW,1
C008975,W00292,EVT0420,21,Saket,Blinkit,EV Scooter,9,3002.26,8.9,0,Winter,Social Disruption,0.14,0.05,0.19,0.184,936.3,0.117,0,0,0.3449,28.855442,76.900598,0.441,21.5,32.7,73,3,0.616,0.112,1,0,0,0.1875,0.0375,57.6,1,150,56,MANUAL_REVIEW,1
C008982,W01363,EVT0354,22,Gurgaon,Blinkit,Bike,37,4244.75,7.4,0,Post-Monsoon,Heavy Rainfall,0.3,0.1,0.4,0.303,1184.6,0.076,1,0,0.2511,28.237713,77.025857,0.396,28.9,36.7,246,8,0.535,0.207,1,1,0,0.7708,0.1542,59.22,5,750,62,MANUAL_REVIEW,1
C009000,W00417,EVT0391,40,West Delhi,Blinkit,EV Scooter,25,4398.87,11.1,0,Monsoon,Extreme Heat,0.25,0.3,0.55,0.497,884.9,0.112,1,1,0.3773,28.451365,77.514884,0.519,4.4,37.1,125,5,0.761,0.01,1,1,0,0.5208,0.1042,67.3,2,300,60,MANUAL_REVIEW,1
C009001,W01066,EVT0349,22,South Delhi,Zomato,Bike,1,3531.86,10.5,0,Monsoon,Flooding,0.1,0.3,0.4,0.009,1431.1,0.09,1,1,0.0979,28.677845,77.149458,0.456,22.0,25.5,134,7,0.841,0.072,0,0,0,0.0208,0.0042,71.54,4,600,82,AUTO_REJECT,1
C009005,W00207,EVT0191,33,South Delhi,Zomato,Bike,8,2454.96,8.3,1,Monsoon,Social Disruption,0.1,0.3,0.4,0.353,1703.2,0.046,1,0,0.1903,28.461908,76.967544,0.335,19.1,31.2,353,3,0.774,0.079,1,0,0,0.1667,0.0333,64.39,3,450,54,MANUAL_REVIEW,1
C009007,W01927,EVT0211,44,Faridabad,Swiggy,Bicycle,23,3773.07,9.1,0,Post-Monsoon,Flooding,0.32,0.1,0.42,0.103,1380.3,0.081,1,1,0.1423,28.046777,76.814998,0.448,2.1,32.5,145,4,0.487,0.019,1,0,0,0.4792,0.0958,63.0,4,600,72,AUTO_REJECT,1
C009020,W01903,EVT0270,21,Gurgaon,Zomato,Bike,15,4341.7,10.9,0,Post-Monsoon,Heavy Rainfall,0.3,0.1,0.4,0.416,467.2,0.107,0,0,0.507,28.986193,76.971457,0.291,29.1,27.4,231,5,0.477,0.085,1,1,0,0.3125,0.0625,63.94,5,750,57,MANUAL_REVIEW,1
C009021,W00805,EVT0411,27,South Delhi,Instamart,Bike,9,2790.5,10.9,0,Post-Monsoon,Extreme Heat,0.1,0.1,0.2,0.027,1314.7,0.226,0,0,0.2362,28.29144,76.623293,0.29,2.6,29.3,190,4,0.681,0.276,1,0,0,0.1875,0.0375,55.11,3,450,72,AUTO_REJECT,1
C009022,W01547,EVT0397,41,Noida,Swiggy,EV Scooter,16,3647.36,8.8,0,Monsoon,Flooding,0.28,0.3,0.58,0.263,1386.2,0.257,1,1,0.223,28.434345,76.936108,0.567,9.2,37.5,57,6,0.888,0.035,1,1,0,0.3333,0.0667,72.17,2,300,67,MANUAL_REVIEW,1
C009035,W01549,EVT0327,37,Connaught Place,Blinkit,Bike,38,3627.8,8.7,0,Summer,Social Disruption,0.15,0.2,0.35,0.169,1659.4,0.244,1,0,0.1431,28.916351,77.408634,0.299,18.5,37.1,51,6,0.551,0.205,0,0,0,0.7917,0.1583,60.41,6,900,69,MANUAL_REVIEW,1
C009040,W01438,EVT0250,34,Gurgaon,Blinkit,Bicycle,18,3186.31,12.4,0,Monsoon,Flooding,0.3,0.3,0.6,0.431,1427.2,0.032,1,0,0.2615,28.076592,77.168813,0.299,12.1,30.7,51,6,0.382,0.333,0,0,0,0.375,0.075,74.67,4,600,58,MANUAL_REVIEW,1
C009046,W01481,EVT0238,42,Lajpat Nagar,Instamart,Bike,27,4601.15,9.0,0,Summer,Social Disruption,0.12,0.2,0.32,0.327,478.9,0.105,0,0,0.4695,28.371415,76.83926,0.5,16.7,33.1,343,6,0.525,0.13,1,1,0,0.5625,0.1125,56.92,2,300,60,MANUAL_REVIEW,1
C009048,W00542,EVT0269,29,Gurgaon,Zepto,Bicycle,33,3675.06,6.0,0,Post-Monsoon,Social Disruption,0.3,0.1,0.4,0.152,1498.5,0.23,1,1,0.159,28.802227,77.285007,0.564,14.7,28.8,255,6,0.351,0.299,1,1,0,0.6875,0.1375,58.41,5,750,62,MANUAL_REVIEW,1
C009053,W00754,EVT0302,21,West Delhi,Zomato,Bike,7,4379.28,10.2,0,Post-Monsoon,Severe Pollution,0.25,0.1,0.35,0.192,1962.4,0.089,1,0,0.0913,28.124501,77.034042,0.515,21.6,25.0,271,2,0.407,0.019,0,1,0,0.1458,0.0292,64.02,5,750,59,MANUAL_REVIEW,1
C009055,W00560,EVT0437,36,Faridabad,Blinkit,Bike,7,4661.13,7.4,0,Post-Monsoon,Flooding,0.32,0.1,0.42,0.532,1153.0,0.078,1,1,0.3476,28.636985,77.29969,0.386,18.3,26.8,108,9,0.531,0.017,1,1,0,0.1458,0.0292,67.24,2,300,62,MANUAL_REVIEW,1
C009059,W00940,EVT0151,21,East Delhi,Zepto,Bike,47,3664.66,6.9,1,Monsoon,Heavy Rainfall,0.35,0.3,0.65,0.248,1496.1,0.096,0,0,0.2844,28.338212,77.135553,0.055,2.2,32.7,160,4,0.564,0.241,1,0,0,0.9792,0.1958,64.91,5,750,63,MANUAL_REVIEW,1
C009061,W00581,EVT0037,30,Dwarka,Zepto,Bike,28,4085.73,9.1,0,Summer,Flooding,0.22,0.2,0.42,0.281,667.2,0.047,1,1,0.317,28.851911,77.430794,0.426,28.1,27.2,198,7,0.714,0.201,1,0,0,0.5833,0.1167,63.22,5,750,66,MANUAL_REVIEW,1
C009062,W00986,EVT0380,34,North Delhi,Swiggy,EV Scooter,44,3800.14,9.0,0,Post-Monsoon,Heavy Rainfall,0.2,0.1,0.3,0.168,1827.9,0.111,1,0,0.1041,28.452782,76.667551,0.507,20.3,34.6,155,4,0.432,0.307,0,0,0,0.9167,0.1833,50.83,2,300,56,MANUAL_REVIEW,1
C009064,W00849,EVT0462,36,East Delhi,Swiggy,Bike,14,3061.28,9.8,1,Winter,Extreme Heat,0.35,0.05,0.4,0.395,1825.0,0.01,1,0,0.1853,28.510857,76.829633,0.306,2.1,31.3,139,4,0.75,0.057,0,0,1,0.2917,0.0583,64.71,5,750,55,MANUAL_REVIEW,1
C009066,W01620,EVT0334,34,North Delhi,BigBasket,Bicycle,21,3575.91,7.6,0,Summer,Social Disruption,0.2,0.2,0.4,0.164,1613.6,0.05,1,0,0.1286,28.418955,76.957267,0.313,19.9,40.5,134,2,0.692,0.077,0,0,0,0.4375,0.0875,61.1,5,750,64,MANUAL_REVIEW,1
C009068,W00616,EVT0198,26,East Delhi,Zepto,Bicycle,35,4897.63,9.4,0,Post-Monsoon,Heavy Rainfall,0.35,0.1,0.45,0.499,1148.3,0.137,1,1,0.3411,28.765368,76.744471,0.074,29.2,37.4,158,6,0.831,0.098,0,0,0,0.7292,0.1458,59.12,2,300,68,MANUAL_REVIEW,1
C009071,W00015,EVT0068,43,Dwarka,Instamart,Bike,37,5693.43,6.8,0,Winter,Severe Pollution,0.22,0.05,0.27,0.444,1015.6,0.032,1,0,0.3285,28.448839,77.228134,0.134,26.1,39.0,108,7,0.588,0.124,0,0,0,0.7708,0.1542,50.05,2,300,66,MANUAL_REVIEW,1
C009072,W01814,EVT0490,42,Lajpat Nagar,Instamart,EV Scooter,42,5039.04,8.3,0,Summer,Flooding,0.12,0.2,0.32,0.353,1892.5,0.097,1,0,0.167,28.044718,76.654182,0.04,29.0,29.3,120,4,0.46,0.249,1,0,0,0.875,0.175,52.36,4,600,69,MANUAL_REVIEW,1
C009081,W00248,EVT0008,42,Noida,Zomato,Bike,13,4193.95,9.3,0,Winter,Flooding,0.28,0.05,0.33,0.155,427.7,0.201,1,1,0.3179,28.350763,77.274486,0.105,22.3,26.2,156,4,0.76,0.143,1,0,0,0.2708,0.0542,61.72,6,900,72,AUTO_REJECT,1
C009082,W00784,EVT0111,42,North Delhi,Zepto,EV Scooter,12,4082.12,5.4,0,Post-Monsoon,Severe Pollution,0.2,0.1,0.3,0.462,893.5,0.116,1,0,0.3624,28.107437,76.613799,0.339,22.4,27.7,241,4,0.371,0.346,1,0,0,0.25,0.05,58.97,3,450,52,MANUAL_REVIEW,1
C009088,W00519,EVT0362,42,Faridabad,Zomato,EV Scooter,4,3696.77,8.7,1,Summer,Severe Pollution,0.32,0.2,0.52,0.296,962.1,0.23,1,0,0.2971,28.935382,77.342123,0.517,7.5,35.8,121,4,0.367,0.034,0,1,0,0.0833,0.0167,72.05,3,450,51,MANUAL_REVIEW,1
C009091,W00358,EVT0219,31,East Delhi,Blinkit,Bicycle,45,3038.44,9.2,0,Winter,Flooding,0.35,0.05,0.4,0.349,298.6,0.025,1,1,0.3973,28.435294,77.063996,0.27,3.9,39.4,214,4,0.657,0.286,1,0,0,0.9375,0.1875,58.52,3,450,67,MANUAL_REVIEW,1
C009094,W01704,EVT0481,26,Rohini,Blinkit,Bike,22,3608.17,7.7,1,Monsoon,Social Disruption,0.18,0.3,0.48,0.355,1254.0,0.154,1,0,0.2693,28.222829,77.537853,0.514,17.6,36.7,214,2,0.725,0.096,0,0,0,0.4583,0.0917,67.55,1,150,56,MANUAL_REVIEW,1
C009104,W00980,EVT0386,26,Faridabad,Blinkit,Bike,39,2974.58,8.6,0,Winter,Flooding,0.32,0.05,0.37,0.458,479.4,0.233,1,1,0.4346,28.044015,77.559194,0.548,22.1,31.6,312,2,0.828,0.044,1,0,0,0.8125,0.1625,54.53,4,600,51,MANUAL_REVIEW,1
C009107,W00503,EVT0053,24,Faridabad,Blinkit,Bike,1,2632.34,11.2,1,Monsoon,Severe Pollution,0.32,0.3,0.62,0.385,1273.4,0.158,0,1,0.3788,28.945885,76.824569,0.249,12.9,27.8,185,4,0.539,0.207,0,0,0,0.0208,0.0042,80.92,5,750,62,MANUAL_REVIEW,1
C009111,W01247,EVT0290,36,North Delhi,Zepto,Bike,20,3427.22,9.9,0,Post-Monsoon,Flooding,0.2,0.1,0.3,0.001,1070.2,0.142,1,1,0.1541,28.37155,76.7453,0.52,0.6,26.7,187,3,0.481,0.295,1,0,0,0.4167,0.0833,56.6,6,900,61,MANUAL_REVIEW,1
C009112,W01581,EVT0216,27,Dwarka,BigBasket,Bike,44,3356.17,6.3,0,Winter,Severe Pollution,0.22,0.05,0.27,0.177,360.1,0.21,1,0,0.3378,28.835003,77.350972,0.406,12.3,31.6,196,4,0.384,0.141,1,0,0,0.9167,0.1833,48.05,6,900,64,MANUAL_REVIEW,1
C009120,W00021,EVT0113,40,Saket,Swiggy,Bicycle,9,4259.88,7.8,0,Summer,Social Disruption,0.14,0.2,0.34,0.434,890.9,0.22,1,0,0.362,28.084114,76.852558,0.432,29.5,28.8,205,9,0.432,0.133,1,0,0,0.1875,0.0375,61.23,4,600,63,MANUAL_REVIEW,1
C009121,W00820,EVT0152,44,North Delhi,BigBasket,Bicycle,30,2596.35,9.3,0,Summer,Flooding,0.2,0.2,0.4,0.379,363.5,0.061,1,0,0.4032,28.23126,77.003048,0.22,23.5,38.4,50,4,0.737,0.087,0,0,0,0.625,0.125,59.82,3,450,66,MANUAL_REVIEW,1
C009130,W00228,EVT0380,38,South Delhi,BigBasket,Bike,37,3770.9,8.3,0,Post-Monsoon,Severe Pollution,0.1,0.1,0.2,0.257,1589.2,0.183,1,1,0.1827,28.25886,76.65732,0.539,1.2,29.8,184,4,0.395,0.289,1,0,0,0.7708,0.1542,51.2,4,600,58,MANUAL_REVIEW,1
C009131,W01929,EVT0389,21,North Delhi,Blinkit,Bike,14,3784.04,10.6,1,Winter,Flooding,0.2,0.05,0.25,0.363,339.4,0.187,1,1,0.413,28.242983,77.325165,0.522,11.1,38.0,237,2,0.533,0.038,0,1,1,0.2917,0.0583,57.15,3,450,52,MANUAL_REVIEW,1
C009133,W01813,EVT0437,43,Connaught Place,BigBasket,EV Scooter,3,4114.99,8.4,0,Winter,Flooding,0.15,0.05,0.2,0.305,1444.3,0.06,0,1,0.3114,28.149431,77.475848,0.338,13.0,33.3,173,4,0.808,0.096,0,0,0,0.0625,0.0125,52.95,3,450,59,MANUAL_REVIEW,1
C009137,W01560,EVT0048,25,Connaught Place,Blinkit,Bike,25,3295.55,10.0,0,Summer,Social Disruption,0.15,0.2,0.35,0.334,922.4,0.254,1,1,0.3206,28.511026,77.26742,0.092,23.2,37.3,248,2,0.54,0.173,1,0,0,0.5208,0.1042,60.75,5,750,66,MANUAL_REVIEW,1
C009140,W01840,EVT0354,34,Dwarka,Zomato,Bike,14,4157.19,10.7,0,Winter,Extreme Heat,0.22,0.05,0.27,0.052,1523.4,0.274,0,1,0.2197,28.767454,76.663092,0.085,2.5,36.8,115,4,0.842,0.106,0,1,0,0.2917,0.0583,60.33,3,450,73,AUTO_REJECT,1
C009143,W00729,EVT0346,23,Noida,Zepto,EV Scooter,43,4088.94,8.3,1,Winter,Social Disruption,0.28,0.05,0.33,0.034,1286.7,0.066,1,0,0.1272,28.126505,77.235779,0.336,23.5,35.9,368,6,0.605,0.07,1,0,0,0.8958,0.1792,55.31,3,450,78,AUTO_REJECT,1
C009149,W01233,EVT0311,37,Rohini,Blinkit,EV Scooter,24,4374.91,10.4,0,Winter,Flooding,0.18,0.05,0.23,0.136,1343.2,0.126,1,1,0.1655,28.328612,77.020477,0.095,2.3,29.9,315,7,0.398,0.301,0,0,0,0.5,0.1,51.4,6,900,79,AUTO_REJECT,1
C009153,W01234,EVT0066,31,Gurgaon,Zepto,EV Scooter,9,4413.37,10.5,1,Monsoon,Social Disruption,0.3,0.3,0.6,0.48,1066.2,0.196,1,1,0.3517,28.977941,77.032348,0.497,27.3,35.2,83,4,0.449,0.107,0,0,1,0.1875,0.0375,74.54,5,750,49,MANUAL_REVIEW,1
C009159,W01844,EVT0173,38,Lajpat Nagar,Zepto,Bike,9,3698.84,11.4,1,Monsoon,Heavy Rainfall,0.12,0.3,0.42,0.07,441.5,0.207,0,1,0.3825,28.477725,76.853815,0.461,11.7,32.7,210,4,0.773,0.082,1,0,1,0.1875,0.0375,67.13,2,300,61,MANUAL_REVIEW,1
C009162,W00365,EVT0468,36,Gurgaon,Zepto,Bike,28,2966.95,7.4,0,Post-Monsoon,Social Disruption,0.3,0.1,0.4,0.504,377.3,0.022,0,1,0.5472,28.875826,77.582299,0.107,26.2,34.3,129,2,0.497,0.049,1,0,0,0.5833,0.1167,62.98,5,750,51,MANUAL_REVIEW,1
C009172,W00442,EVT0186,27,Gurgaon,Swiggy,EV Scooter,47,3189.48,10.2,0,Post-Monsoon,Heavy Rainfall,0.3,0.1,0.4,0.47,1933.0,0.012,1,0,0.1993,28.95034,76.982153,0.396,10.6,31.7,240,5,0.692,0.319,0,0,0,0.9792,0.1958,53.75,2,300,65,MANUAL_REVIEW,1
C009174,W00113,EVT0177,28,East Delhi,Zomato,Bike,47,4814.0,10.2,0,Summer,Heavy Rainfall,0.35,0.2,0.55,0.303,1284.0,0.194,1,0,0.248,28.819483,77.148707,0.55,23.0,36.7,202,5,0.662,0.068,1,0,0,0.9792,0.1958,63.57,2,300,60,MANUAL_REVIEW,1
C009180,W00736,EVT0218,34,Saket,BigBasket,Bicycle,18,3739.93,8.2,0,Monsoon,Social Disruption,0.14,0.3,0.44,0.514,377.7,0.127,0,1,0.5616,28.85012,77.407434,0.274,12.0,31.3,61,5,0.473,0.243,0,1,0,0.375,0.075,65.99,2,300,56,MANUAL_REVIEW,1
C009182,W00702,EVT0040,31,Faridabad,Swiggy,Bicycle,40,4198.01,10.7,0,Summer,Social Disruption,0.32,0.2,0.52,0.274,567.7,0.046,0,1,0.429,28.427855,77.113041,0.443,8.7,38.4,361,5,0.657,0.118,1,0,0,0.8333,0.1667,64.52,5,750,57,MANUAL_REVIEW,1
C009188,W00169,EVT0203,37,Rohini,Swiggy,Bike,11,3283.15,8.0,1,Monsoon,Flooding,0.18,0.3,0.48,0.511,1503.1,0.182,1,1,0.2971,28.927586,77.357078,0.246,2.1,28.5,284,4,0.41,0.295,0,0,0,0.2292,0.0458,68.44,2,300,59,MANUAL_REVIEW,1
C009191,W00247,EVT0342,42,North Delhi,Zomato,Bike,8,3241.77,8.9,0,Winter,Heavy Rainfall,0.2,0.05,0.25,0.332,1346.6,0.02,1,0,0.2328,28.131791,76.718601,0.151,33.0,32.8,145,8,0.845,0.239,1,0,0,0.1667,0.0333,62.51,2,300,74,AUTO_REJECT,1
C009193,W01406,EVT0226,22,Faridabad,Swiggy,EV Scooter,39,4501.74,10.3,0,Summer,Severe Pollution,0.32,0.2,0.52,0.179,710.0,0.098,1,0,0.2749,28.316869,76.704628,0.074,11.2,32.1,212,6,0.64,0.299,0,0,0,0.8125,0.1625,62.99,4,600,76,AUTO_REJECT,1
C009196,W00199,EVT0175,24,Faridabad,BigBasket,Bicycle,46,1500.0,7.9,0,Post-Monsoon,Severe Pollution,0.32,0.1,0.42,0.462,1367.3,0.008,1,0,0.2805,28.29184,77.113798,0.275,1.6,27.7,195,6,0.451,0.244,1,0,0,0.9583,0.1917,57.72,4,600,65,MANUAL_REVIEW,1
C009200,W00760,EVT0477,41,Gurgaon,Swiggy,Bicycle,1,4294.95,9.1,0,Post-Monsoon,Extreme Heat,0.3,0.1,0.4,0.24,1839.3,0.117,1,0,0.1318,28.734017,77.403346,0.352,3.2,36.0,101,4,0.574,0.069,0,0,0,0.0208,0.0042,67.44,3,450,66,MANUAL_REVIEW,1
C009203,W00765,EVT0044,29,North Delhi,Swiggy,Bicycle,38,4616.37,7.3,0,Monsoon,Severe Pollution,0.2,0.3,0.5,0.395,829.4,0.038,1,1,0.3374,28.679969,77.233393,0.232,19.3,28.0,180,7,0.542,0.211,1,0,0,0.7917,0.1583,62.4,4,600,65,MANUAL_REVIEW,1
C009212,W01253,EVT0156,43,Lajpat Nagar,Instamart,Bike,29,4534.49,4.1,0,Winter,Severe Pollution,0.12,0.05,0.17,0.222,533.1,0.059,1,0,0.3147,28.182926,77.419099,0.036,28.1,34.6,295,5,0.656,0.274,0,0,0,0.6042,0.1208,52.74,1,150,80,AUTO_REJECT,1
C009214,W00677,EVT0435,28,Faridabad,BigBasket,Bike,15,2460.83,9.3,0,Summer,Extreme Heat,0.32,0.2,0.52,0.504,1863.2,0.233,1,0,0.2454,28.433481,76.918613,0.518,3.6,40.7,109,4,0.357,0.224,0,0,0,0.3125,0.0625,71.28,5,750,49,MANUAL_REVIEW,1
C009222,W00039,EVT0256,25,Saket,Zepto,Bike,3,3530.57,11.0,0,Post-Monsoon,Extreme Heat,0.14,0.1,0.24,0.211,862.3,0.074,0,1,0.3625,28.495487,77.386229,0.004,3.7,37.5,216,4,0.844,0.202,0,0,0,0.0625,0.0125,61.16,3,450,74,AUTO_REJECT,1
C009223,W01498,EVT0149,21,Faridabad,Instamart,Bike,23,2168.34,8.8,0,Summer,Severe Pollution,0.32,0.2,0.52,0.036,932.2,0.094,1,0,0.184,28.947082,76.964989,0.038,19.7,25.2,286,5,0.739,0.292,1,0,0,0.4792,0.0958,67.89,2,300,85,AUTO_REJECT,1
C009225,W01527,EVT0093,37,South Delhi,Swiggy,Bicycle,36,4071.43,10.6,0,Post-Monsoon,Heavy Rainfall,0.1,0.1,0.2,0.261,1379.3,0.118,0,0,0.3093,28.083491,77.490099,0.028,23.2,35.0,100,7,0.555,0.282,1,0,0,0.75,0.15,46.79,6,900,77,AUTO_REJECT,1
C009232,W00438,EVT0397,27,Noida,Instamart,EV Scooter,10,3895.34,8.7,0,Monsoon,Extreme Heat,0.28,0.3,0.58,0.164,426.4,0.047,1,0,0.3063,28.931684,77.466241,0.277,0.4,28.2,186,4,0.429,0.164,0,1,0,0.2083,0.0417,71.9,2,300,64,MANUAL_REVIEW,1
C009237,W00738,EVT0012,24,Faridabad,Instamart,Bicycle,2,4376.79,9.7,0,Post-Monsoon,Heavy Rainfall,0.32,0.1,0.42,0.153,1116.3,0.111,1,0,0.2049,28.015475,77.049521,0.514,13.2,28.9,183,2,0.796,0.085,0,0,0,0.0417,0.0083,69.7,1,150,59,MANUAL_REVIEW,1
C009239,W01659,EVT0319,41,South Delhi,Blinkit,Bike,34,3187.5,9.1,1,Summer,Extreme Heat,0.1,0.2,0.3,0.363,1228.3,0.22,1,0,0.283,28.783521,77.256209,0.352,0.3,31.4,291,6,0.699,0.325,0,1,1,0.7083,0.1417,55.38,3,450,62,MANUAL_REVIEW,1
C009244,W01657,EVT0444,23,Faridabad,Instamart,Bike,21,4009.75,7.2,1,Post-Monsoon,Heavy Rainfall,0.32,0.1,0.42,0.357,1740.8,0.256,1,1,0.2073,28.094369,76.956315,0.198,28.9,36.6,243,5,0.467,0.296,0,0,0,0.4375,0.0875,65.09,3,450,63,MANUAL_REVIEW,1
C009251,W01920,EVT0094,28,Saket,Zepto,Bike,36,3279.8,11.1,0,Winter,Social Disruption,0.14,0.05,0.19,0.335,725.9,0.061,1,1,0.3312,28.066909,76.977745,0.022,5.7,37.5,273,3,0.419,0.219,0,0,0,0.75,0.15,52.21,4,600,63,MANUAL_REVIEW,1
C009253,W00780,EVT0241,26,Lajpat Nagar,Swiggy,Bike,4,3627.21,11.1,0,Monsoon,Extreme Heat,0.12,0.3,0.42,0.292,1125.0,0.091,0,1,0.3571,28.949152,77.016027,0.517,3.7,36.3,216,8,0.45,0.299,1,0,0,0.0833,0.0167,69.64,3,450,57,MANUAL_REVIEW,1
C009258,W00995,EVT0051,32,Noida,BigBasket,Bicycle,16,3496.17,7.8,0,Monsoon,Heavy Rainfall,0.28,0.3,0.58,0.407,1937.1,0.166,1,0,0.1888,28.867816,77.01697,0.372,12.6,31.7,94,4,0.722,0.128,1,0,0,0.3333,0.0667,70.19,5,750,56,MANUAL_REVIEW,1
C009259,W00796,EVT0016,30,East Delhi,Zomato,Bike,5,4557.12,9.8,1,Post-Monsoon,Social Disruption,0.35,0.1,0.45,0.409,1486.8,0.241,1,0,0.2647,28.887527,77.418899,0.313,13.5,29.9,145,5,0.377,0.01,1,0,0,0.1042,0.0208,70.0,5,750,60,MANUAL_REVIEW,1
C009260,W01763,EVT0256,27,North Delhi,Swiggy,Bicycle,2,4002.2,5.6,0,Summer,Social Disruption,0.2,0.2,0.4,0.457,505.6,0.109,0,1,0.5179,28.468229,76.958646,0.02,3.8,30.2,155,5,0.556,0.194,1,0,0,0.0417,0.0083,72.84,3,450,68,MANUAL_REVIEW,1
C009267,W00620,EVT0324,24,East Delhi,Zepto,Bike,34,4325.48,11.0,0,Summer,Extreme Heat,0.35,0.2,0.55,0.05,1249.3,0.242,1,0,0.1568,28.030719,76.986147,0.419,1.5,32.4,153,6,0.716,0.25,0,0,0,0.7083,0.1417,63.57,4,600,75,AUTO_REJECT,1
C009268,W00015,EVT0450,43,Dwarka,Instamart,Bike,37,5693.43,6.8,0,Post-Monsoon,Severe Pollution,0.22,0.1,0.32,0.063,1650.2,0.08,1,1,0.0857,28.700493,77.150557,0.179,19.5,35.0,365,8,0.625,0.327,0,0,0,0.7708,0.1542,52.53,1,150,81,AUTO_REJECT,1
C009270,W01652,EVT0344,38,East Delhi,Blinkit,Bike,28,2924.12,9.6,0,Summer,Extreme Heat,0.35,0.2,0.55,0.188,1700.3,0.107,1,1,0.1309,28.043587,77.164508,0.273,2.7,31.0,159,6,0.9,0.088,0,0,0,0.5833,0.1167,67.31,4,600,79,AUTO_REJECT,1
C009272,W01978,EVT0430,20,East Delhi,Swiggy,Bike,9,5088.96,10.1,0,Post-Monsoon,Severe Pollution,0.35,0.1,0.45,0.068,320.0,0.267,1,0,0.3059,28.563775,77.404771,0.329,21.8,34.9,271,4,0.767,0.242,0,0,0,0.1875,0.0375,67.62,3,450,76,AUTO_REJECT,1
C009273,W01438,EVT0373,34,Gurgaon,Blinkit,Bicycle,18,3186.31,12.4,0,Monsoon,Flooding,0.3,0.3,0.6,0.546,1436.9,0.226,0,1,0.4255,28.124782,77.50638,0.4,14.5,25.4,177,7,0.867,0.277,1,0,0,0.375,0.075,72.76,1,150,59,MANUAL_REVIEW,1
C009275,W01405,EVT0471,41,Faridabad,Zomato,Bike,20,3978.66,7.5,0,Winter,Severe Pollution,0.32,0.05,0.37,0.424,791.5,0.049,0,0,0.4558,28.460225,76.935868,0.461,20.8,40.8,337,4,0.803,0.209,1,0,0,0.4167,0.0833,60.17,3,450,47,MANUAL_REVIEW,1
C009276,W01539,EVT0004,29,Rohini,Zomato,EV Scooter,1,3980.58,7.2,0,Monsoon,Extreme Heat,0.18,0.3,0.48,0.479,1014.0,0.119,0,1,0.4514,28.125818,77.025958,0.065,4.9,41.0,226,7,0.7,0.279,1,1,0,0.0208,0.0042,71.15,4,600,65,MANUAL_REVIEW,1
C009278,W01605,EVT0383,28,Rohini,Zepto,Bike,46,3063.59,10.0,0,Monsoon,Extreme Heat,0.18,0.3,0.48,0.315,758.9,0.16,0,0,0.4282,28.153099,76.875304,0.095,5.0,36.1,137,5,0.528,0.331,1,1,0,0.9583,0.1917,55.88,2,300,65,MANUAL_REVIEW,1
C009280,W01750,EVT0175,23,Saket,Instamart,EV Scooter,15,3549.91,9.2,0,Post-Monsoon,Social Disruption,0.14,0.1,0.24,0.37,1498.6,0.05,0,1,0.3282,28.052074,77.351918,0.401,4.7,34.5,221,10,0.635,0.014,0,0,0,0.3125,0.0625,60.56,2,300,71,AUTO_REJECT,1
C009281,W00939,EVT0449,30,Dwarka,Swiggy,Bike,12,2180.05,8.8,1,Summer,Extreme Heat,0.22,0.2,0.42,0.5,1763.1,0.052,1,0,0.2407,28.944232,77.278694,0.402,3.6,34.2,185,3,0.69,0.02,0,1,0,0.25,0.05,67.12,4,600,48,MANUAL_REVIEW,1
C009282,W00246,EVT0199,35,West Delhi,Zomato,Bicycle,34,4094.9,7.5,0,Post-Monsoon,Severe Pollution,0.25,0.1,0.35,0.478,1502.2,0.199,1,1,0.2858,28.328967,76.793682,0.072,5.1,32.6,270,4,0.868,0.021,0,0,0,0.7083,0.1417,58.19,2,300,67,MANUAL_REVIEW,1
C009284,W00000,EVT0269,29,Connaught Place,Swiggy,Bike,37,3379.34,7.5,0,Summer,Social Disruption,0.15,0.2,0.35,0.389,1127.1,0.198,0,0,0.4063,28.34765,77.243628,0.51,28.1,29.1,255,5,0.758,0.007,1,0,0,0.7708,0.1542,55.49,2,300,56,MANUAL_REVIEW,1
C009286,W01260,EVT0234,26,Noida,Blinkit,EV Scooter,34,2715.88,10.1,1,Winter,Social Disruption,0.28,0.05,0.33,0.403,1724.7,0.175,1,1,0.22,28.902198,77.582943,0.218,3.3,38.3,70,2,0.805,0.252,1,0,1,0.7083,0.1417,52.0,5,750,55,MANUAL_REVIEW,1
C009291,W00715,EVT0484,44,North Delhi,Zomato,Bicycle,13,3012.44,9.4,1,Winter,Social Disruption,0.2,0.05,0.25,0.503,659.3,0.263,1,0,0.4286,28.907429,77.104318,0.172,6.5,30.6,244,2,0.49,0.15,0,0,0,0.2708,0.0542,58.23,3,450,56,MANUAL_REVIEW,1
C009292,W00032,EVT0286,20,South Delhi,Zomato,Bike,34,3621.15,10.1,0,Monsoon,Flooding,0.1,0.3,0.4,0.026,583.3,0.075,0,0,0.3304,28.638431,77.585803,0.432,17.3,42.0,67,4,0.818,0.05,1,1,0,0.7083,0.1417,58.8,3,450,65,MANUAL_REVIEW,1
C009295,W01286,EVT0184,30,East Delhi,Zepto,Bike,13,4570.31,9.3,0,Winter,Social Disruption,0.35,0.05,0.4,0.119,1638.3,0.26,1,0,0.1279,28.372516,76.665859,0.329,20.4,34.7,172,4,0.463,0.3,1,0,0,0.2708,0.0542,68.0,3,450,63,MANUAL_REVIEW,1
C009305,W01386,EVT0481,30,South Delhi,Blinkit,Bicycle,22,3828.37,8.3,0,Winter,Social Disruption,0.1,0.05,0.15,0.36,1856.7,0.261,1,1,0.1916,28.531133,76.708115,0.306,21.6,36.1,145,3,0.421,0.101,0,1,0,0.4583,0.0917,49.17,5,750,58,MANUAL_REVIEW,1
C009307,W01741,EVT0031,33,Lajpat Nagar,Zomato,Bicycle,43,4691.79,7.3,0,Monsoon,Extreme Heat,0.12,0.3,0.42,0.23,1705.3,0.119,1,1,0.1481,28.125851,77.130344,0.303,4.8,31.1,258,5,0.643,0.183,0,0,0,0.8958,0.1792,56.21,1,150,68,MANUAL_REVIEW,1
C009309,W00165,EVT0230,36,Noida,Instamart,Bicycle,4,5524.67,11.1,1,Summer,Social Disruption,0.28,0.2,0.48,0.483,281.3,0.011,0,1,0.5521,28.077664,76.694554,0.383,8.3,40.7,147,5,0.606,0.276,0,0,1,0.0833,0.0167,71.38,4,600,51,MANUAL_REVIEW,1
C009313,W00497,EVT0260,35,Saket,Swiggy,EV Scooter,29,3717.25,9.6,0,Summer,Social Disruption,0.14,0.2,0.34,0.306,1116.7,0.065,0,1,0.3614,28.698495,77.53552,0.423,6.8,32.7,215,5,0.881,0.064,1,0,0,0.6042,0.1208,54.06,6,900,61,MANUAL_REVIEW,1
C009316,W01168,EVT0426,42,East Delhi,Swiggy,Bike,23,2646.73,9.9,0,Post-Monsoon,Social Disruption,0.35,0.1,0.45,0.171,1267.6,0.168,0,0,0.2951,28.16068,77.504277,0.422,25.6,39.7,109,5,0.351,0.099,1,0,0,0.4792,0.0958,66.65,4,600,58,MANUAL_REVIEW,1
C009324,W00075,EVT0200,32,Faridabad,Zomato,Bike,24,3693.13,9.5,1,Summer,Social Disruption,0.32,0.2,0.52,0.444,864.3,0.178,0,0,0.4658,28.490962,77.138634,0.103,2.1,31.2,92,6,0.861,0.109,1,0,1,0.5,0.1,68.05,2,300,60,MANUAL_REVIEW,1
C009327,W01257,EVT0090,36,Rohini,Zepto,Bicycle,34,4837.12,9.1,0,Monsoon,Heavy Rainfall,0.18,0.3,0.48,0.426,737.8,0.205,1,1,0.3802,28.50424,77.551402,0.289,1.3,35.3,149,2,0.712,0.18,0,0,0,0.7083,0.1417,62.46,5,750,55,MANUAL_REVIEW,1
C009329,W00304,EVT0441,42,Noida,Instamart,Bike,35,4291.32,9.2,1,Winter,Severe Pollution,0.28,0.05,0.33,0.406,1315.8,0.23,1,0,0.288,28.099874,77.256335,0.518,26.7,37.5,188,5,0.459,0.009,1,1,0,0.7292,0.1458,57.89,3,450,56,MANUAL_REVIEW,1
C009338,W01187,EVT0364,20,Dwarka,Blinkit,EV Scooter,46,2908.02,5.2,0,Post-Monsoon,Flooding,0.22,0.1,0.32,0.012,616.8,0.117,1,1,0.224,28.527516,76.871737,0.563,11.5,30.7,115,5,0.898,0.087,1,1,0,0.9583,0.1917,55.38,6,900,77,AUTO_REJECT,1
C009342,W00094,EVT0428,34,Rohini,Blinkit,Bike,30,3400.91,11.7,0,Monsoon,Heavy Rainfall,0.18,0.3,0.48,0.064,401.9,0.098,1,1,0.2751,28.525378,77.421019,0.117,20.0,37.2,131,5,0.789,0.025,0,0,0,0.625,0.125,62.79,4,600,86,AUTO_REJECT,1
C009345,W01844,EVT0350,38,Lajpat Nagar,Zepto,Bike,9,3698.84,11.4,1,Monsoon,Flooding,0.12,0.3,0.42,0.541,1186.1,0.236,1,0,0.3621,28.890771,77.526538,0.547,23.7,38.2,238,5,0.744,0.145,1,0,1,0.1875,0.0375,66.21,3,450,47,MANUAL_REVIEW,1
C009352,W01448,EVT0205,33,Noida,Zepto,Bike,13,3691.47,10.8,0,Summer,Flooding,0.28,0.2,0.48,0.227,633.2,0.278,0,0,0.4236,28.637101,76.645466,0.437,28.8,41.6,370,4,0.45,0.009,0,0,0,0.2708,0.0542,71.68,4,600,53,MANUAL_REVIEW,1
C009359,W00294,EVT0220,37,Gurgaon,BigBasket,Bicycle,34,4642.37,9.5,0,Monsoon,Severe Pollution,0.3,0.3,0.6,0.505,1095.4,0.217,1,1,0.3594,28.518615,76.862475,0.402,15.6,33.8,58,6,0.545,0.031,1,0,0,0.7083,0.1417,66.32,4,600,53,MANUAL_REVIEW,1
C009363,W01471,EVT0270,20,Noida,Zomato,Bike,16,3758.16,9.8,1,Post-Monsoon,Extreme Heat,0.28,0.1,0.38,0.171,1035.4,0.242,1,0,0.2373,28.694816,77.083253,0.499,2.8,42.0,114,5,0.866,0.051,0,0,1,0.3333,0.0667,66.87,2,300,70,MANUAL_REVIEW,1
C009366,W01355,EVT0462,43,Gurgaon,Zepto,Bike,39,3643.46,8.5,1,Winter,Flooding,0.3,0.05,0.35,0.207,529.6,0.266,1,1,0.33,28.766127,77.017812,0.184,1.3,38.6,269,5,0.782,0.159,0,0,1,0.8125,0.1625,55.05,2,300,76,AUTO_REJECT,1
C009367,W01394,EVT0086,27,South Delhi,BigBasket,Bike,35,4018.42,7.9,0,Summer,Social Disruption,0.1,0.2,0.3,0.199,1551.7,0.104,0,1,0.2572,28.81887,77.420093,0.328,14.8,38.1,268,7,0.576,0.339,1,0,0,0.7292,0.1458,51.57,4,600,65,MANUAL_REVIEW,1
C009369,W00942,EVT0082,39,East Delhi,Blinkit,Bike,36,4194.46,6.9,0,Winter,Social Disruption,0.35,0.05,0.4,0.386,803.1,0.158,1,1,0.3497,28.176618,77.400411,0.339,24.8,35.6,169,4,0.738,0.217,0,0,0,0.75,0.15,57.57,4,600,62,MANUAL_REVIEW,1
C009372,W01444,EVT0186,39,Saket,Zomato,Bike,29,4374.95,9.0,0,Post-Monsoon,Severe Pollution,0.14,0.1,0.24,0.466,1375.3,0.26,1,0,0.3061,28.857435,77.594757,0.458,17.1,28.8,217,6,0.58,0.104,0,0,0,0.6042,0.1208,53.25,3,450,57,MANUAL_REVIEW,1
C009376,W00180,EVT0153,38,Saket,Swiggy,Bike,5,3836.82,10.6,1,Monsoon,Extreme Heat,0.14,0.3,0.44,0.383,414.1,0.019,0,1,0.493,28.801154,77.507092,0.409,3.3,33.3,112,0,0.691,0.0,1,0,0,0.1042,0.0208,64.29,2,300,46,MANUAL_REVIEW,1
C009379,W00376,EVT0412,29,South Delhi,Zomato,Bike,27,2853.23,12.0,0,Post-Monsoon,Severe Pollution,0.1,0.1,0.2,0.294,1132.1,0.175,0,0,0.3653,28.740956,76.739269,0.129,21.3,35.9,210,6,0.486,0.319,0,0,0,0.5625,0.1125,53.59,3,450,60,MANUAL_REVIEW,1
C009380,W00689,EVT0089,27,Connaught Place,Zomato,Bike,20,3051.15,7.3,0,Post-Monsoon,Extreme Heat,0.15,0.1,0.25,0.153,1767.1,0.183,1,0,0.1144,28.344918,76.660428,0.562,3.1,36.1,235,7,0.41,0.202,0,1,0,0.4167,0.0833,57.54,4,600,62,MANUAL_REVIEW,1
C009388,W00285,EVT0325,28,Faridabad,BigBasket,Bike,29,5214.32,12.5,0,Summer,Extreme Heat,0.32,0.2,0.52,0.496,866.5,0.049,1,0,0.3733,28.455843,77.465207,0.264,2.9,29.4,274,4,0.762,0.293,1,0,0,0.6042,0.1208,65.73,5,750,60,MANUAL_REVIEW,1
C009396,W00800,EVT0465,44,Gurgaon,BigBasket,Bike,42,4429.7,9.4,0,Winter,Social Disruption,0.3,0.05,0.35,0.103,1481.2,0.223,1,1,0.1413,28.072631,76.740899,0.097,2.1,31.2,335,7,0.561,0.096,1,0,0,0.875,0.175,58.63,4,600,80,AUTO_REJECT,1
C009397,W01482,EVT0334,31,South Delhi,Swiggy,Bike,12,3999.2,6.4,0,Winter,Heavy Rainfall,0.1,0.05,0.15,0.381,1097.7,0.275,1,1,0.3152,28.83262,77.539039,0.423,34.6,37.1,128,9,0.438,0.236,1,0,0,0.25,0.05,52.27,4,600,66,MANUAL_REVIEW,1
C009400,W01801,EVT0445,28,Noida,Zomato,Bike,6,3327.1,10.1,0,Winter,Social Disruption,0.28,0.05,0.33,0.237,554.8,0.254,1,0,0.337,28.680272,77.47603,0.346,15.7,41.3,346,6,0.555,0.003,1,0,0,0.125,0.025,64.5,5,750,72,AUTO_REJECT,1
C009409,W01683,EVT0419,27,Noida,Zomato,EV Scooter,17,4045.46,7.8,0,Summer,Flooding,0.28,0.2,0.48,0.451,1510.0,0.065,1,1,0.2604,28.229947,77.132772,0.263,26.9,35.5,339,7,0.637,0.142,1,0,0,0.3542,0.0708,67.91,6,900,72,AUTO_REJECT,1
C009420,W00632,EVT0494,30,Faridabad,Instamart,Bike,36,3402.42,9.6,0,Winter,Heavy Rainfall,0.32,0.05,0.37,0.215,1658.8,0.162,1,1,0.1534,28.900972,76.691328,0.089,3.7,35.3,220,5,0.729,0.226,1,0,0,0.75,0.15,55.62,2,300,77,AUTO_REJECT,1
C009421,W01406,EVT0082,22,Faridabad,Swiggy,EV Scooter,39,4501.74,10.3,0,Summer,Heavy Rainfall,0.32,0.2,0.52,0.415,915.7,0.166,0,0,0.4452,28.366856,77.011993,0.509,28.5,25.7,74,7,0.9,0.063,0,0,0,0.8125,0.1625,61.84,6,900,62,MANUAL_REVIEW,1
C009422,W00076,EVT0009,23,West Delhi,Zepto,Bike,29,4255.95,11.9,0,Winter,Social Disruption,0.25,0.05,0.3,0.178,867.1,0.198,0,1,0.3609,28.929997,77.404454,0.433,30.0,41.3,210,4,0.568,0.211,0,0,0,0.6042,0.1208,53.07,3,450,64,MANUAL_REVIEW,1
C009431,W00054,EVT0185,21,North Delhi,BigBasket,Bicycle,44,4754.78,8.8,0,Summer,Flooding,0.2,0.2,0.4,0.291,970.4,0.181,1,0,0.2889,28.907832,76.84848,0.456,28.2,27.9,111,6,0.459,0.027,1,0,0,0.9167,0.1833,53.54,5,750,65,MANUAL_REVIEW,1
C009433,W00616,EVT0174,26,East Delhi,Zepto,Bicycle,35,4897.63,9.4,0,Post-Monsoon,Social Disruption,0.35,0.1,0.45,0.123,341.8,0.245,1,0,0.3224,28.989108,76.981482,0.037,8.0,29.5,272,7,0.745,0.073,0,1,0,0.7292,0.1458,60.76,3,450,82,AUTO_REJECT,1
C009435,W01609,EVT0109,40,Faridabad,Swiggy,Bicycle,21,3486.13,6.2,1,Summer,Extreme Heat,0.32,0.2,0.52,0.116,320.9,0.258,0,1,0.4241,28.623139,77.536904,0.57,3.1,31.1,160,0,0.842,0.27,0,0,1,0.4375,0.0875,67.77,4,600,59,MANUAL_REVIEW,1
C009437,W00738,EVT0497,24,Faridabad,Instamart,Bicycle,2,4376.79,9.7,0,Monsoon,Severe Pollution,0.32,0.3,0.62,0.45,1319.6,0.116,0,1,0.3937,28.581076,77.000156,0.303,21.2,38.3,361,3,0.642,0.219,0,1,0,0.0417,0.0083,78.49,4,600,53,MANUAL_REVIEW,1
C009438,W00032,EVT0459,20,South Delhi,Zomato,Bike,34,3621.15,10.1,0,Post-Monsoon,Heavy Rainfall,0.1,0.1,0.2,0.372,361.2,0.087,1,1,0.4033,28.632259,76.742868,0.495,4.8,34.5,102,5,0.895,0.306,0,1,0,0.7083,0.1417,49.14,3,450,63,MANUAL_REVIEW,1
C009439,W01001,EVT0425,35,Lajpat Nagar,Swiggy,Bike,36,3441.69,10.9,0,Summer,Extreme Heat,0.12,0.2,0.32,0.182,362.0,0.19,1,1,0.3375,28.434632,76.819192,0.062,3.3,40.8,232,4,0.369,0.093,1,0,0,0.75,0.15,52.64,3,450,67,MANUAL_REVIEW,1
C009444,W00491,EVT0481,36,Saket,Zomato,Bike,14,4028.07,8.8,0,Post-Monsoon,Social Disruption,0.14,0.1,0.24,0.183,805.1,0.047,0,0,0.3571,28.735409,77.575594,0.101,21.4,32.4,63,5,0.785,0.223,1,0,0,0.2917,0.0583,57.22,1,150,73,AUTO_REJECT,1
C009450,W00921,EVT0423,42,Lajpat Nagar,Blinkit,Bike,29,3723.85,9.1,1,Summer,Social Disruption,0.12,0.2,0.32,0.419,1962.7,0.27,0,0,0.3002,28.407976,77.046886,0.052,26.1,29.6,70,5,0.385,0.35,1,0,1,0.6042,0.1208,55.45,3,450,60,MANUAL_REVIEW,1
C009457,W00059,EVT0409,26,North Delhi,Instamart,EV Scooter,37,3591.83,6.1,0,Winter,Flooding,0.2,0.05,0.25,0.001,861.0,0.035,1,0,0.1748,28.892812,77.134542,0.483,14.2,26.2,81,4,0.37,0.272,0,0,0,0.7708,0.1542,49.57,3,450,69,MANUAL_REVIEW,1
C009463,W00548,EVT0297,22,Faridabad,BigBasket,Bike,41,4313.34,10.3,1,Winter,Severe Pollution,0.32,0.05,0.37,0.232,1341.7,0.276,0,1,0.3191,28.312178,76.969742,0.271,6.5,40.9,148,3,0.773,0.326,0,0,1,0.8542,0.1708,54.32,5,750,61,MANUAL_REVIEW,1
C009464,W00247,EVT0379,42,North Delhi,Zomato,Bike,8,3241.77,8.9,0,Post-Monsoon,Extreme Heat,0.2,0.1,0.3,0.072,1057.1,0.074,1,1,0.1776,28.445006,77.298792,0.503,4.1,32.1,178,9,0.677,0.208,1,0,0,0.1667,0.0333,64.79,1,150,76,AUTO_REJECT,1
C009467,W00296,EVT0423,33,Connaught Place,Instamart,Bike,32,5358.39,6.5,0,Monsoon,Social Disruption,0.15,0.3,0.45,0.198,1634.8,0.191,0,0,0.2531,28.024813,77.042875,0.086,21.2,41.6,90,4,0.863,0.244,0,0,0,0.6667,0.1333,61.96,1,150,76,AUTO_REJECT,1
C009470,W01026,EVT0331,32,Lajpat Nagar,Instamart,Bicycle,2,3962.16,13.2,0,Monsoon,Flooding,0.12,0.3,0.42,0.118,1189.6,0.252,1,1,0.194,28.399487,77.256037,0.173,7.8,37.0,184,1,0.691,0.21,0,0,0,0.0417,0.0083,68.47,3,450,65,MANUAL_REVIEW,1
C009473,W01742,EVT0396,33,Rohini,BigBasket,Bike,1,3782.99,7.8,0,Winter,Social Disruption,0.18,0.05,0.23,0.125,424.5,0.08,1,1,0.2943,28.394899,76.768071,0.123,23.4,29.5,229,11,0.803,0.28,1,0,0,0.0208,0.0042,58.96,4,600,86,AUTO_REJECT,1
C009480,W01420,EVT0029,21,Gurgaon,Blinkit,Bicycle,17,3854.26,8.2,0,Summer,Social Disruption,0.3,0.2,0.5,0.083,1628.9,0.056,1,1,0.0945,28.139244,77.057666,0.211,21.7,25.3,378,4,0.37,0.031,1,1,0,0.3542,0.0708,69.0,5,750,69,MANUAL_REVIEW,1
C009482,W00524,EVT0134,27,Gurgaon,Blinkit,Bike,37,4191.12,10.5,0,Post-Monsoon,Extreme Heat,0.3,0.1,0.4,0.262,1487.7,0.047,1,1,0.1863,28.39974,77.498394,0.332,1.7,38.7,133,7,0.429,0.205,0,0,0,0.7708,0.1542,58.83,3,450,66,MANUAL_REVIEW,1
C009487,W00420,EVT0378,23,Saket,Zepto,Bike,47,3232.44,8.9,1,Post-Monsoon,Extreme Heat,0.14,0.1,0.24,0.294,398.5,0.003,1,1,0.3581,28.929369,77.421704,0.115,1.1,36.8,258,8,0.829,0.215,1,0,1,0.9792,0.1958,48.3,5,750,78,AUTO_REJECT,1
C009489,W00048,EVT0363,42,Rohini,Instamart,Bike,36,4301.52,8.2,0,Winter,Heavy Rainfall,0.18,0.05,0.23,0.474,316.3,0.084,1,0,0.4506,28.342635,77.069233,0.041,28.3,25.1,194,5,0.373,0.098,1,0,0,0.75,0.15,52.2,2,300,61,MANUAL_REVIEW,1
C009491,W01173,EVT0092,36,Lajpat Nagar,Zepto,Bike,22,3648.47,7.9,0,Summer,Heavy Rainfall,0.12,0.2,0.32,0.023,642.8,0.067,1,0,0.2195,28.649429,77.037861,0.5,4.7,31.8,116,7,0.702,0.068,1,1,0,0.4583,0.0917,57.03,1,150,71,AUTO_REJECT,1
C009492,W01198,EVT0353,44,Gurgaon,Instamart,Bike,3,3863.08,11.2,0,Monsoon,Heavy Rainfall,0.3,0.3,0.6,0.108,884.7,0.032,0,1,0.3137,28.27011,76.687621,0.14,29.8,32.4,229,6,0.445,0.004,1,1,0,0.0625,0.0125,79.78,3,450,75,AUTO_REJECT,1
C009493,W00585,EVT0048,38,West Delhi,Instamart,Bike,26,3557.21,10.6,1,Winter,Extreme Heat,0.25,0.05,0.3,0.119,1153.3,0.136,1,0,0.1882,28.404216,77.597605,0.227,0.5,34.6,299,4,0.7,0.179,1,0,1,0.5417,0.1083,56.26,4,600,76,AUTO_REJECT,1
C009496,W01223,EVT0282,41,Noida,BigBasket,Bike,20,2134.15,8.3,0,Post-Monsoon,Extreme Heat,0.28,0.1,0.38,0.438,1823.6,0.006,0,1,0.3023,28.713727,77.549882,0.229,2.2,39.3,275,4,0.827,0.209,0,1,0,0.4167,0.0833,62.9,2,300,57,MANUAL_REVIEW,1
C009509,W01959,EVT0446,35,Rohini,Zepto,Bike,45,3749.58,8.4,0,Summer,Extreme Heat,0.18,0.2,0.38,0.456,1628.7,0.149,1,0,0.253,28.421674,77.481523,0.447,0.2,33.6,265,4,0.722,0.093,1,0,0,0.9375,0.1875,56.74,2,300,57,MANUAL_REVIEW,1
C009512,W01475,EVT0337,41,Faridabad,Zepto,Bike,12,3846.1,10.8,0,Post-Monsoon,Heavy Rainfall,0.32,0.1,0.42,0.472,800.1,0.279,0,1,0.4967,28.286834,76.880605,0.302,28.4,31.6,156,8,0.541,0.083,0,0,0,0.25,0.05,67.47,4,600,61,MANUAL_REVIEW,1
C009515,W00307,EVT0407,35,Dwarka,Zepto,Bike,27,4410.58,9.6,0,Summer,Heavy Rainfall,0.22,0.2,0.42,0.163,1008.6,0.163,1,0,0.2302,28.375546,76.741618,0.207,31.9,28.3,221,5,0.45,0.249,1,0,0,0.5625,0.1125,60.01,1,150,68,MANUAL_REVIEW,1
C009519,W00747,EVT0457,42,West Delhi,Swiggy,Bike,18,4570.73,9.8,0,Post-Monsoon,Severe Pollution,0.25,0.1,0.35,0.47,432.0,0.119,1,0,0.4351,28.167456,76.695369,0.369,29.4,38.0,205,6,0.381,0.137,1,1,0,0.375,0.075,61.94,1,150,60,MANUAL_REVIEW,1
C009521,W00729,EVT0294,23,Noida,Zepto,EV Scooter,43,4088.94,8.3,1,Monsoon,Social Disruption,0.28,0.3,0.58,0.428,482.9,0.003,1,1,0.3991,28.445454,77.015128,0.128,5.2,36.2,139,7,0.637,0.316,1,1,1,0.8958,0.1792,63.82,2,300,74,AUTO_REJECT,1
C009529,W00377,EVT0272,37,West Delhi,Instamart,Bicycle,40,2135.0,7.6,0,Post-Monsoon,Flooding,0.25,0.1,0.35,0.05,1977.9,0.103,0,0,0.1336,28.397958,76.982644,0.577,1.9,26.5,252,2,0.683,0.071,0,0,0,0.8333,0.1667,53.77,3,450,55,MANUAL_REVIEW,1
C009533,W01235,EVT0266,24,Faridabad,Zepto,Bike,35,4488.23,8.6,0,Post-Monsoon,Flooding,0.32,0.1,0.42,0.251,975.1,0.242,0,1,0.3783,28.392493,77.127177,0.296,5.7,41.0,261,5,0.61,0.052,1,0,0,0.7292,0.1458,58.76,4,600,68,MANUAL_REVIEW,1
C009534,W00430,EVT0209,42,Faridabad,Instamart,Bike,42,4072.18,8.4,0,Winter,Heavy Rainfall,0.32,0.05,0.37,0.099,1675.1,0.042,1,0,0.0925,28.771656,77.036414,0.281,13.1,30.9,84,5,0.423,0.295,0,1,0,0.875,0.175,53.22,4,600,72,AUTO_REJECT,1
C009549,W00368,EVT0483,38,Saket,Swiggy,Bike,4,4103.66,6.4,0,Summer,Social Disruption,0.14,0.2,0.34,0.335,1014.1,0.143,1,1,0.2962,28.75566,76.879969,0.035,3.4,34.0,221,6,0.803,0.004,1,1,0,0.0833,0.0167,65.52,4,600,71,AUTO_REJECT,1
C009550,W00456,EVT0069,23,Dwarka,Zomato,Bike,32,4507.89,9.7,0,Winter,Extreme Heat,0.22,0.05,0.27,0.471,1754.2,0.059,1,1,0.2312,28.706894,77.099545,0.437,4.7,36.4,291,6,0.855,0.314,0,1,0,0.6667,0.1333,54.33,2,300,64,MANUAL_REVIEW,1
C009552,W00552,EVT0043,29,North Delhi,Instamart,Bike,2,4267.81,6.9,0,Post-Monsoon,Heavy Rainfall,0.2,0.1,0.3,0.265,853.8,0.087,0,0,0.3866,28.291744,77.180174,0.488,5.5,37.1,82,6,0.356,0.007,1,1,0,0.0417,0.0083,62.56,5,750,52,MANUAL_REVIEW,1
C009553,W01482,EVT0174,31,South Delhi,Swiggy,Bike,12,3999.2,6.4,0,Summer,Extreme Heat,0.1,0.2,0.3,0.052,1646.8,0.135,1,0,0.0873,28.967063,76.68537,0.012,3.4,30.9,89,10,0.869,0.008,1,0,0,0.25,0.05,59.91,1,150,94,AUTO_REJECT,1
C009560,W01786,EVT0371,22,Gurgaon,Blinkit,Bicycle,5,3318.93,11.8,0,Summer,Flooding,0.3,0.2,0.5,0.51,1460.5,0.035,1,1,0.2884,28.515309,76.70238,0.3,21.3,39.7,157,4,0.581,0.068,1,1,0,0.1042,0.0208,70.46,2,300,57,MANUAL_REVIEW,1
C009561,W01768,EVT0144,26,North Delhi,Blinkit,Bike,15,2880.29,7.1,1,Summer,Severe Pollution,0.2,0.2,0.4,0.537,1618.8,0.066,0,1,0.3786,28.802954,76.856573,0.535,16.6,27.1,97,10,0.357,0.056,1,1,0,0.3125,0.0625,65.88,3,450,52,MANUAL_REVIEW,1
C009563,W00677,EVT0482,28,Faridabad,BigBasket,Bike,15,2460.83,9.3,0,Monsoon,Extreme Heat,0.32,0.3,0.62,0.18,642.0,0.036,0,0,0.3793,28.0691,77.360172,0.355,2.0,37.4,118,5,0.527,0.117,0,0,0,0.3125,0.0625,72.9,4,600,62,MANUAL_REVIEW,1
C009566,W01405,EVT0254,41,Faridabad,Zomato,Bike,20,3978.66,7.5,0,Monsoon,Social Disruption,0.32,0.3,0.62,0.495,1168.2,0.083,1,1,0.3311,28.123779,76.821696,0.339,14.2,37.9,195,6,0.881,0.034,0,0,0,0.4167,0.0833,73.08,6,900,66,MANUAL_REVIEW,1
C009567,W00903,EVT0395,23,Noida,BigBasket,EV Scooter,15,2747.29,10.5,0,Winter,Social Disruption,0.28,0.05,0.33,0.526,1534.1,0.035,0,0,0.3838,28.989253,76.901547,0.307,23.2,25.4,279,7,0.365,0.048,1,0,0,0.3125,0.0625,60.65,6,900,55,MANUAL_REVIEW,1
C009568,W00639,EVT0277,31,Lajpat Nagar,Instamart,Bike,25,5753.69,9.2,0,Monsoon,Flooding,0.12,0.3,0.42,0.479,1738.2,0.137,0,1,0.3446,28.966566,76.861501,0.152,2.2,25.9,129,4,0.697,0.335,0,0,0,0.5208,0.1042,64.08,1,150,55,MANUAL_REVIEW,1
C009570,W01130,EVT0132,22,Connaught Place,Zepto,EV Scooter,25,3398.67,7.7,0,Monsoon,Social Disruption,0.15,0.3,0.45,0.494,914.1,0.201,0,1,0.4806,28.010285,77.573341,0.514,9.4,33.9,99,4,0.733,0.206,0,0,0,0.5208,0.1042,61.73,3,450,47,MANUAL_REVIEW,1
C009573,W01442,EVT0348,26,Faridabad,Instamart,EV Scooter,13,4346.36,7.9,0,Post-Monsoon,Social Disruption,0.32,0.1,0.42,0.066,1697.7,0.193,1,1,0.091,28.696938,77.193451,0.27,29.5,31.4,226,4,0.574,0.042,1,1,0,0.2708,0.0542,67.3,4,600,74,AUTO_REJECT,1
C009576,W00364,EVT0289,29,Saket,Blinkit,Bike,46,3932.34,8.8,0,Winter,Extreme Heat,0.14,0.05,0.19,0.109,1965.2,0.265,0,1,0.1753,28.042256,77.531449,0.365,4.0,29.6,149,5,0.809,0.132,1,0,0,0.9583,0.1917,46.14,5,750,68,MANUAL_REVIEW,1
C009579,W00884,EVT0282,39,Noida,Zepto,Bicycle,47,2453.1,8.0,0,Summer,Extreme Heat,0.28,0.2,0.48,0.208,1898.3,0.053,1,0,0.1038,28.87334,76.690923,0.138,4.2,33.7,221,7,0.718,0.238,0,0,0,0.9792,0.1958,60.79,5,750,75,AUTO_REJECT,1
C009582,W01037,EVT0451,35,West Delhi,Blinkit,Bike,30,3480.68,8.4,0,Summer,Flooding,0.25,0.2,0.45,0.189,1663.9,0.001,1,1,0.1261,28.508459,77.3034,0.005,3.4,26.8,260,5,0.827,0.301,0,1,0,0.625,0.125,66.08,3,450,86,AUTO_REJECT,1
C009587,W00850,EVT0143,32,North Delhi,Swiggy,Bike,10,2761.33,11.2,0,Summer,Flooding,0.2,0.2,0.4,0.104,983.9,0.15,1,1,0.209,28.806117,77.166284,0.417,23.9,36.8,155,6,0.36,0.301,0,1,0,0.2083,0.0417,64.86,6,900,67,MANUAL_REVIEW,1
C009594,W00418,EVT0353,20,South Delhi,Instamart,Bike,27,2954.58,9.2,0,Winter,Extreme Heat,0.1,0.05,0.15,0.063,1029.9,0.123,1,1,0.183,28.23289,77.002998,0.571,0.0,34.9,224,5,0.703,0.141,1,1,0,0.5625,0.1125,49.45,5,750,66,MANUAL_REVIEW,1
C009597,W01423,EVT0115,40,Faridabad,Zomato,EV Scooter,27,4242.14,8.3,0,Monsoon,Social Disruption,0.32,0.3,0.62,0.101,1060.2,0.002,0,1,0.2816,28.357004,76.940288,0.058,15.7,34.1,158,7,0.653,0.292,0,0,0,0.5625,0.1125,72.39,4,600,76,AUTO_REJECT,1
C009598,W00496,EVT0385,21,Rohini,BigBasket,Bike,24,3341.35,8.9,0,Winter,Social Disruption,0.18,0.05,0.23,0.251,1031.7,0.011,1,1,0.2467,28.714761,77.535718,0.157,14.0,38.2,304,5,0.4,0.255,1,1,0,0.5,0.1,52.12,3,450,74,AUTO_REJECT,1
C009608,W00781,EVT0181,33,Lajpat Nagar,Zomato,Bike,5,2102.16,7.8,1,Winter,Heavy Rainfall,0.12,0.05,0.17,0.501,1913.9,0.055,1,1,0.2188,28.317532,77.229437,0.362,18.9,29.8,227,5,0.528,0.292,0,0,1,0.1042,0.0208,53.63,3,450,57,MANUAL_REVIEW,1
C009610,W01735,EVT0337,23,Dwarka,Swiggy,Bike,32,4745.77,9.1,0,Summer,Extreme Heat,0.22,0.2,0.42,0.234,374.5,0.014,1,1,0.3388,28.152748,76.798662,0.426,1.3,37.5,187,5,0.867,0.076,0,0,0,0.6667,0.1333,60.25,4,600,70,MANUAL_REVIEW,1
C009618,W00862,EVT0152,22,West Delhi,Zepto,Bike,15,4603.38,11.5,1,Monsoon,Extreme Heat,0.25,0.3,0.55,0.365,1737.8,0.012,0,0,0.2865,28.415999,77.246555,0.575,1.5,37.5,289,5,0.869,0.282,1,0,1,0.3125,0.0625,69.22,3,450,57,MANUAL_REVIEW,1
C009620,W01853,EVT0151,31,Faridabad,Instamart,Bike,25,3476.11,8.0,1,Monsoon,Flooding,0.32,0.3,0.62,0.016,356.2,0.042,0,1,0.3572,28.667574,76.839809,0.302,11.7,41.2,229,8,0.633,0.346,0,1,1,0.5208,0.1042,70.49,1,150,72,AUTO_REJECT,1
C009623,W01514,EVT0225,42,Lajpat Nagar,BigBasket,Bike,28,4536.13,9.5,0,Winter,Extreme Heat,0.12,0.05,0.17,0.415,1700.5,0.107,0,1,0.3216,28.831531,76.663637,0.075,3.1,36.1,189,6,0.66,0.157,1,0,0,0.5833,0.1167,50.7,3,450,64,MANUAL_REVIEW,1
C009624,W00231,EVT0196,34,North Delhi,BigBasket,Bike,19,4336.92,8.2,1,Post-Monsoon,Extreme Heat,0.2,0.1,0.3,0.23,1877.5,0.129,0,1,0.2233,28.285441,76.827614,0.019,4.0,37.0,98,9,0.546,0.241,1,0,0,0.3958,0.0792,55.48,3,450,80,AUTO_REJECT,1
C009625,W01288,EVT0197,33,Dwarka,Zomato,Bike,36,4455.27,9.4,0,Monsoon,Extreme Heat,0.22,0.3,0.52,0.001,1565.4,0.238,1,0,0.0894,28.466452,77.221543,0.106,0.7,29.8,183,4,0.37,0.215,0,1,0,0.75,0.15,62.88,4,600,82,AUTO_REJECT,1
C009627,W00589,EVT0225,41,Dwarka,Blinkit,Bike,12,3944.35,8.2,0,Summer,Severe Pollution,0.22,0.2,0.42,0.498,532.7,0.075,1,1,0.4268,28.806534,77.081527,0.491,8.6,31.3,107,9,0.83,0.047,1,0,0,0.25,0.05,68.75,3,450,67,MANUAL_REVIEW,1
C009629,W00433,EVT0114,34,Faridabad,Instamart,Bike,34,3795.39,9.1,0,Post-Monsoon,Severe Pollution,0.32,0.1,0.42,0.324,1149.7,0.108,0,1,0.3679,28.567858,77.497942,0.05,14.9,32.2,349,4,0.691,0.166,1,0,0,0.7083,0.1417,59.91,5,750,68,MANUAL_REVIEW,1
C009630,W01644,EVT0041,25,Connaught Place,Zepto,Bicycle,11,3471.45,9.8,0,Summer,Severe Pollution,0.15,0.2,0.35,0.436,513.2,0.244,1,0,0.4218,28.38926,77.169425,0.152,7.9,33.8,100,4,0.785,0.276,1,1,0,0.2292,0.0458,65.21,1,150,64,MANUAL_REVIEW,1
C009632,W00803,EVT0416,36,Faridabad,BigBasket,Bike,33,3885.2,9.4,0,Summer,Severe Pollution,0.32,0.2,0.52,0.116,821.2,0.066,0,0,0.3298,28.903786,77.32662,0.154,2.5,40.1,54,4,0.721,0.264,1,0,0,0.6875,0.1375,62.01,5,750,71,AUTO_REJECT,1
C009634,W00745,EVT0011,34,Gurgaon,Zomato,Bike,15,3740.92,8.2,0,Winter,Extreme Heat,0.3,0.05,0.35,0.38,488.8,0.02,1,0,0.3807,28.882702,77.02586,0.137,4.8,29.6,90,4,0.865,0.054,1,0,0,0.3125,0.0625,61.92,4,600,67,MANUAL_REVIEW,1
C009635,W00430,EVT0129,42,Faridabad,Instamart,Bike,42,4072.18,8.4,0,Post-Monsoon,Social Disruption,0.32,0.1,0.42,0.083,1621.8,0.107,1,1,0.1006,28.89146,76.838284,0.182,17.0,27.1,233,6,0.423,0.158,0,0,0,0.875,0.175,55.86,6,900,75,AUTO_REJECT,1
C009636,W00460,EVT0295,28,Faridabad,Zomato,EV Scooter,47,4762.29,8.2,0,Monsoon,Social Disruption,0.32,0.3,0.62,0.374,422.6,0.139,1,1,0.4001,28.885632,77.404129,0.521,19.5,36.4,99,5,0.734,0.174,1,0,0,0.9792,0.1958,62.8,3,450,58,MANUAL_REVIEW,1
C009637,W00571,EVT0208,39,Lajpat Nagar,Zepto,Bike,10,5103.28,8.3,0,Monsoon,Social Disruption,0.12,0.3,0.42,0.083,1212.8,0.07,0,1,0.2583,28.23947,77.454335,0.27,29.9,33.5,318,6,0.417,0.046,1,1,0,0.2083,0.0417,69.57,3,450,72,AUTO_REJECT,1
C009643,W01786,EVT0356,22,Gurgaon,Blinkit,Bicycle,5,3318.93,11.8,0,Summer,Extreme Heat,0.3,0.2,0.5,0.201,1096.1,0.074,1,0,0.2234,28.011614,77.315552,0.295,3.2,34.1,243,5,0.894,0.042,1,0,0,0.1042,0.0208,76.74,2,300,78,AUTO_REJECT,1
C009644,W01847,EVT0398,24,East Delhi,Zepto,Bicycle,19,3075.66,8.7,0,Summer,Extreme Heat,0.35,0.2,0.55,0.294,510.5,0.118,1,1,0.3528,28.99318,77.274568,0.04,2.7,38.5,285,7,0.679,0.16,1,0,0,0.3958,0.0792,66.98,3,450,76,AUTO_REJECT,1
C009647,W00508,EVT0047,43,South Delhi,Swiggy,Bike,40,4095.16,7.5,1,Monsoon,Social Disruption,0.1,0.3,0.4,0.45,429.1,0.21,1,1,0.4366,28.399182,77.109268,0.194,21.5,31.7,312,6,0.7,0.208,1,0,1,0.8333,0.1667,59.11,6,900,67,MANUAL_REVIEW,1
C009652,W00704,EVT0477,34,Gurgaon,Instamart,Bike,3,3454.38,8.8,0,Post-Monsoon,Heavy Rainfall,0.3,0.1,0.4,0.327,735.6,0.215,1,1,0.342,28.152853,77.297899,0.104,13.1,28.8,56,3,0.502,0.267,1,0,0,0.0625,0.0125,66.04,3,450,65,MANUAL_REVIEW,1
C009656,W00784,EVT0265,42,North Delhi,Zepto,EV Scooter,12,4082.12,5.4,0,Summer,Heavy Rainfall,0.2,0.2,0.4,0.108,1765.1,0.093,1,1,0.0877,28.702636,77.592212,0.208,12.7,37.9,89,5,0.411,0.048,1,0,0,0.25,0.05,64.28,5,750,73,AUTO_REJECT,1
C009658,W01919,EVT0151,31,South Delhi,Instamart,Bike,16,3462.31,8.7,0,Post-Monsoon,Social Disruption,0.1,0.1,0.2,0.02,714.5,0.237,1,0,0.2245,28.363122,77.084985,0.379,26.1,36.6,295,3,0.842,0.027,0,1,0,0.3333,0.0667,53.83,4,600,79,AUTO_REJECT,1
C009661,W00093,EVT0430,35,Faridabad,Swiggy,Bike,47,2880.34,7.5,0,Summer,Extreme Heat,0.32,0.2,0.52,0.49,1823.9,0.216,1,1,0.244,28.850663,77.2626,0.492,4.5,30.3,262,2,0.844,0.132,1,0,0,0.9792,0.1958,64.28,2,300,51,MANUAL_REVIEW,1
C009663,W00441,EVT0040,43,Saket,Zepto,Bike,4,3019.71,10.1,0,Monsoon,Extreme Heat,0.14,0.3,0.44,0.247,981.8,0.015,0,1,0.353,28.917947,77.482536,0.285,2.0,30.9,179,5,0.576,0.032,1,0,0,0.0833,0.0167,68.74,3,450,67,MANUAL_REVIEW,1
C009664,W00184,EVT0084,29,South Delhi,Swiggy,EV Scooter,33,3652.94,10.1,0,Summer,Heavy Rainfall,0.1,0.2,0.3,0.052,400.7,0.163,0,0,0.377,28.594172,77.408449,0.575,37.2,33.4,157,7,0.887,0.042,1,1,0,0.6875,0.1375,53.39,3,450,70,MANUAL_REVIEW,1
C009668,W01830,EVT0291,33,Lajpat Nagar,Blinkit,Bike,1,2977.92,8.6,0,Winter,Extreme Heat,0.12,0.05,0.17,0.347,1804.4,0.108,1,0,0.1789,28.141891,76.986074,0.109,0.4,28.4,283,1,0.693,0.071,1,1,0,0.0208,0.0042,56.68,5,750,62,MANUAL_REVIEW,1
C009682,W01309,EVT0079,35,East Delhi,Blinkit,Bike,46,3474.97,11.6,0,Summer,Severe Pollution,0.35,0.2,0.55,0.343,1988.2,0.165,1,0,0.1555,28.553237,77.127039,0.22,13.0,35.4,194,6,0.601,0.058,0,0,0,0.9583,0.1917,60.49,1,150,68,MANUAL_REVIEW,1
C009683,W01791,EVT0024,20,North Delhi,Zepto,Bike,45,4311.57,8.3,0,Winter,Heavy Rainfall,0.2,0.05,0.25,0.503,750.4,0.246,1,1,0.4132,28.137164,77.362373,0.57,34.8,37.5,98,4,0.601,0.198,0,1,0,0.9375,0.1875,47.08,4,600,52,MANUAL_REVIEW,1
C009684,W01659,EVT0303,41,South Delhi,Blinkit,Bike,34,3187.5,9.1,1,Monsoon,Social Disruption,0.1,0.3,0.4,0.527,1111.9,0.009,1,1,0.3449,28.131537,77.2525,0.463,29.3,36.1,376,7,0.63,0.213,0,0,1,0.7083,0.1417,59.12,3,450,63,MANUAL_REVIEW,1
C009690,W00797,EVT0090,25,Gurgaon,Zepto,EV Scooter,36,2988.05,8.1,0,Winter,Severe Pollution,0.3,0.05,0.35,0.495,1336.4,0.091,1,0,0.3066,28.707396,77.293561,0.55,26.2,27.9,88,8,0.629,0.141,0,0,0,0.75,0.15,55.97,4,600,56,MANUAL_REVIEW,1
C009691,W00277,EVT0411,30,Rohini,Blinkit,Bike,42,3348.91,12.2,0,Winter,Heavy Rainfall,0.18,0.05,0.23,0.432,408.3,0.224,1,1,0.434,28.416103,76.631289,0.302,25.4,26.2,249,1,0.711,0.182,1,0,0,0.875,0.175,50.31,4,600,56,MANUAL_REVIEW,1
C009693,W00925,EVT0041,24,South Delhi,Instamart,Bike,41,2611.14,9.6,0,Summer,Extreme Heat,0.1,0.2,0.3,0.158,1971.9,0.113,0,1,0.1787,28.334716,76.601035,0.527,0.9,39.4,239,7,0.402,0.039,0,0,0,0.8542,0.1708,55.06,5,750,59,MANUAL_REVIEW,1
C009703,W00127,EVT0478,31,South Delhi,Zepto,EV Scooter,29,3146.87,8.7,0,Post-Monsoon,Heavy Rainfall,0.1,0.1,0.2,0.18,1441.0,0.048,0,0,0.2606,28.309169,76.955501,0.185,20.2,27.5,71,9,0.693,0.169,0,0,0,0.6042,0.1208,49.9,2,300,69,MANUAL_REVIEW,1
C009704,W01168,EVT0380,42,East Delhi,Swiggy,Bike,23,2646.73,9.9,0,Winter,Heavy Rainfall,0.35,0.05,0.4,0.108,492.8,0.131,0,0,0.3824,28.366626,77.415303,0.131,19.5,31.9,226,6,0.405,0.34,0,1,0,0.4792,0.0958,63.64,2,300,70,MANUAL_REVIEW,1
C009706,W00234,EVT0098,31,Faridabad,Instamart,Bike,18,4199.88,8.7,0,Winter,Extreme Heat,0.32,0.05,0.37,0.242,695.7,0.053,0,1,0.3977,28.201699,77.171428,0.38,0.5,28.6,287,7,0.611,0.154,0,1,0,0.375,0.075,64.49,3,450,66,MANUAL_REVIEW,1
C009707,W01156,EVT0062,43,Noida,Blinkit,Bike,14,3373.76,9.5,1,Winter,Flooding,0.28,0.05,0.33,0.128,1001.3,0.182,1,1,0.2192,28.028355,76.867552,0.064,27.8,31.1,105,11,0.883,0.304,0,0,0,0.2917,0.0583,59.8,4,600,97,AUTO_REJECT,1
C009713,W01422,EVT0070,21,Noida,Zepto,Bike,8,4954.39,10.3,0,Winter,Heavy Rainfall,0.28,0.05,0.33,0.537,743.9,0.042,1,1,0.4074,28.637356,76.813215,0.124,3.6,35.3,222,6,0.701,0.187,0,0,0,0.1667,0.0333,62.41,5,750,61,MANUAL_REVIEW,1
C009725,W00615,EVT0055,22,West Delhi,BigBasket,Bike,20,3647.62,9.0,0,Summer,Flooding,0.25,0.2,0.45,0.477,1944.1,0.007,0,1,0.2999,28.758516,77.364276,0.466,16.9,32.6,141,7,0.574,0.044,0,0,0,0.4167,0.0833,65.18,1,150,54,MANUAL_REVIEW,1
C009726,W00687,EVT0188,40,Dwarka,Zomato,Bike,41,3501.55,9.7,0,Monsoon,Extreme Heat,0.22,0.3,0.52,0.042,764.8,0.251,1,0,0.2272,28.435908,77.153083,0.005,0.9,39.3,83,5,0.411,0.22,0,0,0,0.8542,0.1708,62.02,5,750,81,AUTO_REJECT,1
C009731,W00668,EVT0036,24,West Delhi,Swiggy,Bike,38,5069.25,8.8,0,Monsoon,Flooding,0.25,0.3,0.55,0.268,304.4,0.011,1,0,0.3626,28.7874,77.244712,0.219,9.7,32.1,274,8,0.438,0.277,0,1,0,0.7917,0.1583,63.19,3,450,74,AUTO_REJECT,1
C009736,W01639,EVT0407,39,Dwarka,Swiggy,Bike,9,4697.53,10.4,0,Monsoon,Social Disruption,0.22,0.3,0.52,0.214,1158.9,0.029,1,1,0.2147,28.953967,76.628278,0.114,9.8,32.2,127,6,0.889,0.319,0,0,0,0.1875,0.0375,70.93,1,150,74,AUTO_REJECT,1
C009739,W01621,EVT0094,37,Gurgaon,Zomato,Bike,28,3616.98,4.9,0,Winter,Extreme Heat,0.3,0.05,0.35,0.474,700.9,0.033,0,0,0.4878,28.146731,77.333167,0.252,1.1,39.3,131,5,0.667,0.064,0,0,0,0.5833,0.1167,58.44,3,450,53,MANUAL_REVIEW,1
C009740,W00201,EVT0105,38,Dwarka,Swiggy,Bike,31,2943.07,6.5,0,Post-Monsoon,Severe Pollution,0.22,0.1,0.32,0.469,1731.7,0.176,0,0,0.3454,28.293198,77.193513,0.303,12.2,25.9,320,6,0.736,0.005,1,0,0,0.6458,0.1292,55.44,4,600,59,MANUAL_REVIEW,1
C009741,W01591,EVT0262,24,Connaught Place,Swiggy,Bike,23,4337.34,10.7,0,Winter,Flooding,0.15,0.05,0.2,0.14,687.3,0.083,0,1,0.3612,28.691729,76.692794,0.513,9.9,39.6,230,8,0.543,0.298,1,0,0,0.4792,0.0958,52.82,5,750,68,MANUAL_REVIEW,1
C009748,W00799,EVT0240,31,Gurgaon,Swiggy,Bicycle,42,3864.0,8.6,0,Summer,Extreme Heat,0.3,0.2,0.5,0.254,505.3,0.115,1,1,0.3373,28.280285,76.784862,0.028,1.5,41.3,107,6,0.36,0.012,0,1,0,0.875,0.175,62.31,6,900,70,MANUAL_REVIEW,1
C009750,W01461,EVT0327,38,South Delhi,Instamart,Bicycle,23,3236.42,9.3,0,Monsoon,Heavy Rainfall,0.1,0.3,0.4,0.311,438.6,0.029,0,1,0.4615,28.828872,77.258554,0.266,16.7,30.4,93,4,0.401,0.051,0,0,0,0.4792,0.0958,62.31,5,750,58,MANUAL_REVIEW,1
C009764,W00351,EVT0094,35,North Delhi,Swiggy,Bicycle,21,2361.12,11.2,0,Summer,Heavy Rainfall,0.2,0.2,0.4,0.196,1797.2,0.05,1,0,0.1138,28.031304,76.904847,0.069,26.7,34.8,195,8,0.782,0.234,0,0,0,0.4375,0.0875,59.72,4,600,83,AUTO_REJECT,1
C009767,W01614,EVT0213,41,South Delhi,Zepto,Bike,44,3739.23,9.2,0,Monsoon,Heavy Rainfall,0.1,0.3,0.4,0.301,700.8,0.092,0,1,0.4245,28.401954,77.50178,0.522,0.1,30.7,126,10,0.59,0.218,1,0,0,0.9167,0.1833,54.81,3,450,64,MANUAL_REVIEW,1
C009773,W00406,EVT0424,31,Connaught Place,Instamart,Bike,28,5359.63,8.6,0,Summer,Extreme Heat,0.15,0.2,0.35,0.123,1241.9,0.077,1,0,0.1706,28.396843,77.053144,0.251,2.7,40.0,99,4,0.47,0.167,1,0,0,0.5833,0.1167,56.34,4,600,67,MANUAL_REVIEW,1
C009774,W01641,EVT0481,25,Lajpat Nagar,Zepto,Bike,1,3731.74,11.6,0,Summer,Flooding,0.12,0.2,0.32,0.123,1471.9,0.012,1,1,0.1296,28.029142,76.68954,0.11,9.7,38.1,113,6,0.363,0.334,0,1,0,0.0208,0.0042,63.05,1,150,75,AUTO_REJECT,1
C009776,W00070,EVT0274,34,Dwarka,Instamart,Bike,3,4423.63,8.8,0,Monsoon,Flooding,0.22,0.3,0.52,0.078,457.5,0.122,1,0,0.2748,28.499798,76.668838,0.364,3.6,39.1,139,4,0.748,0.163,0,0,0,0.0625,0.0125,73.23,4,600,69,MANUAL_REVIEW,1
C009780,W00527,EVT0087,39,Connaught Place,Instamart,Bike,14,4044.53,7.6,0,Monsoon,Heavy Rainfall,0.15,0.3,0.45,0.021,291.9,0.142,1,0,0.2788,28.903303,77.567693,0.056,9.2,35.1,78,10,0.454,0.315,0,0,0,0.2917,0.0583,69.4,5,750,87,AUTO_REJECT,1
C009784,W00939,EVT0468,30,Dwarka,Swiggy,Bike,12,2180.05,8.8,1,Winter,Flooding,0.22,0.05,0.27,0.451,1022.4,0.184,1,0,0.3454,28.990031,77.253188,0.095,29.4,27.3,319,4,0.684,0.004,0,0,1,0.25,0.05,55.61,4,600,61,MANUAL_REVIEW,1
C009791,W01007,EVT0295,30,East Delhi,Zomato,Bicycle,42,4980.45,10.4,1,Post-Monsoon,Social Disruption,0.35,0.1,0.45,0.202,830.1,0.122,1,0,0.2685,28.224629,76.613775,0.204,19.3,25.6,284,3,0.862,0.292,1,0,1,0.875,0.175,57.45,3,450,68,MANUAL_REVIEW,1
C009792,W01933,EVT0132,38,South Delhi,Zomato,Bike,37,4119.23,7.8,1,Post-Monsoon,Heavy Rainfall,0.1,0.1,0.2,0.525,329.6,0.175,1,1,0.4781,28.34507,77.094783,0.443,5.0,33.0,86,1,0.704,0.316,1,1,1,0.7708,0.1542,48.55,5,750,48,MANUAL_REVIEW,1
C009796,W00713,EVT0269,22,West Delhi,BigBasket,Bike,19,4275.65,8.5,1,Winter,Severe Pollution,0.25,0.05,0.3,0.04,1193.0,0.115,1,0,0.1486,28.591746,76.961416,0.145,18.8,32.7,114,7,0.684,0.128,1,0,1,0.3958,0.0792,57.98,5,750,81,AUTO_REJECT,1
C009800,W01239,EVT0438,21,Rohini,Zepto,Bike,17,3648.57,8.2,0,Winter,Social Disruption,0.18,0.05,0.23,0.364,666.8,0.2,1,1,0.3656,28.965688,77.544228,0.313,12.4,26.1,108,7,0.582,0.167,0,0,0,0.3542,0.0708,54.15,4,600,70,MANUAL_REVIEW,1
C009801,W01794,EVT0244,37,South Delhi,BigBasket,Bicycle,30,4677.81,10.2,0,Post-Monsoon,Severe Pollution,0.1,0.1,0.2,0.519,920.3,0.036,1,1,0.3732,28.229573,76.900178,0.255,14.4,25.8,56,2,0.657,0.105,1,1,0,0.625,0.125,51.69,4,600,57,MANUAL_REVIEW,1
C009803,W00312,EVT0325,37,West Delhi,Swiggy,Bike,45,3994.9,9.6,0,Monsoon,Social Disruption,0.25,0.3,0.55,0.468,1212.5,0.18,1,0,0.3233,28.512282,76.668529,0.211,12.5,34.3,81,4,0.655,0.164,0,0,0,0.9375,0.1875,63.1,4,600,67,MANUAL_REVIEW,1
C009815,W01168,EVT0041,42,East Delhi,Swiggy,Bike,23,2646.73,9.9,0,Summer,Flooding,0.35,0.2,0.55,0.042,1793.7,0.016,1,0,0.0493,28.006287,77.591796,0.219,12.4,41.3,192,7,0.643,0.348,0,0,0,0.4792,0.0958,69.42,5,750,78,AUTO_REJECT,1
C009817,W00342,EVT0116,37,Connaught Place,Instamart,Bike,26,2710.64,8.6,0,Monsoon,Severe Pollution,0.15,0.3,0.45,0.17,787.6,0.075,0,0,0.3574,28.379455,76.807797,0.364,21.8,35.4,113,4,0.477,0.089,0,1,0,0.5417,0.1083,63.83,5,750,66,MANUAL_REVIEW,1
C009818,W00749,EVT0132,35,Noida,Zomato,Bicycle,22,2673.09,9.3,0,Summer,Severe Pollution,0.28,0.2,0.48,0.081,1741.6,0.139,1,1,0.0851,28.674152,76.629409,0.031,17.3,38.4,246,5,0.726,0.344,1,0,0,0.4583,0.0917,64.96,5,750,82,AUTO_REJECT,1
C009820,W00572,EVT0167,29,Dwarka,BigBasket,EV Scooter,41,3385.12,9.9,1,Post-Monsoon,Extreme Heat,0.22,0.1,0.32,0.08,1760.6,0.004,1,0,0.0683,28.372195,77.096588,0.364,3.3,31.4,153,4,0.465,0.111,1,0,1,0.8542,0.1708,55.52,3,450,68,MANUAL_REVIEW,1
C009823,W01261,EVT0344,32,Gurgaon,Swiggy,Bike,20,2804.74,7.2,0,Monsoon,Severe Pollution,0.3,0.3,0.6,0.189,699.2,0.242,1,0,0.2949,28.908965,77.12059,0.241,26.7,32.5,152,5,0.579,0.107,0,0,0,0.4167,0.0833,70.43,5,750,70,MANUAL_REVIEW,1
C009827,W00223,EVT0192,27,North Delhi,Instamart,Bicycle,4,3931.17,10.0,0,Winter,Heavy Rainfall,0.2,0.05,0.25,0.364,1334.5,0.128,1,0,0.2582,28.995782,77.550408,0.225,11.8,35.8,216,4,0.71,0.327,0,1,0,0.0833,0.0167,59.69,4,600,67,MANUAL_REVIEW,1
C009829,W01407,EVT0130,37,North Delhi,Zomato,Bike,22,4744.33,6.4,0,Monsoon,Social Disruption,0.2,0.3,0.5,0.442,1367.8,0.072,1,0,0.2788,28.640096,77.464365,0.224,13.0,29.5,113,2,0.647,0.264,1,0,0,0.4583,0.0917,71.91,4,600,53,MANUAL_REVIEW,1
C009840,W01458,EVT0088,22,Dwarka,BigBasket,Bike,10,4881.44,9.4,0,Monsoon,Extreme Heat,0.22,0.3,0.52,0.274,1035.0,0.134,1,1,0.2678,28.112912,77.172903,0.407,0.3,32.8,95,10,0.852,0.302,0,0,0,0.2083,0.0417,77.04,3,450,73,AUTO_REJECT,1
C009854,W01578,EVT0404,44,Connaught Place,BigBasket,Bike,35,3452.04,8.4,0,Summer,Social Disruption,0.15,0.2,0.35,0.236,1541.3,0.214,1,1,0.1846,28.156942,76.993486,0.455,28.0,29.2,117,6,0.894,0.186,1,0,0,0.7292,0.1458,57.02,4,600,71,AUTO_REJECT,1
C009863,W01473,EVT0205,37,Dwarka,Blinkit,Bicycle,32,4060.86,6.7,0,Summer,Social Disruption,0.22,0.2,0.42,0.444,667.6,0.199,1,1,0.3974,28.33316,76.841404,0.308,0.3,32.2,159,5,0.55,0.113,1,0,0,0.6667,0.1333,60.76,3,450,61,MANUAL_REVIEW,1
C009866,W00399,EVT0485,24,Dwarka,Zomato,Bike,38,3809.8,7.2,0,Winter,Extreme Heat,0.22,0.05,0.27,0.247,540.3,0.057,1,1,0.3235,28.662965,76.691725,0.073,2.5,30.8,233,6,0.663,0.309,1,0,0,0.7917,0.1583,53.06,3,450,79,AUTO_REJECT,1
C009869,W00100,EVT0023,31,Rohini,Zepto,Bicycle,32,2160.13,8.3,0,Post-Monsoon,Social Disruption,0.18,0.1,0.28,0.181,958.7,0.165,0,0,0.3451,28.101583,76.675479,0.528,22.9,41.2,233,3,0.686,0.099,1,1,0,0.6667,0.1333,55.73,3,450,57,MANUAL_REVIEW,1
C009871,W00784,EVT0225,42,North Delhi,Zepto,EV Scooter,12,4082.12,5.4,0,Winter,Heavy Rainfall,0.2,0.05,0.25,0.315,1423.1,0.168,1,1,0.2293,28.468834,77.577623,0.14,39.5,27.0,201,7,0.862,0.235,1,1,0,0.25,0.05,57.89,3,450,79,AUTO_REJECT,1
C009874,W01314,EVT0226,36,Saket,Instamart,Bike,17,2732.08,10.9,0,Summer,Heavy Rainfall,0.14,0.2,0.34,0.416,1316.2,0.107,0,0,0.3797,28.845592,77.228235,0.396,27.6,27.9,189,7,0.638,0.15,0,0,0,0.3542,0.0708,63.26,4,600,65,MANUAL_REVIEW,1
C009875,W01093,EVT0320,32,Gurgaon,Zomato,Bicycle,12,4497.23,8.9,0,Summer,Extreme Heat,0.3,0.2,0.5,0.078,1395.2,0.053,1,0,0.1272,28.899265,76.996993,0.116,4.1,37.5,99,5,0.419,0.203,0,0,0,0.25,0.05,65.66,3,450,72,AUTO_REJECT,1
C009884,W00869,EVT0279,39,West Delhi,Zepto,EV Scooter,33,2767.81,11.5,0,Summer,Social Disruption,0.25,0.2,0.45,0.385,1865.8,0.265,0,1,0.3006,28.993673,77.394654,0.015,16.7,25.1,91,4,0.765,0.288,0,0,0,0.6875,0.1375,63.88,3,450,63,MANUAL_REVIEW,1
C009885,W00164,EVT0316,32,East Delhi,Zepto,Bicycle,40,3101.32,6.0,0,Winter,Extreme Heat,0.35,0.05,0.4,0.464,1254.0,0.218,0,1,0.4193,28.05914,77.319473,0.115,1.5,38.7,204,11,0.789,0.082,0,1,0,0.8333,0.1667,57.15,1,150,76,AUTO_REJECT,1
C009913,W01005,EVT0116,34,Connaught Place,Zepto,Bike,42,4622.66,7.5,0,Winter,Heavy Rainfall,0.15,0.05,0.2,0.218,1011.0,0.029,0,0,0.3385,28.137006,77.265238,0.033,27.3,28.3,169,7,0.564,0.298,0,1,0,0.875,0.175,49.74,3,450,73,AUTO_REJECT,1
C009917,W01251,EVT0385,27,Lajpat Nagar,Zepto,Bike,42,4005.79,11.7,0,Summer,Social Disruption,0.12,0.2,0.32,0.317,516.7,0.2,1,0,0.3693,28.053302,76.645549,0.413,27.8,38.5,329,2,0.518,0.192,1,1,0,0.875,0.175,53.73,1,150,58,MANUAL_REVIEW,1
C009918,W00125,EVT0184,42,Saket,Blinkit,EV Scooter,40,2903.18,10.5,0,Post-Monsoon,Extreme Heat,0.14,0.1,0.24,0.021,768.0,0.187,1,0,0.2119,28.86223,76.842043,0.429,4.8,39.0,228,5,0.354,0.175,1,0,0,0.8333,0.1667,47.39,4,600,65,MANUAL_REVIEW,1
C009921,W00049,EVT0361,36,Connaught Place,BigBasket,Bike,21,4635.31,9.4,0,Monsoon,Social Disruption,0.15,0.3,0.45,0.289,1074.6,0.251,1,0,0.2795,28.143938,77.185755,0.167,24.7,39.9,111,7,0.893,0.119,0,1,0,0.4375,0.0875,64.56,1,150,76,AUTO_REJECT,1
C009922,W00342,EVT0183,37,Connaught Place,Instamart,Bike,26,2710.64,8.6,0,Winter,Severe Pollution,0.15,0.05,0.2,0.456,500.5,0.111,1,0,0.4184,28.364059,77.577175,0.177,22.2,31.3,220,5,0.488,0.215,0,0,0,0.5417,0.1083,52.78,1,150,64,MANUAL_REVIEW,1
C009923,W01682,EVT0290,23,East Delhi,Zomato,Bike,17,2985.61,8.3,0,Monsoon,Extreme Heat,0.35,0.3,0.65,0.521,1308.4,0.012,0,1,0.4133,28.626636,77.229795,0.331,3.0,42.4,253,4,0.796,0.111,1,1,0,0.3542,0.0708,75.75,4,600,56,MANUAL_REVIEW,1
C009926,W01789,EVT0367,39,West Delhi,Blinkit,EV Scooter,34,3367.74,7.6,0,Post-Monsoon,Severe Pollution,0.25,0.1,0.35,0.451,644.0,0.221,1,0,0.4059,28.581243,77.525081,0.022,3.6,35.9,294,9,0.497,0.288,1,0,0,0.7083,0.1417,55.66,2,300,74,AUTO_REJECT,1
C009928,W01949,EVT0368,28,Connaught Place,Zepto,Bicycle,6,4108.29,8.5,0,Winter,Flooding,0.15,0.05,0.2,0.196,738.1,0.058,1,0,0.2735,28.496936,77.141294,0.041,0.4,34.1,166,9,0.668,0.042,1,0,0,0.125,0.025,59.26,3,450,81,AUTO_REJECT,1
C009929,W00118,EVT0218,27,Connaught Place,BigBasket,EV Scooter,33,4905.77,9.1,0,Winter,Heavy Rainfall,0.15,0.05,0.2,0.357,1326.5,0.084,1,0,0.2522,28.593156,76.779816,0.55,3.7,30.0,202,7,0.838,0.177,0,0,0,0.6875,0.1375,48.59,3,450,60,MANUAL_REVIEW,1
C009930,W01879,EVT0331,40,Saket,Swiggy,Bike,2,4207.96,11.4,0,Post-Monsoon,Social Disruption,0.14,0.1,0.24,0.409,286.0,0.045,1,1,0.4252,28.919802,76.765241,0.088,28.3,40.1,104,2,0.55,0.101,0,1,0,0.0417,0.0083,56.65,4,600,59,MANUAL_REVIEW,1
C009932,W01810,EVT0426,43,East Delhi,BigBasket,Bike,10,3799.06,7.2,1,Winter,Social Disruption,0.35,0.05,0.4,0.366,1125.8,0.126,1,0,0.2901,28.122196,76.989632,0.326,20.2,37.4,111,6,0.37,0.04,1,1,0,0.2083,0.0417,67.08,3,450,64,MANUAL_REVIEW,1
C009934,W01142,EVT0429,27,South Delhi,Blinkit,Bike,24,2554.52,9.6,0,Monsoon,Severe Pollution,0.1,0.3,0.4,0.181,1224.6,0.052,1,0,0.1939,28.03716,77.122782,0.168,0.0,32.0,113,6,0.573,0.138,1,0,0,0.5,0.1,59.85,2,300,74,AUTO_REJECT,1
C009936,W01027,EVT0091,28,Dwarka,Swiggy,Bike,12,3232.95,9.8,0,Winter,Flooding,0.22,0.05,0.27,0.279,1593.2,0.275,1,1,0.2001,28.938854,77.337329,0.223,6.7,34.4,371,5,0.484,0.219,0,0,0,0.25,0.05,58.29,6,900,68,MANUAL_REVIEW,1
C009940,W00565,EVT0421,40,Rohini,BigBasket,Bike,19,2856.88,9.4,0,Monsoon,Heavy Rainfall,0.18,0.3,0.48,0.352,1346.0,0.264,1,0,0.2653,28.690279,77.054351,0.151,23.6,33.5,150,5,0.373,0.074,1,1,0,0.3958,0.0792,66.7,4,600,67,MANUAL_REVIEW,1
C009944,W00308,EVT0381,27,West Delhi,Blinkit,Bike,26,3132.82,7.7,0,Winter,Flooding,0.25,0.05,0.3,0.251,636.2,0.116,0,0,0.4166,28.844321,77.349661,0.423,1.0,29.6,281,10,0.636,0.059,0,1,0,0.5417,0.1083,56.36,4,600,66,MANUAL_REVIEW,1
C009948,W01994,EVT0377,34,Dwarka,Blinkit,Bicycle,9,4266.62,9.9,0,Monsoon,Flooding,0.22,0.3,0.52,0.352,1399.3,0.275,0,1,0.3584,28.52096,77.364605,0.068,29.5,25.6,260,7,0.816,0.007,1,0,0,0.1875,0.0375,72.76,3,450,75,AUTO_REJECT,1
C009949,W00252,EVT0039,34,Rohini,Swiggy,Bike,32,3086.86,10.3,0,Monsoon,Severe Pollution,0.18,0.3,0.48,0.401,1747.5,0.119,1,0,0.2102,28.24314,76.994866,0.354,8.9,38.6,309,6,0.407,0.148,1,0,0,0.6667,0.1333,62.54,4,600,54,MANUAL_REVIEW,1
C009953,W00331,EVT0150,36,West Delhi,Instamart,Bike,22,3166.05,10.0,0,Winter,Extreme Heat,0.25,0.05,0.3,0.023,852.0,0.051,0,0,0.2865,28.503431,77.077113,0.014,1.8,35.7,118,4,0.691,0.09,1,1,0,0.4583,0.0917,58.42,3,450,77,AUTO_REJECT,1
C009964,W01316,EVT0497,37,Connaught Place,Instamart,Bike,31,3541.38,9.9,0,Winter,Heavy Rainfall,0.15,0.05,0.2,0.055,1423.9,0.032,1,0,0.1116,28.266848,77.348237,0.52,0.6,32.1,240,5,0.363,0.0,1,1,0,0.6458,0.1292,53.04,1,150,67,MANUAL_REVIEW,1
C009967,W00525,EVT0175,33,West Delhi,Instamart,Bike,8,4312.15,8.2,0,Post-Monsoon,Flooding,0.25,0.1,0.35,0.045,1627.0,0.097,0,1,0.1837,28.40157,77.161516,0.214,14.4,25.5,292,7,0.376,0.223,0,0,0,0.1667,0.0333,64.4,4,600,68,MANUAL_REVIEW,1
C009968,W00526,EVT0472,23,Dwarka,Swiggy,Bike,7,4225.82,6.4,1,Monsoon,Social Disruption,0.22,0.3,0.52,0.001,1889.9,0.157,1,0,0.0326,28.340077,76.79545,0.188,0.4,36.6,156,9,0.538,0.131,1,0,0,0.1458,0.0292,72.17,1,150,82,AUTO_REJECT,1
C009969,W00127,EVT0048,31,South Delhi,Zepto,EV Scooter,29,3146.87,8.7,0,Post-Monsoon,Heavy Rainfall,0.1,0.1,0.2,0.538,318.0,0.095,1,0,0.477,28.00175,77.353754,0.294,15.1,26.1,196,10,0.828,0.305,0,0,0,0.6042,0.1208,53.98,2,300,72,AUTO_REJECT,1
C009972,W01919,EVT0034,31,South Delhi,Instamart,Bike,16,3462.31,8.7,0,Post-Monsoon,Extreme Heat,0.1,0.1,0.2,0.324,1611.9,0.137,1,0,0.2015,28.985184,77.35378,0.245,1.8,29.2,206,4,0.69,0.185,1,1,0,0.3333,0.0667,51.48,2,300,61,MANUAL_REVIEW,1
C009975,W00992,EVT0227,42,Rohini,Zomato,Bike,6,3500.48,10.2,0,Winter,Severe Pollution,0.18,0.05,0.23,0.536,1380.2,0.083,1,0,0.3157,28.500709,77.296048,0.418,17.3,26.3,346,5,0.726,0.158,1,1,0,0.125,0.025,59.93,4,600,56,MANUAL_REVIEW,1
C009977,W00234,EVT0025,31,Faridabad,Instamart,Bike,18,4199.88,8.7,0,Post-Monsoon,Extreme Heat,0.32,0.1,0.42,0.021,1367.1,0.118,1,1,0.1151,28.201094,77.121568,0.196,4.2,31.2,267,8,0.578,0.003,1,0,0,0.375,0.075,68.03,3,450,86,AUTO_REJECT,1
C009981,W00423,EVT0342,21,Saket,Zepto,Bike,16,5081.45,8.0,0,Summer,Heavy Rainfall,0.14,0.2,0.34,0.443,985.6,0.115,1,0,0.3409,28.001847,77.047122,0.383,2.0,34.7,125,4,0.48,0.212,1,0,0,0.3333,0.0667,62.0,3,450,57,MANUAL_REVIEW,1
C009983,W01096,EVT0306,27,Gurgaon,Instamart,Bike,27,3753.6,11.1,0,Winter,Heavy Rainfall,0.3,0.05,0.35,0.036,738.7,0.025,0,0,0.3061,28.728101,76.9968,0.271,8.1,26.8,92,5,0.878,0.32,1,0,0,0.5625,0.1125,65.99,3,450,81,AUTO_REJECT,1
C009984,W01840,EVT0075,34,Dwarka,Zomato,Bike,14,4157.19,10.7,0,Summer,Flooding,0.22,0.2,0.42,0.293,287.0,0.131,1,1,0.3872,28.439168,77.162808,0.244,17.5,27.0,185,5,0.459,0.288,1,0,0,0.2917,0.0583,64.26,3,450,64,MANUAL_REVIEW,1
C009987,W01308,EVT0245,31,Connaught Place,Instamart,EV Scooter,40,5099.04,8.5,0,Monsoon,Social Disruption,0.15,0.3,0.45,0.288,1398.0,0.189,1,1,0.2244,28.833319,76.671811,0.53,8.0,40.3,244,3,0.776,0.129,0,1,0,0.8333,0.1667,61.99,3,450,57,MANUAL_REVIEW,1
C009988,W01177,EVT0492,28,Faridabad,Blinkit,Bike,4,1500.0,8.2,1,Monsoon,Severe Pollution,0.32,0.3,0.62,0.095,1607.2,0.152,1,1,0.1121,28.583531,77.363695,0.245,29.6,26.7,186,5,0.49,0.092,1,0,0,0.0833,0.0167,75.34,2,300,70,MANUAL_REVIEW,1
C009989,W01374,EVT0025,39,Gurgaon,Zepto,Bike,13,3108.06,6.7,0,Summer,Social Disruption,0.3,0.2,0.5,0.159,842.3,0.074,1,0,0.2447,28.980563,77.052883,0.166,20.2,39.9,228,2,0.878,0.182,1,1,0,0.2708,0.0542,68.62,4,600,74,AUTO_REJECT,1
C009992,W01665,EVT0157,38,Gurgaon,Blinkit,EV Scooter,40,3494.34,9.1,0,Post-Monsoon,Extreme Heat,0.3,0.1,0.4,0.068,1081.2,0.206,1,0,0.1856,28.265138,77.529172,0.351,1.7,36.9,145,7,0.386,0.067,0,0,0,0.8333,0.1667,57.26,3,450,71,AUTO_REJECT,1
